match_id,radiant_win
6,0.8227281487112921
7,0.7536678334964498
10,0.1874587584015436
13,0.859613286600315
16,0.23992876092590332
18,0.37428665532392674
19,0.5301450890228137
24,0.5661775442329081
33,0.21345773012715133
37,0.6708212359042431
41,0.1573181271885685
42,0.32458034018469467
55,0.23196335172832727
60,0.6704971000067543
62,0.5505660439643111
63,0.5877379128061132
64,0.08995624472286665
71,0.5523431496018182
72,0.31274113872437936
83,0.49988159169607504
85,0.78118459450027
89,0.9298179858211154
92,0.755035024125947
100,0.9582927918472846
102,0.8826392652042419
108,0.5344953649822202
111,0.7762466943084352
126,0.1798818263774875
130,0.05210080929041992
140,0.787493998781508
141,0.2537655361830574
152,0.837452084315916
153,0.7371559278469111
159,0.5526639094284541
160,0.5829436806837786
163,0.6010279072803045
178,0.5561487275822073
179,0.35719053041669835
181,0.678113752031177
196,0.1468280765063742
206,0.11571231774903194
209,0.5420603985150263
216,0.5501606826582998
228,0.07624415525726425
230,0.4164802389978094
242,0.7173415126916673
245,0.16797611560116885
261,0.4981119776215064
274,0.47551853476394884
282,0.7372311132212557
289,0.5207108784697059
296,0.0928395753015237
297,0.6053837112519718
302,0.30106869085489146
304,0.022666376607778392
313,0.7971955277383761
316,0.49135175213836774
317,0.4134897853325248
344,0.8779092973748452
348,0.7447188127386862
352,0.5010229328818003
354,0.5523123465233896
361,0.4496588524479612
362,0.21825961600660382
363,0.7417558731866958
365,0.39951787003366335
375,0.29736845592892736
380,0.3193592184788701
384,0.5350503145669131
394,0.7701795666891329
399,0.6055226506442289
404,0.7201558508066049
406,0.6612301087130518
430,0.14087059192216814
432,0.3307805554779156
443,0.46155096537616686
463,0.6092447499026912
467,0.5224304106452098
474,0.1903648314777996
488,0.2205728399263192
502,0.9078628773257449
503,0.26295585389242726
507,0.28710815524863376
508,0.3853852610000817
509,0.4446592832358586
516,0.3539986830646126
528,0.27344371065671147
542,0.6201706090720011
547,0.17487352880152895
552,0.5501254098243109
555,0.6123168448078637
561,0.6334399279775951
569,0.8037590496166722
575,0.9485977432354297
576,0.8101199501496711
582,0.1846050888137834
585,0.438227562722709
586,0.5588016107527998
590,0.7970423352469393
592,0.22156405898303289
598,0.39300148708868876
599,0.26648181185477954
600,0.7302817801101684
601,0.5524748095810972
603,0.3078003117021096
617,0.4633466862175752
628,0.46114773409923293
634,0.13670217212951435
635,0.3034923341986798
639,0.4199943000964205
644,0.6537162636623453
646,0.744732895872747
650,0.08462182679393104
659,0.8317244137484868
663,0.37074399105055367
668,0.6414637540617671
670,0.40133854917975964
678,0.4190017076394469
679,0.27190718135756176
686,0.7789497835637587
694,0.2743160104962978
696,0.8957824097421527
702,0.890116977602119
709,0.38152419810668114
712,0.3563904217901104
723,0.21970609815859612
729,0.42230898594305494
733,0.7334897370704927
735,0.3839717293951414
737,0.3631516754784699
749,0.6895605133219919
752,0.47671159958039805
767,0.9178430400484756
771,0.11757177208765725
778,0.48896201591942834
780,0.7480665575992838
790,0.4965695132994256
797,0.3607762422327281
802,0.320009480248566
805,0.7076159998856386
807,0.7756494523262731
808,0.8442307695406456
811,0.3371150638105671
815,0.12693953359366728
820,0.7530929085812011
838,0.15928805342242003
861,0.15251853800105994
886,0.22646736513703877
889,0.10375002493930342
904,0.6426069689469098
913,0.43901653578694294
928,0.6931006176943512
931,0.6072835288887178
932,0.670839055217284
945,0.7396955348791948
953,0.8503183594871248
955,0.34467339537494146
970,0.5355899195372668
972,0.4127910342143537
978,0.5735215098093814
982,0.7871638621796655
983,0.7211263151259856
984,0.3309409231655954
987,0.5478507688509797
1000,0.6175577266373212
1006,0.5999633657803456
1014,0.7469606557615105
1030,0.536782987141325
1037,0.7270521209544023
1044,0.6158561283292896
1046,0.794589723353984
1048,0.4007572901304523
1053,0.8594416991771037
1057,0.6910523362775788
1077,0.8811726983137105
1085,0.9630477041392254
1087,0.739827051533834
1088,0.7333270000716886
1096,0.10800034091631373
1098,0.9591711095894853
1100,0.1037811543740382
1113,0.7184850536093423
1119,0.7273674668075041
1127,0.5110419375625197
1142,0.3602733652998751
1148,0.35071952661665207
1157,0.20683473677702993
1158,0.765807587294878
1163,0.41056379672602683
1167,0.6581275193341481
1168,0.3354673844976803
1181,0.05826770472988953
1183,0.23028221326767143
1191,0.5650500916017271
1192,0.1649339181895722
1198,0.78331693413086
1216,0.1666531584712437
1218,0.6507881850956537
1221,0.9646247174623067
1222,0.32233224664330645
1225,0.14522152373957845
1226,0.4376141499179528
1230,0.20200716432769564
1242,0.7546808796233156
1247,0.6699450563597652
1253,0.3212118529803253
1259,0.602482502938071
1271,0.8569936468244543
1282,0.5303654856933355
1284,0.9463525564377497
1293,0.4137790539823817
1294,0.606434913109611
1298,0.44333484287603087
1306,0.6096064773142185
1316,0.7154292594108573
1321,0.3115834932340443
1331,0.41083594081564556
1336,0.18511515166806985
1341,0.5507532759793711
1348,0.5057659935662138
1356,0.8580520889414596
1384,0.27617724578549435
1389,0.6094125947586588
1391,0.6160475867494707
1413,0.8016798948430486
1419,0.6190296864704862
1426,0.8289351542941876
1440,0.6628332598938486
1445,0.5807370670116783
1465,0.4077402362344176
1470,0.4794221127562094
1472,0.4703381634349589
1484,0.5509684401033265
1485,0.10369574856337313
1486,0.8924026487540602
1488,0.5678168680116292
1498,0.03972661595863936
1508,0.6495814828635486
1518,0.8431689877454023
1526,0.22553425900870772
1527,0.7590018895765711
1528,0.2287031264488607
1540,0.6282097544182522
1546,0.4645565699760404
1551,0.7902270844581981
1564,0.7418746578294033
1565,0.8846856766445725
1568,0.9307249006210051
1572,0.6487270057621348
1573,0.11125313831579459
1581,0.41881549744323954
1585,0.8896059383071143
1588,0.2575698237752406
1595,0.22000406389852087
1596,0.26716477952562684
1603,0.29944917008154287
1615,0.6129016039007115
1621,0.4628797896939654
1623,0.250745399242054
1630,0.4155648990130503
1636,0.66713154975007
1642,0.21228624612300082
1654,0.7474744075321106
1657,0.8813952159097996
1665,0.39254141716047086
1666,0.7811576150459196
1676,0.7281660650874012
1678,0.5204781019663178
1683,0.5061179220624493
1685,0.06387685904418965
1687,0.015235568841132769
1690,0.216843220240047
1702,0.3968244604151271
1703,0.23376254580992978
1714,0.3081942754405608
1716,0.5679772459657823
1726,0.17805126121261933
1748,0.2991240986434508
1750,0.20842418314041633
1762,0.9491077356431467
1765,0.10782663473764989
1767,0.5349046278014564
1773,0.34203945045226336
1774,0.18430028723959926
1776,0.6534311247068457
1782,0.8291825497538691
1799,0.49991828636008334
1803,0.49266338722177416
1811,0.40610528627360176
1820,0.4474656987463351
1823,0.7937374198719644
1864,0.6924504940787201
1871,0.5228197683673931
1874,0.08004980725876425
1878,0.3357652316885449
1888,0.6950625784686977
1895,0.8161125848758266
1896,0.44581800510024455
1899,0.5398521890841304
1901,0.5634563072716967
1903,0.6464790837001628
1913,0.16143086421036562
1935,0.7877299037098371
1946,0.23241843667406434
1958,0.8009710164786521
1960,0.5464605923522308
1968,0.3327434722626892
1969,0.5376787533263147
1973,0.25303965054279615
1974,0.4982873847518097
1977,0.43031325906831913
1992,0.6310404634817619
1995,0.18975626741288984
2001,0.772851258563542
2017,0.4845028924232711
2018,0.22636633357160968
2020,0.3546570620408551
2021,0.2971541706058327
2027,0.40005258698476703
2036,0.5576291182201658
2040,0.1822343472684655
2041,0.16132260707977933
2047,0.9074565101439469
2049,0.3265599626532285
2059,0.28220794340043337
2066,0.2646426431200726
2068,0.522610468619743
2069,0.7201658133635724
2081,0.4183506670313102
2083,0.550805611135552
2084,0.8869111870030975
2085,0.939267856752202
2096,0.45322451306710976
2104,0.18707612475205365
2105,0.15308999544644644
2110,0.35805144630788815
2112,0.08641649931425997
2115,0.5184485456031057
2120,0.14482758191140388
2121,0.13059968886528853
2125,0.8534725815674451
2128,0.6156571448900146
2129,0.3804266181238583
2138,0.5572996217895967
2159,0.7271189956602057
2160,0.20577331533284635
2180,0.6579593725493667
2181,0.5843329828059738
2183,0.7293568627286888
2189,0.15012392825177792
2192,0.4398151796638005
2193,0.8989175612607486
2197,0.12079840033834703
2201,0.42764862456321634
2206,0.837733795285434
2208,0.8175447204967784
2210,0.676476603738986
2212,0.6949169106373267
2220,0.5633177640763614
2226,0.5098313391501518
2227,0.05814289585289069
2229,0.37089162417714855
2233,0.19552450410035682
2234,0.8868906701972991
2237,0.3387385457072174
2238,0.5698471944238784
2246,0.35193676226447573
2248,0.2894964694216861
2265,0.37135725349406745
2268,0.39209354470819063
2270,0.6955338101058113
2276,0.8223021194920167
2278,0.8374294046549667
2290,0.6018637312304287
2298,0.3833501930104028
2305,0.10286552382493422
2320,0.6089482635408895
2325,0.4871693297188518
2329,0.8646605395425928
2342,0.6197022505257812
2352,0.18498458203080906
2387,0.6932538106956412
2397,0.20725056670197892
2399,0.6645564446579486
2401,0.6270732096419955
2404,0.2647785877186049
2411,0.6893441150672958
2422,0.6492034209651341
2424,0.7803233913463337
2425,0.21664470262292554
2429,0.1790081298701504
2433,0.550260294155185
2434,0.6645606775297475
2436,0.09751417419478127
2440,0.1100514032306226
2448,0.5516740496696902
2458,0.6464678570326993
2460,0.356281277295851
2466,0.6298188633993108
2473,0.42197329078241735
2479,0.3127006553455353
2493,0.18177243221547748
2504,0.18054778428433846
2524,0.7666335343270515
2526,0.9783725307440966
2531,0.29404752619482244
2532,0.07074212520854369
2546,0.49482124389159704
2561,0.8559709778740119
2565,0.15768627963119458
2570,0.5869976505244351
2579,0.6017432433262238
2581,0.20680454858738115
2592,0.7527484888068522
2593,0.37467355272352826
2594,0.27533119991137484
2618,0.7926145041305059
2628,0.3926603266373201
2638,0.45577203941516925
2647,0.6240206269541673
2654,0.7155692632444924
2655,0.5457287139868429
2669,0.21084007035629584
2674,0.5392356538829536
2677,0.6803014286680218
2687,0.3531522825728182
2689,0.23934256171564453
2694,0.6576662354667442
2702,0.27818443561240663
2704,0.9242572887597126
2706,0.8920930639454667
2712,0.09554243810300965
2716,0.4428480386023228
2727,0.27947194078143484
2729,0.34012139715364076
2738,0.8158535757495218
2739,0.2463890100817553
2745,0.7872872875649873
2759,0.7173219263852416
2766,0.7083529529528606
2767,0.4137816943624564
2773,0.23361128955611943
2778,0.6557461709259571
2783,0.47335790619029877
2788,0.6572148264141343
2792,0.583052091588539
2803,0.42054065462220996
2808,0.14900043088887396
2816,0.3414744889111658
2821,0.9448700015032155
2826,0.8277076247337941
2840,0.4614578411999597
2844,0.7915562135853509
2846,0.28055929734555
2847,0.40291961180934577
2857,0.7009622491850203
2861,0.17829882762448784
2888,0.5593806750116685
2903,0.6638932578107495
2904,0.3589330001932768
2907,0.21009011045178402
2909,0.29736017664255715
2910,0.4422156276512041
2915,0.5167323698259626
2918,0.6787298128660354
2920,0.4721220072844881
2926,0.20852708747758425
2929,0.9258370138048808
2947,0.5781956615657875
2950,0.6857652531565056
2952,0.4568925299046982
2953,0.3617209152864097
2956,0.31019243477462627
2961,0.5378597111245914
2962,0.9438009015336236
2967,0.22235733214345937
2973,0.6339960004025935
2974,0.44204093186609966
2981,0.5649772673192269
3001,0.26155176009977416
3006,0.08918931442963006
3007,0.6962634168936181
3008,0.6030817139025175
3014,0.4953459294261314
3022,0.5126693805073889
3032,0.5429068940393997
3033,0.8662781048713266
3043,0.48293775538515665
3048,0.16956047377122932
3061,0.2626391774062718
3063,0.3359416445659314
3087,0.5200800198883336
3088,0.4248531343207058
3096,0.06451840315369697
3102,0.11268541549729034
3111,0.6198120261743617
3119,0.727349369601093
3122,0.6388769776116098
3126,0.6746162902095109
3131,0.3737573083097647
3132,0.3950699764768683
3145,0.862376360879469
3154,0.6780875231381197
3178,0.5668045659956182
3186,0.3293238437177443
3187,0.5072657945223825
3189,0.37819035616231017
3191,0.9074910124814622
3192,0.9398139775419369
3199,0.4474300854466562
3211,0.4953507483295476
3224,0.4146211729557478
3225,0.44455038925191953
3231,0.5164694872602891
3235,0.4800013739500856
3237,0.6126078874665465
3240,0.1246102730304795
3242,0.5519571608361384
3254,0.8042218984515512
3256,0.4246614876847607
3257,0.37888585245350415
3289,0.5479122155143645
3294,0.3943272032803854
3301,0.40601409001636163
3302,0.34427359096850496
3314,0.3457720390957061
3326,0.5423301623940002
3332,0.7622689773293604
3345,0.5500558206407449
3349,0.6638753630972584
3357,0.7806541383605864
3380,0.4802468656026519
3389,0.6840012945965699
3397,0.9120238807467117
3399,0.5806472668862438
3407,0.8178667623845981
3411,0.2698672780269591
3413,0.5174528933625173
3417,0.26365547489154084
3418,0.057081055402232704
3426,0.8187861986229609
3443,0.12641703392577092
3456,0.8958526153201325
3464,0.7905826289563946
3467,0.7230579067914495
3473,0.6034549384826927
3479,0.08742754545203292
3481,0.853181423831296
3492,0.5618906192751156
3498,0.910386114885321
3499,0.39549079019448447
3505,0.7108649559939948
3529,0.4415146148681379
3535,0.37571320062148045
3540,0.26478604272283635
3561,0.6946615080077871
3564,0.9100734056480858
3574,0.5256804714188014
3590,0.7632113110430153
3592,0.26114098606063185
3596,0.893589828034756
3604,0.2003252201321958
3620,0.7055792940740432
3623,0.24087744660079904
3632,0.7607113042777692
3641,0.3068165978838029
3647,0.2060833084978441
3653,0.10787245412477943
3656,0.39147543262392553
3667,0.6734033436275867
3672,0.42771047330876943
3683,0.6658152726082391
3695,0.4557729095667033
3717,0.48936823365030646
3736,0.29535464827748137
3740,0.30473931453256153
3753,0.44597700422598
3769,0.6203800847732991
3771,0.5584334281760592
3787,0.8940374043305194
3790,0.37008292858529707
3792,0.8303074607438319
3801,0.27542994350624284
3806,0.7136295908699674
3812,0.06461336138727987
3815,0.8208154282679144
3840,0.7378482920014053
3846,0.5098880820286392
3858,0.5176568961819634
3872,0.2795666309610025
3873,0.18921898717694136
3874,0.5923703164736116
3876,0.8532472033445113
3880,0.6196055691976698
3882,0.40841404898099065
3894,0.6387792346401859
3901,0.8272516125061077
3902,0.722373923739127
3908,0.8194091778679464
3919,0.27637264776962217
3921,0.2229046849234782
3922,0.36415399270277904
3924,0.05816529862468903
3939,0.8351376034408542
3952,0.4235717925789151
3959,0.42030893418842646
3964,0.21847178773840892
3972,0.681033402524717
3978,0.917715546004711
3979,0.4930914449762544
3988,0.049985269537394385
3989,0.8154093413099665
3991,0.7251707677251893
3996,0.9302646032810578
4005,0.2584768599183409
4012,0.4461902626174257
4013,0.3115897031335162
4014,0.06904955886046032
4018,0.4832049581418666
4027,0.4027283553064687
4030,0.22067368696792167
4035,0.3888411705575373
4036,0.8828178302474947
4046,0.8591994875240732
4059,0.2835321842043019
4066,0.3794958156573014
4082,0.5316339524250044
4090,0.7081406019901262
4100,0.9270987803460019
4107,0.5039833195851529
4109,0.07312140212396875
4110,0.4779991662644535
4121,0.4484449530015263
4123,0.31196516629703364
4124,0.7727504692102721
4129,0.8935973763969052
4136,0.5336065358926516
4139,0.40807315823114126
4145,0.5714307256613784
4154,0.4742436890076667
4156,0.8636059880170358
4161,0.4209802495099143
4165,0.5180162528605677
4169,0.42520461873845344
4188,0.6926865116696087
4195,0.3828715135442489
4204,0.9237684903254499
4211,0.7738200716318846
4213,0.6670704004340682
4218,0.35482508529542583
4220,0.819801052316947
4222,0.04091485008881453
4227,0.6066430088464905
4229,0.9111140979794919
4233,0.4740090405602314
4239,0.8227047840075382
4242,0.5352234863175961
4249,0.6359126299584891
4260,0.8624627959497668
4263,0.8226029552706096
4265,0.6907096379401397
4267,0.4785664958069792
4276,0.9141483039545606
4278,0.6569553868092406
4279,0.19538910080452876
4280,0.047534113367988816
4281,0.3547592622890464
4282,0.7351059467057477
4288,0.1449489326753533
4306,0.45897746257867716
4308,0.24612312204124676
4309,0.4502170646851732
4313,0.4942519329814474
4320,0.9963741765925885
4324,0.40605447789031496
4334,0.6555519292442066
4341,0.3886404424160287
4349,0.19181999622471535
4353,0.6057959227371753
4354,0.5013380607578632
4356,0.2540165735043521
4366,0.3892780232946929
4371,0.697760074897451
4375,0.39141211270623244
4377,0.8465568766041204
4384,0.16885288260865705
4389,0.3643701869080996
4394,0.4216090536763385
4409,0.5058433693636408
4411,0.6162707268120307
4416,0.36533094164965496
4437,0.43793421420022044
4442,0.3624082576409935
4443,0.4461718196395336
4449,0.383422209364624
4457,0.36822577955209945
4459,0.49838806423657395
4472,0.23013021795228492
4475,0.6650204631352211
4476,0.7977138858612672
4482,0.465032418018734
4519,0.0399035993069393
4533,0.6615235753749208
4537,0.12164034838815674
4538,0.25354544935579904
4541,0.29266748820962046
4556,0.8500660122377252
4558,0.6642455640107185
4567,0.6531847523903616
4586,0.32260462161204334
4596,0.6096249765642594
4615,0.7567518120769706
4617,0.2854505851622978
4619,0.37407369165609144
4623,0.1285819962125368
4643,0.3331432391299222
4644,0.08199368275142804
4645,0.51789701929726
4655,0.06665430265800498
4658,0.7707632904293986
4667,0.07104085530791125
4669,0.48247382757798024
4674,0.3766276706979118
4691,0.10469770721133768
4704,0.48439915619741664
4708,0.7418068854001205
4733,0.9073540013869685
4745,0.13374310595917271
4748,0.239315106842725
4749,0.24526286110349527
4755,0.42516837208623615
4760,0.5645782591073627
4762,0.46774173607789543
4763,0.3679977793130918
4771,0.7167087416855962
4772,0.6701612735675184
4782,0.8958984876272412
4786,0.13929741020802147
4792,0.5661153962817567
4798,0.5213907387788403
4803,0.1628401512530103
4817,0.7065553103958987
4818,0.5432475231323098
4825,0.06858508837260933
4832,0.1219656644745093
4834,0.7209153147969845
4836,0.16065758826079737
4837,0.6641959736792844
4852,0.1449531219661041
4853,0.4224148853741229
4858,0.14346192116749465
4862,0.5864434202385028
4888,0.27924073818915257
4889,0.805979821820443
4893,0.5018587659728722
4897,0.849415409047713
4909,0.24277254871986204
4952,0.547884334542898
4961,0.4904637881406493
4969,0.8084406364715546
4972,0.4454142148723024
4998,0.3038551433206227
5029,0.8163288069835378
5031,0.35693947717952373
5041,0.2337335865932223
5044,0.43282781679537136
5045,0.536439453516317
5047,0.24690191815872947
5050,0.9526394486111013
5051,0.1738614136487518
5056,0.3674030675281579
5060,0.6296577638996869
5061,0.865565337617916
5064,0.4148933833912862
5069,0.8825270067132706
5073,0.5103247693120423
5074,0.9039737176657656
5077,0.08290325769731302
5099,0.4217417650034672
5120,0.8668750974334591
5125,0.6440739505836046
5137,0.14425998156978578
5146,0.654743128278062
5148,0.6444157739649845
5155,0.2740731125245976
5178,0.22532649509449199
5187,0.8957335681983359
5188,0.487711530208669
5198,0.17782880881439372
5205,0.2210862021721658
5210,0.22733048136366515
5212,0.3324112252867544
5214,0.2617995188076903
5215,0.48269555298815203
5217,0.1228961718235276
5219,0.022263281781039906
5227,0.3155592074615518
5233,0.8231345316413516
5241,0.5199701159373565
5257,0.6617356008971408
5259,0.27751968163642154
5262,0.28263354797613877
5266,0.36220942313313853
5275,0.5184597265148073
5291,0.5803607802325766
5299,0.4544225698336964
5302,0.5057213792387519
5304,0.6283870200520343
5310,0.3707834283631024
5325,0.21434160597935428
5332,0.6522419446092359
5341,0.3355713055066522
5343,0.5848282022130714
5349,0.24162653402418546
5350,0.36674123765166333
5365,0.7832906925590073
5367,0.4247120338247412
5372,0.20170249861023887
5385,0.474843688411002
5392,0.3789274662546545
5399,0.2501213709697704
5402,0.8803910585146569
5407,0.6242215785689119
5411,0.5038458653669571
5415,0.5814282564453562
5423,0.5899213977153521
5426,0.15895693425836033
5437,0.5720761239796772
5440,0.2833166582716992
5445,0.7426161001945263
5454,0.215880985326636
5460,0.7924343566408177
5470,0.706296905638547
5472,0.22838302539582983
5480,0.08108275479037674
5484,0.03180821436821222
5485,0.930872259491142
5497,0.7141345254345229
5501,0.6742656040284702
5513,0.5485038030213775
5563,0.3054772146954885
5564,0.4423746686582069
5570,0.6117023427721557
5582,0.3174789243049545
5616,0.6489687057055749
5617,0.5165539617377086
5619,0.393633619189401
5626,0.6339330785068217
5628,0.20197807390370393
5629,0.5166831262050758
5630,0.39139139997226263
5634,0.289182195539814
5646,0.18231378409647347
5650,0.4233311059533317
5664,0.9147490780034379
5666,0.7939026366484752
5678,0.9364140802067299
5687,0.24529097847105147
5691,0.6841653928980407
5694,0.5717042431354539
5703,0.34803462663300866
5709,0.19412493040031503
5711,0.18748589792914236
5718,0.4577588569515334
5724,0.761096290725761
5725,0.2556851187313937
5726,0.3153933344670769
5728,0.8149619646415995
5753,0.6853578617909208
5758,0.21526296856481694
5759,0.2200611589869854
5766,0.2494768674952462
5772,0.25783279320824826
5775,0.2681479677092867
5780,0.7974334527059197
5782,0.5983578990844287
5784,0.5906682699429804
5804,0.6337359253521172
5808,0.7907742167367371
5809,0.37620722284712715
5815,0.4328168006493343
5817,0.5947245718761519
5825,0.46593669878746696
5833,0.5496420845036024
5838,0.3332756712416834
5840,0.5424219514154788
5846,0.5948973301944633
5848,0.5151017559622693
5851,0.8071334844721209
5867,0.3016207425598683
5869,0.43278211747729345
5870,0.3936249239960053
5871,0.6677003145265537
5873,0.3420870999368658
5875,0.33648432318305377
5876,0.6200276481385757
5879,0.8692550761627406
5880,0.3832329858931047
5881,0.17592005911448622
5887,0.4458887993606075
5891,0.5895352719868149
5893,0.514611416872319
5907,0.7632077832743188
5909,0.24105757035408973
5915,0.048847889575334646
5917,0.517575326736984
5918,0.118331164054357
5929,0.6277807116969303
5935,0.7794945557889082
5938,0.3273905571163922
5940,0.41898913133337135
5942,0.12589579037489876
5950,0.6129202133711918
5963,0.1534079317812158
5968,0.5271287515930726
5969,0.7884494559066302
5970,0.38725286576750173
5978,0.40301199398522236
5987,0.7742271622619413
5990,0.2746274406579143
5997,0.877652853912367
5998,0.43923656237372777
6001,0.4194499228569201
6004,0.6190751972541809
6005,0.24017503051776576
6011,0.5434043590334626
6013,0.7090700123854552
6029,0.47659043102374815
6043,0.38051550836090725
6045,0.157734083945326
6049,0.22332789087614216
6051,0.705115115906353
6064,0.5202231757096358
6066,0.07215643906501741
6071,0.8655524461346833
6078,0.44049206782150113
6085,0.2679847791761624
6086,0.71809261849228
6095,0.3229113466868388
6103,0.24502528652343855
6105,0.29304254788432016
6106,0.7987042842844568
6107,0.4068986642653319
6111,0.7128319028391278
6114,0.801814352764852
6118,0.5200029610728447
6139,0.08311769344210089
6140,0.43335001659565114
6147,0.6191006384597318
6153,0.8441132819365781
6156,0.609806191602142
6158,0.3512541381758251
6163,0.33592018322527145
6165,0.5345305227804279
6176,0.5905885169842194
6178,0.5820848496167694
6182,0.37182525791149446
6199,0.17237689392973568
6207,0.24335170619234828
6220,0.4608559953600509
6223,0.40572972043513733
6227,0.2203840814813618
6235,0.6980452509155511
6246,0.555745027882042
6259,0.1956259214238617
6267,0.6690938878175438
6278,0.8260671783659319
6287,0.9116817610928171
6307,0.6321918191566962
6312,0.859312125498157
6314,0.47113309862218195
6315,0.42680536680266223
6316,0.09981997266793945
6321,0.563309313596594
6324,0.7416778756702598
6325,0.9673873142861709
6332,0.7064572202978497
6336,0.49139375471123603
6337,0.54808808741915
6341,0.684630832794921
6349,0.7950838994572089
6353,0.34804168765033255
6362,0.6910432395487265
6371,0.3520042884204148
6386,0.17565406301282294
6387,0.6256564814302139
6388,0.702599578459343
6389,0.7520097447429448
6391,0.6260737776580629
6410,0.330144714302634
6413,0.337364745740169
6421,0.41295552752283243
6428,0.6233724877682841
6429,0.4992086245627478
6433,0.4440328086180164
6438,0.52597727503998
6439,0.5903972431024309
6442,0.6786744101931365
6444,0.6725381999258776
6451,0.7669104549025472
6456,0.40907188013851997
6461,0.8282475950215928
6478,0.5376091184717187
6483,0.1086331806798835
6488,0.4181954679628114
6489,0.651651387516922
6498,0.893919022935401
6501,0.18910983341880272
6505,0.5396419187723542
6513,0.13453710824713522
6515,0.4822064027228101
6531,0.6906665280735372
6562,0.4160188322574379
6564,0.6457982424273863
6572,0.8129613404704276
6574,0.39550464050251044
6586,0.7374878715765311
6588,0.16903053857285025
6601,0.5738025900698352
6608,0.6210034016704007
6611,0.13148372607502926
6614,0.15698252094326212
6617,0.28902778412446
6628,0.47867912329385065
6632,0.33661335425972383
6642,0.42651875628280905
6643,0.8666313505821124
6660,0.541664158591242
6667,0.0369955919690365
6671,0.10198240167663095
6682,0.6199632834805202
6699,0.7889446841810018
6702,0.5477569776263729
6703,0.946247476353089
6705,0.2915326361088666
6707,0.32968364512192966
6709,0.7032691475828741
6718,0.20056861019259675
6720,0.4489104917107163
6721,0.3961109448417055
6725,0.20677432958540715
6726,0.4568012704958729
6727,0.2711458168768952
6760,0.42472998380754473
6788,0.6683646642293622
6791,0.3689044852450893
6793,0.06726480686769351
6794,0.2825704583870548
6808,0.43784665296445135
6809,0.7876123629903968
6810,0.8149649928069825
6819,0.6969838021533985
6820,0.8270516879576076
6829,0.24037345740794566
6831,0.2194619926265918
6833,0.964568322236787
6847,0.9257180616722134
6856,0.702354915848298
6858,0.1920409955005633
6860,0.5732712036852409
6866,0.5276929667882948
6871,0.6257701724926844
6872,0.42509836048274147
6877,0.485415602971809
6878,0.744458523330709
6879,0.47402693097945225
6880,0.6692579053620794
6886,0.8010929592183818
6894,0.5707237976253229
6897,0.2770130655879451
6906,0.5720566433048639
6916,0.5582344170980604
6919,0.69026162507664
6939,0.7246696590647962
6958,0.8475872808519661
6959,0.5311246748367345
6967,0.817139761614427
6989,0.9346255355655744
7000,0.5217791689254827
7004,0.42364448555684614
7006,0.7344393798141454
7007,0.44033951728558857
7008,0.8600698717623521
7027,0.7437454066514223
7055,0.6672594419199241
7059,0.7069045118176136
7066,0.4124540063355732
7067,0.5548643691007795
7073,0.6569429288920677
7080,0.6138460652825086
7089,0.47794977743529027
7099,0.11833142527456075
7109,0.6167390290135041
7134,0.5702863241254164
7138,0.624033926591374
7139,0.4213687893854864
7142,0.22963017610635128
7151,0.35712115621143087
7153,0.28252553462352903
7169,0.3133112683739956
7185,0.39761870138194516
7193,0.21346317946935994
7200,0.9188337006437982
7216,0.5726415568062535
7221,0.8556528010214801
7223,0.633162828872124
7236,0.6649520756404192
7237,0.6273347603988282
7244,0.3300087782711034
7245,0.7211738249361661
7251,0.3472551432123345
7252,0.7605909786412217
7264,0.7055083822208608
7284,0.4463027505164427
7301,0.6040835850839356
7304,0.6021880939114489
7307,0.6123797579175941
7308,0.4063936982955813
7315,0.7026097929538623
7323,0.29425863133525243
7324,0.2861460058910813
7326,0.5206927284972277
7330,0.7654697414107922
7367,0.7433961260345106
7371,0.7398431398577838
7389,0.576145897699282
7394,0.27726564886062505
7404,0.5106504595087297
7410,0.3155873750070314
7423,0.024396645202627597
7434,0.2875618346194439
7438,0.23351534782825373
7449,0.29444107875330966
7461,0.4545086064087512
7464,0.7275810414175135
7465,0.6250998964292541
7469,0.6281030881787751
7472,0.6563893952842069
7474,0.11998015807714431
7492,0.16302609968025647
7496,0.6792308638749963
7499,0.687701799727653
7507,0.803668554178862
7513,0.736272075408502
7515,0.5836953865648241
7535,0.7028204649503077
7542,0.6135554280564371
7568,0.5844446351578704
7578,0.7567652008833852
7586,0.8980484285895419
7587,0.4047160860412442
7593,0.2508489258341937
7608,0.7528409801448941
7613,0.21510439139579535
7617,0.4541899191090639
7624,0.7407974457934708
7627,0.6883124373772023
7630,0.5611481013230235
7634,0.2787288832016827
7644,0.640754250639981
7651,0.32594605214299943
7655,0.5490871101122033
7659,0.5097480037917766
7665,0.3107336106593712
7666,0.8799634592434724
7675,0.4500347321690299
7678,0.1974522918448455
7689,0.2153148765069096
7695,0.7089010669792124
7696,0.2992553499043559
7708,0.055295364499703674
7725,0.808934228945795
7731,0.3880977752642853
7737,0.1931858754895601
7739,0.7171236875428155
7758,0.6201874194764534
7763,0.21953502572892092
7769,0.5070145560667074
7775,0.6376215325975062
7783,0.39249725523775086
7787,0.07958370770319029
7788,0.5875383090985207
7792,0.6515346045866428
7797,0.7557141726527596
7798,0.6284121411982482
7800,0.42602322649403945
7801,0.6625514336679716
7806,0.5813550982899895
7821,0.19665802283871114
7829,0.6931199579205914
7834,0.38742159317567804
7835,0.3693685915879275
7836,0.304630901070401
7848,0.4773423948959953
7849,0.13596584169667036
7859,0.6169160054222916
7861,0.6551453432843926
7873,0.037305891390000206
7874,0.7006082043510683
7884,0.5080198935234718
7890,0.8246010709859867
7891,0.5277110837892554
7894,0.31605156967782316
7895,0.1977470164396997
7910,0.6326813202718394
7913,0.7870325893007748
7923,0.7892845268983383
7929,0.7100582926932736
7939,0.8632097128435501
7950,0.49169328383797073
7960,0.8730862772176637
7968,0.8379588574318998
7972,0.6806398355184083
7974,0.44162053745436786
7991,0.25780637864010386
8000,0.5305296213226975
8001,0.6085885560807215
8012,0.5829147453766486
8018,0.10190797239718472
8019,0.3963576829786884
8024,0.676178080519285
8038,0.8219748708023824
8043,0.538549338358202
8054,0.12396132580824935
8055,0.20832801251574143
8056,0.17391873489581805
8058,0.1507459425148972
8064,0.12312851777898785
8073,0.4780406623381215
8077,0.5457394767396323
8084,0.8154426755342856
8086,0.3658826793235868
8087,0.5298188585316106
8090,0.5447678862474061
8097,0.9275317942369333
8100,0.6561239523116902
8105,0.6459907509073973
8110,0.4019250922849515
8114,0.0682233429747605
8116,0.34572843103045414
8129,0.3151009978507064
8138,0.11016942145372145
8142,0.25001453197514556
8148,0.8308687897188665
8151,0.5522444415425908
8161,0.5968858463097602
8170,0.5408366916260492
8181,0.5718099166672811
8182,0.6397803607297107
8185,0.38755047744858706
8186,0.6975454116010533
8189,0.7414029640722513
8196,0.5461177879777797
8219,0.31162278721042785
8230,0.6875937253192249
8240,0.38149369932685706
8241,0.16054394185286985
8246,0.6095403544242451
8251,0.17048187046665111
8254,0.1354680277743843
8258,0.09706699450136942
8259,0.490711308052167
8264,0.7785071633177855
8275,0.9058909606150637
8277,0.19628624165060565
8282,0.47516810727805964
8283,0.710287600647757
8290,0.3962785190705549
8301,0.8883543216437487
8310,0.3160327811969934
8315,0.7594751918109419
8319,0.19934923759559933
8322,0.38531698407117
8328,0.3269070021030821
8340,0.5260458876707412
8346,0.30247049034091367
8355,0.5443634421307679
8369,0.41248296019656794
8376,0.4642751354537852
8380,0.7004036731903501
8381,0.2623839717184377
8382,0.4609801637220694
8392,0.6038450895052485
8399,0.37292782635046373
8402,0.8022010272824402
8410,0.3032326561256432
8417,0.8942439297384499
8418,0.7704386056818445
8421,0.2496939018306381
8427,0.5109865254899628
8448,0.40749181266845147
8457,0.49990703836275324
8458,0.30690138651872173
8465,0.8801298945458672
8478,0.6545569737742135
8496,0.17283999883081433
8505,0.21516299594983276
8510,0.29523228455183986
8512,0.8294836398652681
8515,0.4948748799692575
8518,0.43358483663727754
8522,0.2798743250696256
8527,0.5511918825233192
8542,0.7260072153607612
8550,0.6306226002415602
8558,0.4615352550041664
8561,0.23157137136186068
8562,0.4163497783275323
8566,0.6907751011813857
8569,0.4930997215532952
8582,0.18138418655542904
8588,0.08131905790790316
8592,0.06398832554800223
8599,0.29582071029624324
8604,0.5491616402801304
8606,0.23432486665864993
8614,0.5209292950673944
8622,0.49119179581214006
8623,0.1939260850047634
8648,0.13356383613867512
8652,0.10958229573487238
8661,0.8661867481053604
8671,0.11866590275032357
8675,0.3627536476610163
8679,0.49195199998684225
8683,0.18699592875975218
8687,0.6424082273698635
8710,0.4856303824932668
8711,0.6480045560983299
8712,0.5046190328031295
8715,0.5382605300401415
8718,0.8900175505297547
8719,0.9358920450077006
8720,0.5209863694152004
8727,0.6351206641796376
8732,0.7099582048031509
8738,0.28796562917567925
8739,0.832520692389346
8748,0.19578255343757808
8753,0.7039551878739736
8754,0.49761385426916205
8756,0.5845180342911036
8759,0.9220101881249809
8768,0.9179378388734399
8780,0.8428503258276744
8787,0.6308172095988913
8789,0.7331258082881746
8794,0.543921268463228
8802,0.7561839517650731
8816,0.6769095211244195
8831,0.6560491977857974
8833,0.2515007244886919
8846,0.8181466102049717
8849,0.42453241494490296
8850,0.8122248919867744
8864,0.5148547318902753
8872,0.8062022605732047
8875,0.2672400191887691
8900,0.4917748380892223
8911,0.39260397194741026
8923,0.3572313079012624
8939,0.7918227176713595
8940,0.21049341126676763
8951,0.42857932822767536
8954,0.7071340072189056
8958,0.28211869060273553
8960,0.8395064075441894
8965,0.13916291526537536
8978,0.5051904072730264
8980,0.18137617527025396
8989,0.6255872893697964
8991,0.8538588164490806
8997,0.2822063752341412
9001,0.8467385328649373
9009,0.19870108533951336
9016,0.28475301106185463
9025,0.7439916826177878
9029,0.23270533363322052
9031,0.22715686520832112
9032,0.65262778212673
9041,0.5541902112314836
9043,0.7495876537764825
9048,0.5406163078062151
9050,0.443295732576015
9054,0.6072378037058402
9055,0.6449716689095382
9057,0.3487172291157262
9065,0.7133594452190699
9066,0.6548636120385375
9067,0.24461783724331002
9069,0.2308006430126106
9071,0.4879298464275502
9075,0.24077832622258852
9077,0.13738602899859154
9086,0.3010849911597434
9087,0.8161190166953233
9092,0.24410162676590774
9100,0.4906397209039771
9101,0.2789645966786575
9105,0.5770560339936793
9113,0.5460756675443056
9115,0.37159121030005343
9117,0.42630763468175825
9122,0.3820045723978066
9123,0.3162519091252329
9128,0.5454639248638845
9131,0.6972866664579608
9132,0.7766858401461312
9138,0.6010001827466521
9141,0.7220194924825348
9142,0.6440474973822786
9144,0.22555741855310746
9149,0.6762751971104043
9154,0.3198996969198597
9155,0.5472596076065271
9160,0.41338723557159335
9165,0.646437293676199
9169,0.19619320138454485
9175,0.32764955295161874
9180,0.7921502386975844
9190,0.40645283025001
9192,0.40416628956329154
9196,0.5014186686959231
9202,0.3828275661979517
9203,0.5482503182222042
9208,0.8182237521369812
9215,0.5819220828691487
9220,0.6196594903398903
9225,0.18347948728252986
9237,0.820173083806562
9239,0.8876642364951723
9240,0.6416459477012161
9246,0.5003828300864639
9250,0.47154452269568403
9277,0.6064631336915328
9280,0.7961769982342509
9284,0.8331899656375142
9287,0.6655602643565135
9293,0.9530123915835604
9298,0.09742590557020524
9303,0.8707285728306923
9308,0.7135156137671161
9325,0.5792328711557647
9326,0.10492170696883783
9340,0.33874385278121927
9345,0.4003791387770071
9352,0.8813052992440177
9360,0.48710202636306354
9363,0.8283371314685756
9370,0.21401834618769408
9371,0.5818037340953328
9372,0.3938161526527996
9383,0.49331655564440524
9386,0.3117850000544918
9388,0.1982939095895458
9396,0.74729922220857
9403,0.17177167123682113
9419,0.6710947852996315
9423,0.681591077067662
9425,0.21633579932051927
9431,0.7690605332181335
9434,0.742027800971045
9437,0.6510637869419023
9453,0.14298131740781947
9457,0.4025799930974123
9458,0.08789689676203905
9459,0.09272546520259603
9461,0.8079244391907754
9465,0.10739198877018571
9473,0.5637859005104174
9485,0.5325748016156042
9499,0.256695422556327
9507,0.48467459494945914
9508,0.2730029033384931
9510,0.16642373870982327
9511,0.5988870883702752
9513,0.552726362486037
9517,0.40393294230062793
9520,0.4721562654094653
9526,0.41754163118768883
9530,0.532651230641086
9531,0.4458596643311746
9540,0.7538506761884403
9544,0.8119756316698652
9547,0.503359366551155
9553,0.03933890332230928
9561,0.3321443107336672
9575,0.18643357465780228
9576,0.9688353492378406
9582,0.419433646249973
9586,0.2914204720067083
9587,0.3164802316194528
9590,0.6709312890699527
9594,0.6993828706184739
9596,0.7590510469199336
9598,0.28349760685841136
9602,0.6913556338267292
9604,0.11490929575099922
9619,0.6622589382998747
9626,0.38331389998220733
9628,0.7321891911658096
9632,0.2691274850103663
9644,0.5707695171664272
9647,0.7426040877285032
9650,0.5399172400753852
9654,0.48666699909663697
9657,0.33006298447327825
9669,0.7898181072005905
9672,0.26494238742217074
9676,0.3488613950112886
9678,0.4610467217045936
9679,0.37218771040629034
9681,0.5811203123733366
9683,0.7388799260890552
9691,0.2285300986774351
9692,0.13977755772091274
9694,0.47577349475219044
9696,0.5005449204614764
9706,0.7882892547023289
9720,0.3323573946262677
9726,0.3083134748064929
9731,0.7524863364690756
9732,0.6333580400175256
9737,0.15970464384130723
9739,0.4560637607220881
9742,0.5483764063209108
9753,0.9168573046092666
9755,0.919869543757798
9762,0.507804490366138
9766,0.8779612744397194
9773,0.6010357906932338
9778,0.6350886015834669
9787,0.4018171333052181
9792,0.3269880477569044
9796,0.4359381942160782
9804,0.4823282412403265
9806,0.7657791083780762
9814,0.8730195218950676
9817,0.6603633884070039
9821,0.3425215867859675
9838,0.5655312359407125
9842,0.23242135991375493
9849,0.46551341236247734
9857,0.47935956447802924
9859,0.3943188080909427
9865,0.6841728697548248
9867,0.33161635525420763
9871,0.3833285170090626
9873,0.9451584870262023
9884,0.16832308063047113
9893,0.7519698379102433
9900,0.5407345942483115
9910,0.09814153951837887
9924,0.8583113585096885
9930,0.4857625612550303
9939,0.43467266702115925
9945,0.39718849978061815
9969,0.7953170910698835
9973,0.5382593472860239
9981,0.6401199313973435
9984,0.2971777803830181
9993,0.16048166337595982
9994,0.7458451018558915
10008,0.4782050840183517
10009,0.1327704256349915
10012,0.6676493777040157
10026,0.6706857309822556
10038,0.6309855262700542
10044,0.20003260082865104
10046,0.805430647299727
10048,0.38443769588382354
10051,0.7180951204140822
10055,0.3442898138587767
10056,0.6751325511729988
10058,0.15829327588931907
10060,0.4761844870508903
10065,0.35579548493870145
10077,0.2471577733147814
10087,0.1049194809430264
10092,0.3931249393108994
10095,0.9182706908668978
10113,0.7004171840189878
10121,0.7267587589419121
10123,0.4107664077814859
10130,0.546084864745821
10145,0.7323740630268497
10164,0.6919343293557646
10184,0.7476939853100394
10185,0.5306718234179904
10186,0.7296290032116353
10193,0.36250015178039063
10198,0.33014087689207033
10208,0.30995077305282814
10219,0.46407921310891825
10220,0.8526577724247547
10221,0.3512367009581252
10230,0.4871886745759577
10241,0.38141236384411825
10244,0.4146475888319707
10252,0.7855733460310753
10254,0.5752863406586983
10275,0.5680830877903933
10290,0.8513337015893889
10300,0.5772326083719569
10313,0.1986183916949996
10321,0.7135810662559768
10324,0.7084604545383741
10336,0.9453172053323863
10342,0.7332166640676107
10362,0.3931794601141993
10387,0.0760228301307413
10391,0.5050483345525578
10397,0.7345462703311098
10408,0.5596510580720385
10412,0.22220870424094832
10413,0.39265136842053866
10431,0.14011367707887534
10436,0.3829785946023356
10438,0.33376067512378277
10441,0.428127014771692
10455,0.9589489524174208
10457,0.312538188027671
10460,0.5863703100358267
10461,0.8833445240774794
10469,0.3337406265972055
10476,0.21398620302317098
10479,0.6697395605492111
10484,0.585067963700507
10487,0.8653854841925819
10495,0.8778683767514164
10503,0.5376020082919971
10507,0.28762466161904743
10508,0.27443531254420783
10532,0.8918390059064571
10534,0.7855648098821553
10535,0.20334233708445498
10555,0.3245986185079643
10563,0.8849455056969466
10565,0.13116188306636475
10568,0.5390706245818748
10576,0.6462055834550732
10577,0.5974926288700714
10589,0.2703489288803493
10602,0.25262287339394857
10610,0.3106356797431765
10612,0.19661038474831188
10613,0.5661235532446928
10622,0.4532384345020617
10634,0.14640769658977307
10638,0.22781493687071427
10643,0.17729831496006693
10650,0.5300159209758418
10656,0.659037126374252
10665,0.34833553664454037
10670,0.6146443379779106
10698,0.3317816655679825
10703,0.6663286856760618
10707,0.7117342507800799
10710,0.23707333727503757
10716,0.853252498777463
10725,0.4518224523882429
10733,0.30034727982436527
10735,0.5259570140560491
10740,0.4389369761744222
10760,0.45169188256878146
10765,0.23444085477776336
10769,0.8211640488683133
10774,0.3962211218938602
10785,0.2737398331831098
10786,0.6229614353429427
10793,0.30969521314776155
10800,0.12524042333131846
10813,0.6396298042310399
10826,0.7807841855625595
10834,0.6444413582508777
10841,0.6082685111120912
10848,0.4011982406884703
10850,0.4250242590266775
10858,0.3791766583541738
10872,0.2705042035282829
10884,0.705020718666727
10893,0.8289207397813206
10912,0.7613843771717387
10945,0.32924008829472917
10954,0.40006797669472727
10959,0.6241185376581424
10960,0.5726707613789866
10966,0.1774297383073606
10970,0.26267638908707186
10985,0.3017873499235297
10987,0.17428603714850266
10989,0.35639285780671953
11004,0.3406258743870278
11007,0.5831759716229526
11023,0.23228574125782875
11035,0.6748987432418849
11044,0.8006039707589002
11045,0.11246930459164929
11054,0.7163488952531633
11055,0.5373131718655304
11062,0.9096383338972202
11064,0.13972753541911942
11097,0.24420392876684527
11101,0.9633972641763839
11114,0.6845428069631163
11126,0.0648124921911152
11129,0.29471240546391875
11131,0.5767623775974197
11144,0.3636769613695521
11147,0.7207443199889901
11148,0.1694183861953433
11150,0.8118711738290707
11156,0.7168051539905134
11158,0.22669937814430297
11160,0.28673618907486764
11162,0.37663127124526485
11168,0.8276738209763543
11173,0.7641210210028172
11174,0.28242023246371495
11178,0.4870836484172378
11183,0.301066155881612
11190,0.11857592385442163
11202,0.15700630631371304
11210,0.44766380796483757
11234,0.4760893932395274
11237,0.8607050860800217
11240,0.580069187845276
11244,0.679435004863552
11246,0.7435604315839348
11249,0.42514947645811624
11258,0.18396863433547345
11267,0.13396551503134616
11278,0.5710848073403145
11284,0.3007507834614864
11289,0.46879119297070515
11309,0.3903761828848962
11311,0.5866981014639945
11321,0.5335778152620492
11335,0.260994712094173
11344,0.36000410796109455
11350,0.3225702127923619
11356,0.09760944403695143
11357,0.8669205147686955
11359,0.6321934091740583
11361,0.3635451601032185
11362,0.3655268898390053
11374,0.1731543427155194
11376,0.24892969316604224
11379,0.667673354288333
11385,0.5690372696340562
11391,0.602523750401684
11402,0.7183264135537575
11414,0.20939977133742577
11422,0.8090927970825148
11428,0.3160566085582323
11440,0.3662492443498364
11450,0.7790698620179537
11469,0.3808317830407098
11474,0.6481195659284396
11476,0.46180798215537444
11484,0.8311309362471789
11488,0.5090043650097646
11489,0.2457889978627264
11531,0.47457896442732217
11532,0.3909969275690384
11550,0.7386945621114972
11555,0.22754627590288246
11562,0.721538214310564
11568,0.6690195739738575
11570,0.8465410463621243
11573,0.7702088154054396
11575,0.14301844105333752
11589,0.5153625427852273
11590,0.6064197677334134
11605,0.6498863970261072
11607,0.28476661250972896
11616,0.04672467333698821
11617,0.4248134223814309
11621,0.8583771449577816
11629,0.30012679765754885
11630,0.942142063678693
11644,0.83962120354054
11655,0.24812859246118263
11663,0.2009152834599909
11685,0.6698386959439641
11691,0.42583734692617536
11699,0.344530545054398
11701,0.7256978740384418
11706,0.735956350722952
11708,0.18186441884470217
11715,0.473497526208409
11723,0.7633230699220553
11733,0.7152856761511446
11753,0.5630894410191093
11756,0.8188297564499514
11766,0.604548960364761
11769,0.7485535452133989
11770,0.7148244406806435
11772,0.48486486197680523
11778,0.8613254535688489
11782,0.4996602522210076
11792,0.4339979885093781
11794,0.6669837017081025
11798,0.2750297836745626
11807,0.6061739067118549
11809,0.42531971420789905
11811,0.0941825029425447
11824,0.3596533635782466
11825,0.5347935289125465
11833,0.6245454396489523
11835,0.2125923823365762
11839,0.21414153444712503
11849,0.8172649254553309
11869,0.14145063343043746
11883,0.2688587422089977
11888,0.705403739340826
11890,0.8440010743328924
11907,0.644047677710536
11920,0.22690575329325904
11924,0.5590121466380885
11927,0.9348506183770007
11931,0.44599616076594434
11935,0.7528517779402496
11942,0.3014142808400133
11944,0.8427782017151468
11945,0.8201158115087808
11957,0.3809457381449054
11968,0.7198144296177656
11971,0.6177490324867858
11975,0.5357805386200682
11981,0.44850250148614185
11986,0.6656388088553715
11990,0.09548526911197605
11991,0.2722093093174434
11993,0.7609574666753796
12009,0.1969077631631454
12011,0.4104987397889151
12014,0.5230471139244882
12029,0.4693800233927442
12033,0.41380023331854915
12034,0.4530539108224648
12037,0.7384080232168599
12056,0.49169215742588435
12057,0.6700186048396901
12064,0.8413933548222153
12066,0.6085808496176711
12071,0.5060456267579417
12079,0.8658937980373456
12090,0.17830781539551918
12093,0.35945473382561133
12100,0.32848849042687306
12108,0.8346418487084872
12111,0.5616558421759504
12113,0.7431957680536585
12114,0.5822515347284302
12122,0.45360791840936104
12126,0.800156207248102
12136,0.6786087460442148
12137,0.4911006369880438
12142,0.8804493537526645
12144,0.714808748900602
12150,0.2229677426762799
12154,0.6449169398134459
12155,0.4421151012464027
12160,0.34120223461461935
12165,0.27051580619936777
12171,0.4011818058371301
12175,0.4351016166081284
12180,0.7766245120449321
12186,0.42209158703172883
12187,0.2124889748659875
12188,0.6739682062536685
12193,0.7035733797830467
12210,0.27495110349094365
12234,0.7067172341055139
12249,0.2838293015797469
12253,0.4005887679978437
12257,0.7980266597414695
12262,0.28647330839761037
12264,0.8576696243863784
12276,0.06576065359733277
12282,0.2800488244939005
12289,0.6015162861938433
12291,0.450483469406729
12297,0.3938957056591529
12303,0.6547302571848259
12307,0.40941804513256674
12311,0.9024859878867753
12312,0.8765751833754563
12326,0.8471014076233901
12338,0.44238291266001606
12358,0.266802488862648
12361,0.3678271038850643
12370,0.7574580090880368
12380,0.6593508131946113
12384,0.9118635907602608
12385,0.9537712089508585
12394,0.7807849344719036
12397,0.32964568926927296
12401,0.24044169078510313
12427,0.2678182040381189
12434,0.5792988853286276
12441,0.20511077462737234
12444,0.6099135308904357
12446,0.7998882139883607
12455,0.6485241909124472
12462,0.25833333535698827
12471,0.35311210577882535
12478,0.7143536375456334
12483,0.8956870169443216
12505,0.3356484097534104
12513,0.06381552094518152
12514,0.5891915641114918
12519,0.2662278565580501
12536,0.4093663954965653
12537,0.5204943527842216
12547,0.2759202076368536
12555,0.6552094341639891
12558,0.43632876712908425
12570,0.6663297774492483
12589,0.21022298517565097
12597,0.5942662624109453
12613,0.5541680116500982
12615,0.412563329614214
12621,0.8222010757921083
12623,0.5238917730619151
12630,0.5812220611989432
12633,0.813423162767244
12638,0.23550078135792185
12640,0.8431797262012276
12654,0.34551539860418273
12669,0.1532704045553692
12675,0.7821662797952155
12679,0.8864929096597712
12688,0.629256844224718
12692,0.624921521320469
12698,0.12806813852626553
12702,0.7094127158149549
12718,0.3618009082979476
12721,0.582439025804236
12722,0.732026215857434
12727,0.24705511839616748
12731,0.30555348562496565
12741,0.6952564789088596
12746,0.54004127532529
12769,0.4929477878468223
12771,0.11975400819027424
12773,0.7425600236079403
12782,0.6777844411302412
12785,0.7258487489300126
12790,0.5379539410303465
12803,0.709586597344137
12813,0.4959817545851411
12829,0.4639022971952394
12832,0.44709454885334016
12838,0.3415631847132035
12840,0.7656722201213925
12847,0.6730721664950425
12853,0.8932991424567708
12857,0.6089241313346533
12859,0.2695705708533248
12861,0.4881334008747247
12868,0.6393096843655793
12869,0.6710123785884172
12875,0.50946879666264
12881,0.1436893514144734
12885,0.667611084976457
12888,0.25509279727517037
12903,0.7293663026923933
12908,0.24301327085535204
12910,0.4649417483221453
12913,0.3016902175524047
12921,0.8023848080021893
12926,0.5113240892971818
12929,0.19341367582890429
12930,0.1370641430485075
12934,0.483874150117177
12936,0.7053324579303476
12938,0.3224945645054282
12939,0.4469685816972703
12940,0.2247246703498867
12948,0.42286807950464095
12955,0.43618659730063936
12966,0.7713795241343278
12967,0.8295961567241826
12970,0.3773705580764233
12973,0.6239525488423315
12980,0.6800406081299131
12981,0.7884511368807637
12985,0.8992335900565578
12991,0.6444189254161177
13006,0.46735871823947706
13010,0.569562340333254
13016,0.11836182778770223
13020,0.2999259296245355
13040,0.7146920333219434
13048,0.5690228378643508
13052,0.48003159313976607
13068,0.8371648562564978
13092,0.1354868198642247
13093,0.8451641100287892
13098,0.11336482709282403
13099,0.43802875794881413
13105,0.5567802973274143
13106,0.3040211006840793
13108,0.376547428364246
13109,0.5648660738800814
13126,0.763967957366031
13134,0.20905611776188168
13140,0.40827710055203653
13144,0.2836440801031015
13150,0.41226739449648553
13153,0.19722665844764323
13154,0.5792372232796452
13177,0.8779397805877278
13180,0.8778973574697803
13181,0.7162452234746411
13185,0.40053226239986495
13192,0.26591557110215835
13198,0.3844734353541688
13203,0.33351470952998963
13205,0.5492782295938622
13214,0.4664499989853292
13216,0.35134802729658676
13223,0.67651552738846
13226,0.12553042406583234
13231,0.4641621880140505
13243,0.9663720002968981
13248,0.14863726388771026
13254,0.4781918503629981
13258,0.9588619972170126
13267,0.18852973690275715
13269,0.29449553237463477
13270,0.5897212277856825
13271,0.6423868086613661
13275,0.7709110111689078
13281,0.3710410691014414
13282,0.6473657854977594
13302,0.8061811616524043
13310,0.6254035688484824
13325,0.06570122256194057
13329,0.7850398568978395
13334,0.5749815846793634
13335,0.24284524147433992
13338,0.04830106363958581
13340,0.17439986534089943
13341,0.9612514201836138
13350,0.6262852302322329
13353,0.6073835817657413
13355,0.7947796863256636
13359,0.2213853265190314
13361,0.5052880683434489
13373,0.5855891320762255
13383,0.43712477198932603
13385,0.48933261362392516
13398,0.2731507980337249
13408,0.8193952960015667
13410,0.40504357942506947
13418,0.9575008852103137
13422,0.8445412191831552
13423,0.15833507679741463
13435,0.4417226471097051
13458,0.7159901605182447
13463,0.09623863169459589
13466,0.03401346293972384
13473,0.4814510450435375
13480,0.5258262827117398
13485,0.852727925497046
13489,0.3270319444988924
13495,0.23325406166645682
13504,0.39920455573588753
13507,0.4652983305469392
13516,0.14569932462647187
13520,0.9275149007706814
13533,0.7087801735731907
13536,0.879921456089376
13549,0.5353766310237768
13553,0.6673733522741536
13562,0.38416645766182395
13568,0.5876957372753113
13589,0.3170231232602808
13594,0.24281331387639063
13598,0.40470243068867473
13599,0.4727048448812194
13601,0.5669914367106017
13607,0.864730365100003
13612,0.5123759644770681
13613,0.2521177414397207
13622,0.7315007960607935
13628,0.22462503265150136
13648,0.4796325523893289
13656,0.39501030230890294
13659,0.4505772042357522
13663,0.5645939435033644
13666,0.6551838474205992
13684,0.22068790850633646
13692,0.2725632942564464
13705,0.42923860051767027
13708,0.5104997498264858
13710,0.4244807208262237
13714,0.3180110455678064
13715,0.2614656875491132
13718,0.5139794457505473
13720,0.8686578018145805
13738,0.9388719699016838
13747,0.4592817452003294
13748,0.8615677829306063
13761,0.5759505375643635
13773,0.034322882711808014
13781,0.13115191904671403
13789,0.5176816537952429
13799,0.5714071916608663
13805,0.628960500565926
13813,0.18098151539798563
13843,0.9071142239132575
13848,0.5680984436316638
13850,0.2744533701826651
13862,0.5760772316813118
13863,0.49276858292461106
13878,0.5708057100908268
13879,0.5753708359539591
13900,0.7023117397694728
13926,0.2927739686020469
13929,0.2770571667860276
13931,0.527426128300497
13935,0.7252619109217143
13945,0.46914863289487024
13952,0.5159121969825688
13961,0.5750062294467257
13962,0.25139661192057594
13968,0.46857514852578425
13983,0.441180590871938
13985,0.051341813189571414
13988,0.43680714711037333
13995,0.3802504723006838
13997,0.9333101949266718
14016,0.09687970096764677
14029,0.4206263142953308
14044,0.12751471335502815
14045,0.38925675244635544
14047,0.9098111386360694
14049,0.27122615127048827
14052,0.8612895521479462
14053,0.4146544644623371
14057,0.4356567596276227
14063,0.7220889323062879
14064,0.13761358860840664
14066,0.569719862030036
14081,0.26183580520073385
14090,0.4242779502123091
14093,0.7515086266676385
14097,0.2370018298874895
14109,0.47010625912158993
14110,0.6423539337493039
14121,0.5283902872259874
14122,0.5401950981353408
14125,0.7502875097879251
14136,0.30163061876598846
14138,0.681814288131262
14139,0.9296414817375537
14140,0.8822131201805686
14149,0.6704206819655495
14158,0.33846455717513524
14160,0.09645393635148294
14168,0.4581126084479405
14174,0.8046458606707136
14176,0.9963656017536092
14183,0.29458025210548855
14191,0.5330697816711408
14206,0.682511974605368
14212,0.798954873235355
14213,0.6467437595011536
14219,0.8667509538125038
14223,0.7746350824405939
14225,0.187222673568279
14231,0.19838054509030018
14238,0.5208522364286339
14241,0.26643086100091945
14242,0.43245473560275827
14276,0.6934658069450205
14279,0.6625638327401911
14282,0.2191431071329552
14284,0.8244554580156375
14288,0.7027790828009036
14301,0.3395248614294791
14302,0.48354148421507015
14305,0.7922858049130608
14312,0.18657271869866568
14328,0.1803265963637851
14330,0.37850731764602497
14333,0.7164429780458507
14335,0.6024665729464994
14338,0.4771970708111189
14360,0.21405814322680164
14369,0.1317817761051292
14381,0.4667428492340153
14386,0.1386687721872186
14388,0.9577882718550036
14392,0.7008122482341917
14398,0.20980998804612316
14399,0.16240408534257797
14415,0.9239414661986509
14418,0.5856875612261313
14421,0.7331911258734873
14424,0.3209106672615212
14466,0.3608055221407254
14470,0.29437906984782003
14478,0.66791172003935
14482,0.5043765671189697
14504,0.7590339857318288
14506,0.7509255205801015
14512,0.24858503126240597
14513,0.17806726749409965
14535,0.7148238797690698
14544,0.9720879738389898
14546,0.5076686184489119
14563,0.6061507805460701
14580,0.6463271035962577
14582,0.744886216248525
14588,0.7422196429305618
14598,0.14592378404664322
14599,0.8890553965718593
14608,0.39483658186246673
14629,0.9465995013379827
14630,0.10690357200924451
14635,0.5085214064513446
14653,0.445685133701661
14655,0.10952520242137159
14667,0.7195581970412253
14670,0.8255167452051887
14677,0.8277948366501616
14683,0.7377817755342785
14685,0.28674733257576396
14687,0.6571216469496329
14689,0.12917253175034
14702,0.522502266528209
14712,0.6788315727574279
14717,0.8260802615051887
14722,0.19020152559927245
14740,0.3779437740899083
14747,0.5511171278603969
14749,0.14788674594426393
14750,0.6592637038472695
14760,0.6336493206812256
14762,0.6407237131467567
14764,0.8961430438092916
14765,0.5900840374648225
14769,0.3466883862588291
14790,0.4506200814420712
14823,0.79986715264745
14829,0.16386558869221218
14832,0.5009574036545565
14834,0.8930640043158751
14836,0.8441204142373607
14851,0.46908781743425304
14855,0.6700780601563373
14859,0.6688259301298696
14862,0.8248268790264712
14864,0.4241861887463943
14895,0.37986089493246605
14900,0.8423446976724706
14906,0.2515509849246978
14913,0.8718609531507329
14916,0.23976140557194656
14919,0.26400277494122054
14922,0.27541505510335834
14923,0.2719080360598323
14930,0.6324333026830639
14941,0.19291392081740122
14943,0.9490003564295285
14953,0.2429076551871716
14960,0.1061528320705954
14964,0.5868876053495202
14965,0.7499485390078265
14977,0.5906371988963856
14981,0.8895018946047324
14982,0.3607400514629208
14990,0.5430884337330368
14993,0.8607576131339366
15000,0.11692384364520686
15004,0.17223753445036477
15022,0.33107230458078835
15028,0.6285205342211904
15032,0.738358354748985
15058,0.3276434049131397
15059,0.38783591828318875
15061,0.8358562070260985
15075,0.7615035933336591
15078,0.23669383683903597
15085,0.2647973895823948
15090,0.7117037569108001
15091,0.2575324201481366
15094,0.9278677785825918
15096,0.34213673166513625
15098,0.731299983906754
15111,0.5318264685880959
15113,0.4957338843057509
15125,0.2906918238717868
15136,0.7260693890877858
15137,0.49851081675877645
15140,0.6329290812903814
15142,0.2443044251549523
15152,0.17263215058764086
15153,0.6595593468788717
15155,0.35853433501249726
15169,0.8035661017973385
15174,0.6671984209169346
15180,0.46091713844392945
15182,0.7693065291757265
15191,0.7999301279615493
15200,0.29338938199574494
15212,0.7744853588573631
15222,0.22801332663568893
15226,0.5064281120995773
15227,0.7956342665634535
15228,0.8147626106861083
15239,0.6985558389444841
15252,0.23801815702077692
15266,0.6009906815082664
15269,0.5124279981610836
15277,0.5709922547054642
15289,0.19383976792944002
15298,0.5571055452868751
15299,0.4931428753038899
15314,0.03158298258665718
15318,0.5852360780977964
15323,0.08960425348351692
15327,0.4512058658838715
15329,0.5272583614213642
15339,0.9093613501634893
15341,0.7114014405663559
15346,0.46454154579064044
15353,0.2721499220173829
15359,0.17069606934437156
15384,0.15277595373842998
15393,0.29516713781550225
15407,0.5608536149786836
15410,0.6578753714305133
15414,0.7064243013342224
15423,0.8243937190306622
15430,0.20924290792726546
15434,0.745243497462805
15450,0.5249035111611975
15452,0.42984261567034776
15457,0.5804722250201889
15458,0.8331341699375188
15466,0.5986269802478931
15478,0.21552487050193178
15482,0.6083458265938972
15486,0.30257837167901236
15490,0.49410383586338524
15515,0.8101084708034814
15520,0.6908915395091767
15522,0.8131408045463049
15527,0.14117606096962965
15541,0.5807573132109034
15544,0.37971081407401386
15547,0.22733530853273765
15548,0.9247220617718933
15550,0.1545535771128485
15553,0.826465859717214
15559,0.24156819291612955
15560,0.6556782361267985
15563,0.4868576688251683
15564,0.5897497614222141
15566,0.04867265038441117
15568,0.6160038524516143
15574,0.3250337950252517
15578,0.5163523671631532
15585,0.20665546291772904
15586,0.2715834674916904
15610,0.9219885963192326
15617,0.2550639881934431
15622,0.8819318769041046
15626,0.3387986388362305
15627,0.5466779236502869
15631,0.3768831178292263
15635,0.914575851721081
15646,0.18581818140493503
15649,0.397818087394354
15662,0.7886900710084276
15670,0.16843351310673826
15678,0.9111904360818076
15691,0.9182634589510746
15723,0.2619268808978126
15730,0.4325907247839034
15751,0.823905045810667
15752,0.6575479125288926
15761,0.34879877998983616
15763,0.8521113902461286
15770,0.6802446891509886
15771,0.3603610520431569
15781,0.5183712874150352
15784,0.23916683557445095
15789,0.22054146752320608
15791,0.6849109092684074
15797,0.38798542523886353
15806,0.5996982988133527
15811,0.27164591090744306
15818,0.35035062364319447
15819,0.38106728414165536
15830,0.6614822400282206
15831,0.5895761716999212
15835,0.3961512353409693
15837,0.80177509789308
15840,0.3698909863806795
15842,0.3047108630323847
15856,0.39556152230230357
15858,0.2754851917772105
15859,0.11478398959241769
15868,0.06697846049456654
15871,0.16305815430966505
15878,0.7432242231612813
15879,0.6223400396422648
15883,0.8485857010278665
15886,0.8244872429964323
15889,0.484728848130502
15894,0.28319215356455857
15895,0.9275334772114251
15912,0.07850060618253653
15919,0.9354249115077345
15920,0.32796672213080397
15939,0.672136677185272
15945,0.15725615196140239
15948,0.39548654083233564
15950,0.4227531373654229
15959,0.756006191624662
15971,0.5616003584307536
15980,0.6955645889209151
15982,0.743661128630274
15989,0.7965673000593321
15990,0.8853197663516674
16009,0.5573505855379907
16013,0.3783937086484574
16014,0.6246647642917625
16019,0.6593756466243131
16022,0.7345161750820441
16029,0.360273949444964
16030,0.3675735847878284
16034,0.46436742157574845
16037,0.4288676662096205
16046,0.7759635366039581
16047,0.8077374732132123
16061,0.6606836098085777
16071,0.42714584356113805
16084,0.4417799277973222
16091,0.377046116919425
16096,0.5345146911828973
16111,0.8002074050959244
16113,0.33371675470319756
16118,0.1155969185119799
16127,0.3332906798970441
16128,0.43938301217791637
16130,0.6875242344522685
16132,0.1797198444014385
16147,0.2667038189802249
16148,0.09733456441359918
16150,0.42947718317412736
16153,0.3204330691584552
16157,0.6614924384090249
16169,0.832173347645253
16170,0.31416901436140504
16176,0.3154012985136978
16191,0.6253462762124762
16202,0.5468084836160254
16208,0.8899801228086686
16209,0.6825067203030333
16214,0.76233183537459
16219,0.3956262068772513
16221,0.17858296766333773
16226,0.05155481921416662
16229,0.1281592621144462
16232,0.9121722200838736
16244,0.6609322044091765
16249,0.05418264763600808
16250,0.7502135724172414
16259,0.1622980506370575
16264,0.14262359900318544
16265,0.5429937822545242
16270,0.7201970903988948
16279,0.32094534521545215
16280,0.8850301583232271
16288,0.2992206743463819
16295,0.09225504738178637
16304,0.7793876064656993
16307,0.6826673276362417
16334,0.7183643917695264
16344,0.3139546578028177
16349,0.6024992608882378
16350,0.22595002297882635
16357,0.431508699829258
16365,0.2544605596597956
16367,0.3326574611048098
16368,0.4737527672229727
16380,0.7345088069979703
16419,0.05089306849464668
16421,0.6717259853685958
16429,0.3211394571025507
16445,0.26831727176500325
16446,0.7966988083256826
16449,0.4383267737289311
16453,0.8414407427238957
16461,0.7759739811921058
16468,0.09234568091343312
16469,0.5225348718460774
16470,0.5207167331969751
16476,0.27779130881917585
16482,0.329172080254625
16484,0.39031521079873943
16493,0.4434570384435154
16497,0.11304937260165611
16500,0.517721381949304
16501,0.4216319746963914
16514,0.5382998606753744
16526,0.25269680522469234
16528,0.6985740576797707
16534,0.7766987725104101
16537,0.1279755710548919
16547,0.6931116225898923
16556,0.19010560581384503
16559,0.3760701003096716
16574,0.7793484591908485
16575,0.4872101657300534
16598,0.761489482451147
16599,0.7284501229961726
16606,0.46750779823830424
16613,0.5069727305057244
16614,0.5798525016060769
16618,0.46617810950112054
16620,0.5709302455340827
16621,0.8373790199904277
16624,0.5263597557028644
16631,0.7004576834443125
16647,0.5163899299075893
16666,0.07161116536718937
16669,0.6297972163279123
16671,0.7501377618420736
16674,0.8695998332775715
16677,0.1629167803619795
16684,0.1881832991764645
16697,0.44809510472358843
16698,0.981958561372582
16715,0.5031414310616102
16717,0.8083139505483956
16729,0.7488979412477696
16738,0.2452992101408314
16745,0.4866069065592928
16748,0.44409665389301556
16761,0.32475325652947473
16764,0.4364920224914937
16778,0.29848822520171714
16785,0.20033632291411016
16795,0.5749415046106985
16799,0.1020605289463477
16801,0.5049355164878835
16811,0.3871600388538267
16813,0.08590592297734097
16820,0.1999101109837868
16823,0.17420902251455592
16833,0.3207507831683535
16849,0.7793664467181413
16877,0.7080426368269043
16878,0.07546107132251756
16883,0.6752106256688197
16884,0.24399734446086016
16892,0.262164901706924
16896,0.77723657874109
16900,0.6486138020119093
16903,0.46806600149796485
16905,0.8839093868413034
16916,0.35943522350502427
16928,0.5040039767395693
16930,0.8307334981545305
16936,0.6449622594650892
16944,0.4131846557730446
16951,0.6808808758820528
16955,0.39818519117785317
16961,0.5017306029663802
16979,0.357457706960867
16981,0.56896212191827
16989,0.10213034367207675
16991,0.7272746729764261
16998,0.5154764168032525
17002,0.2140359377827719
17007,0.4568647165652531
17010,0.15469374647985887
17024,0.8259278938115485
17028,0.5157797138438157
17030,0.3062943631607721
17036,0.7308636825222878
17040,0.44276228879678353
17058,0.7576469517537812
17067,0.6680257757020853
17068,0.8580121301899163
17077,0.5684731216749638
17081,0.5663864126150072
17093,0.5936254797981009
17100,0.40630017010378666
17107,0.37682799532713684
17111,0.5439974798504652
17112,0.5496167081430979
17114,0.41389727387285713
17116,0.2489434271716375
17122,0.49331959054981395
17125,0.4766312585215338
17126,0.401928056438435
17131,0.5518933939696364
17133,0.35779576684052333
17134,0.5559821847010255
17153,0.42444699943965597
17159,0.1109194351546431
17170,0.33138285757555214
17172,0.07295169885262129
17175,0.07484624183449483
17185,0.7419002687611956
17188,0.5266942314742222
17197,0.33131091110408795
17221,0.9116495213232508
17227,0.14753893648461472
17232,0.6275397435019642
17242,0.5702609299093995
17248,0.5503436520560143
17260,0.4241934827946536
17263,0.4703014301672563
17266,0.12713766269137133
17267,0.6732675555349139
17272,0.3779997410508796
17278,0.5952954467230865
17282,0.7147935821944145
17289,0.8407325622897811
17292,0.695912799334995
17296,0.44428992954416013
17301,0.6698155987698728
17310,0.32279657214167984
17323,0.31214619436684476
17331,0.37543531178095113
17347,0.45024128538517694
17354,0.6010718446899311
17359,0.553435102328302
17360,0.30105137575465923
17365,0.1589534275684214
17366,0.8590684571782693
17369,0.45085529434209726
17372,0.39270650612973124
17385,0.14422702136415996
17390,0.68506072875817
17395,0.3567128379857747
17406,0.17505024384685258
17410,0.06674363840662939
17419,0.9673712434180674
17440,0.3541650125890003
17453,0.7546063718504509
17465,0.4936040715868521
17469,0.4882204638159281
17472,0.49128250449335625
17476,0.8768305196226089
17478,0.1957702457566706
17488,0.9022446674600908
17489,0.3778557465317258
17491,0.3340783928941998
17492,0.6384413781488913
17499,0.30163253622535113
17503,0.11012365748726151
17507,0.7959514999856593
17510,0.24972589079488092
17525,0.49532321892350784
17532,0.6774235660257321
17542,0.15792541266463558
17558,0.3550334335557546
17562,0.2011178491854731
17563,0.48427489323549455
17565,0.1459422062447656
17568,0.6737991013807002
17596,0.7445365493480435
17598,0.1758808325211203
17602,0.5775338257395958
17603,0.7179356711110754
17607,0.6058811166880669
17623,0.4625450566507635
17629,0.39696970611527843
17630,0.3963676359087347
17631,0.16258809857184822
17635,0.2307434731852941
17639,0.6052126583362438
17646,0.9343840544375152
17647,0.32235885615413395
17650,0.4337656541205887
17654,0.6505866992004113
17661,0.5333146248226722
17673,0.39480874703374025
17678,0.7507105962960282
17687,0.6868848149599581
17697,0.6650500919254846
17702,0.8480888962983142
17706,0.5831794790776557
17720,0.638253005996837
17723,0.8458404007142744
17731,0.38611299662193055
17735,0.44553200020165795
17739,0.8875857541163016
17749,0.13651785993448046
17752,0.6183817619864233
17756,0.8024856214965099
17758,0.5632806511902365
17761,0.4000554287901171
17765,0.07957240633051892
17768,0.514545043830871
17773,0.6100211762772891
17785,0.8903490197638304
17793,0.7338538172925813
17803,0.1757212558248388
17806,0.5238167119021836
17812,0.5402843198102696
17814,0.8625289648584175
17817,0.11796579591295285
17829,0.8336459169321768
17836,0.42938060820021046
17841,0.5168969084052509
17848,0.40596630769848097
17851,0.8780680705011625
17855,0.2698636098053893
17858,0.3918563626903835
17860,0.3437027616462937
17865,0.2911260750732898
17872,0.9019637071057968
17876,0.6070759249064196
17879,0.4016552681939328
17883,0.4567799188944528
17892,0.9199816790789448
17907,0.7853358250462815
17920,0.6148681462646518
17923,0.7663215037286975
17928,0.6197850983673204
17929,0.8405476231837783
17931,0.5880302094650103
17932,0.04212086731922593
17940,0.22669264172643366
17944,0.2173294249836806
17962,0.6610499503372519
17963,0.28889750040458967
17965,0.24824789560981292
17968,0.6224247978120094
17970,0.5318368547694441
17976,0.8980585418128979
17978,0.7253828715083631
17987,0.6574677496130759
17989,0.2573412046708281
17997,0.6165786120134517
18001,0.40960605534090305
18002,0.1436787019768053
18003,0.8958096355628
18011,0.1813674636704978
18014,0.4395344723571075
18018,0.6879828850670542
18026,0.7435432508900119
18038,0.28782785020798307
18042,0.10387897206265893
18043,0.406798157929338
18047,0.36913109379309395
18053,0.6964946834315
18058,0.22209349778918663
18068,0.6614396939729398
18076,0.6864765311146273
18085,0.10706887537400085
18089,0.42975782873573865
18095,0.620441312666749
18099,0.2803080666243364
18105,0.4397066369949858
18109,0.36133561803058595
18121,0.1837253248954389
18122,0.11232552954979212
18133,0.21387483288504908
18142,0.5908983753040793
18148,0.6998080402609478
18158,0.7912076305177993
18162,0.9672087446244895
18169,0.30523444518565956
18175,0.7277637765413306
18188,0.5285032682527555
18197,0.2929624100425813
18200,0.09522703600625748
18201,0.5154156218411471
18206,0.8662031221545227
18226,0.8775880861472555
18240,0.6556865679920973
18275,0.5254627573404665
18294,0.5567500798361287
18299,0.6806553134207489
18310,0.08631700906343989
18315,0.5432717832891878
18328,0.6550770851879153
18330,0.41102839717480366
18331,0.816549278485598
18343,0.33497498261265823
18361,0.46033417787712694
18364,0.8736226418025631
18369,0.49375254495282034
18371,0.8163978975837998
18388,0.31785120584109694
18391,0.20583661330650985
18396,0.4918612527771834
18402,0.806410603332822
18404,0.5846292018927405
18407,0.3972725588490743
18412,0.5631252056731059
18421,0.2903710069863061
18428,0.6510898144766106
18430,0.5358868105087705
18433,0.58676178771263
18434,0.9093549609019997
18445,0.719783228726047
18454,0.6333083466845023
18471,0.8041980995210987
18473,0.31901682931499864
18499,0.7440126048450535
18524,0.6588472733253
18528,0.7575897019600417
18539,0.5732995276514044
18541,0.6374766484013226
18543,0.908311453103
18549,0.3391136611419239
18551,0.3380903494003756
18569,0.8086248708636082
18571,0.04387335332022631
18573,0.4399831184313595
18593,0.3397943160181806
18613,0.669868383723416
18614,0.7951376387541773
18619,0.5809626073828811
18627,0.8086687374273699
18636,0.6471678916982195
18644,0.7972156108690654
18654,0.4013932740654153
18656,0.10385413985445686
18661,0.6891232711517689
18665,0.7167952479679877
18672,0.22728745624318664
18677,0.5054601435197438
18678,0.3837262758432306
18686,0.38006876030336856
18701,0.6579603060438507
18707,0.7518531704945327
18708,0.6877259994878808
18714,0.4436125977176482
18722,0.5074104841359364
18732,0.6128540517703005
18733,0.5252922523625075
18745,0.6568019032908192
18753,0.09010042784338741
18783,0.8626126600374082
18792,0.455428817355469
18796,0.8320149551649633
18797,0.6724485689594412
18809,0.24882614659610713
18811,0.5784550928718176
18813,0.47172865836024774
18820,0.15377540017640168
18832,0.44966856343163275
18835,0.6722696040193091
18836,0.9006450144843936
18844,0.5832287620456441
18849,0.30362967273669256
18850,0.2810515183094541
18851,0.4437148300897866
18852,0.476013575809187
18853,0.8921296329727241
18855,0.6093193821702245
18856,0.24029896273454415
18869,0.7755155290604729
18892,0.19757803273458352
18898,0.3295738325173289
18900,0.2020565804526044
18901,0.46024900093597576
18902,0.8253851560845988
18908,0.26728824068012647
18921,0.9559211388715594
18935,0.8905224739608577
18949,0.6408036986309333
18956,0.7918324156448191
18957,0.8118278549945291
18977,0.22310441745990353
18978,0.24751001973474282
18979,0.41845427051940876
18984,0.7547918973623584
18998,0.658427600512352
19001,0.40017670983400194
19009,0.21337288324728845
19012,0.7613280181007291
19019,0.16409194854777254
19021,0.7211381250619735
19028,0.4616153305294387
19045,0.8286705766154174
19050,0.5899210753326387
19063,0.48267931357635047
19065,0.8691884471626533
19068,0.10330675529296139
19077,0.5748957605400588
19084,0.3128143270840895
19086,0.475346776666891
19094,0.5083957266002298
19096,0.35907555660303075
19110,0.9869124859425248
19131,0.523525925410069
19132,0.5353275701086913
19135,0.4717485571661904
19138,0.8216915841372217
19139,0.5257342310909914
19147,0.28039087609927266
19149,0.71748302234442
19162,0.12005747898698592
19172,0.7254498227141973
19180,0.8413780354132306
19195,0.22963287539052998
19204,0.6963046373422254
19208,0.9254808969750069
19227,0.6276405908447296
19239,0.2856318279036049
19240,0.6285815874834018
19246,0.4743142338899058
19247,0.4890606010273754
19251,0.3128965043719498
19263,0.2819752118889535
19271,0.34969749190267335
19273,0.47547308360003787
19276,0.35156646859881396
19277,0.4636389665785518
19279,0.4239143697663915
19283,0.6940562051216842
19304,0.4263899554009504
19311,0.051154667565173555
19313,0.8513578428896974
19319,0.70292717964757
19334,0.5896081801382712
19339,0.518115292697242
19344,0.42575172285558677
19345,0.10542826388107839
19347,0.7054344102407545
19348,0.347575515786979
19353,0.6045907678535158
19357,0.6497717953392307
19360,0.28459850889384486
19361,0.9719429597495699
19362,0.4346311588445559
19385,0.5749127525490562
19411,0.2499095314653567
19424,0.3182566205523388
19428,0.5307072002301157
19438,0.12213839984073051
19446,0.6314644634242264
19450,0.03409716301312084
19456,0.39293778345881125
19460,0.6168213426821986
19466,0.5562254592425567
19468,0.8852294958976609
19480,0.4031616736752185
19496,0.7990057321459771
19498,0.6445229627793437
19522,0.18631698857627566
19529,0.4297511979570086
19538,0.6350503672474214
19543,0.3362376192721121
19557,0.5018510261803055
19563,0.20011691263153378
19567,0.3228358599552667
19572,0.4040812638119299
19594,0.36201390770519704
19607,0.5435434663742675
19617,0.47264187927651735
19623,0.5796672548668443
19629,0.4773666646746478
19630,0.48834912009178705
19638,0.7314082918808235
19652,0.6056197345421565
19657,0.5630010159827802
19667,0.7400674583456012
19681,0.2022807166248173
19682,0.13525932554847286
19687,0.48765385040711257
19689,0.13153992458179722
19736,0.8855416782896972
19744,0.3011819954414449
19745,0.7781860254349466
19751,0.19148845233246223
19757,0.03951003731894327
19767,0.40721173281370965
19768,0.3757383183329153
19769,0.27676854159224695
19778,0.8414352957706818
19784,0.06865837260251807
19792,0.6095844199741152
19793,0.3447859317489766
19797,0.11453932270018197
19812,0.3386602573665805
19816,0.3912556500253319
19824,0.9087983908770938
19825,0.7527627869700408
19826,0.6951997855848651
19828,0.8910964977751087
19829,0.40533413399213974
19830,0.5474171696367841
19836,0.9787620957545993
19838,0.15932532370259156
19842,0.3878337739114429
19847,0.4539729612790495
19852,0.368028937378601
19863,0.6735687907607312
19864,0.3316517111695766
19866,0.7027609727204057
19867,0.7593885251805246
19878,0.0842722368416177
19881,0.6146180018261714
19883,0.12353096685053132
19885,0.2333404263175174
19903,0.646483140714295
19907,0.694693220246769
19925,0.6337718067064628
19938,0.8975959165350211
19943,0.9282586422334462
19947,0.24250902197651683
19951,0.6363524189179126
19956,0.48696160586530873
19964,0.5334378464274364
19967,0.35688116721156604
19970,0.7338148786844141
19974,0.10799765110021729
19978,0.18281375384207896
19984,0.5222365514413095
19993,0.7094466999218656
19996,0.21658558121966898
20002,0.5057053250748527
20013,0.40500612069872627
20016,0.6746212590216941
20017,0.8119093711346344
20035,0.6693082699765507
20038,0.5039463781994322
20039,0.6510892419159503
20041,0.547668454783377
20042,0.24314834174754513
20044,0.22619068544991705
20045,0.7373585680089566
20052,0.5738682104758345
20100,0.6713866116219844
20101,0.6389599814732922
20109,0.5325629849839858
20111,0.4482737052156614
20125,0.5179043329543199
20129,0.6545060662897983
20152,0.41619468731560927
20170,0.49712147597539186
20171,0.6950692659322762
20173,0.8883421531027627
20179,0.41682801750276594
20182,0.8175569378374886
20185,0.7528298461859397
20186,0.22595297728767935
20197,0.3392059793758315
20212,0.14452095889665387
20214,0.8073067107662197
20219,0.18012866711313952
20224,0.7659125918533918
20227,0.26995825589826167
20233,0.6853164301668776
20250,0.3365222920110986
20254,0.3476720943209963
20256,0.45767533303301505
20257,0.1678313714535543
20260,0.48537157692954513
20284,0.37056389949915175
20285,0.5181678675835554
20305,0.4428198535899254
20318,0.7559395887643676
20341,0.7784473610219987
20348,0.21458277839744397
20349,0.5250027911318776
20370,0.8117794551095651
20376,0.3846123722271588
20381,0.5569589483501999
20393,0.7857779874071336
20402,0.8598749621839072
20403,0.497783347756149
20408,0.94451908818818
20423,0.44942151842938727
20426,0.6856071447838187
20427,0.23645411652060166
20445,0.31062587565777544
20454,0.482024275878696
20459,0.38417649474315185
20463,0.49849935758233316
20464,0.5896400497215398
20485,0.2922603201887234
20487,0.21340347446038538
20503,0.7821862169563368
20506,0.5614885185780066
20510,0.22938338988558438
20514,0.7218308842433045
20522,0.24503845626367654
20532,0.6324681793540243
20538,0.7449108653252914
20539,0.3700348820983259
20551,0.3448648846441092
20558,0.4715761946674216
20560,0.3899834641421572
20572,0.7275175356117907
20578,0.7240405143756725
20597,0.19090267712212766
20598,0.8990763818397899
20599,0.4148034795242506
20605,0.5756259517949361
20608,0.3739205221392386
20610,0.2664076154763156
20617,0.7450782419048328
20618,0.21895309801127333
20620,0.04173667286369633
20625,0.5768640084872216
20648,0.6673571530594502
20649,0.7515401908465983
20655,0.48925924135715776
20664,0.7677686360169221
20667,0.5928957828100984
20678,0.18527868001007214
20682,0.4503821933187569
20683,0.8894218235399388
20689,0.7204936767521094
20698,0.40319456006124804
20722,0.3245773758711287
20726,0.22565944333918558
20746,0.4151253191156032
20748,0.8398190170937672
20753,0.8546985126953823
20757,0.2750107632987086
20761,0.9259348210971565
20764,0.8066039825421998
20775,0.38926777693563464
20778,0.8220071602655428
20779,0.3848891564399521
20783,0.33601621565437406
20785,0.6300207054258457
20787,0.6678469025865396
20790,0.603487357289329
20806,0.6867628139578186
20809,0.4449295305266376
20821,0.3463075736006019
20823,0.4880814705040386
20827,0.1548955903163281
20829,0.461067430241973
20832,0.5034462814693712
20833,0.492117509350804
20839,0.4693383959495482
20859,0.8377312136940398
20862,0.860657900210883
20865,0.699400035678376
20871,0.4678964222883106
20881,0.6836123581295206
20882,0.21002619131760042
20895,0.4159700846129956
20896,0.565914528671728
20899,0.8167643912899255
20913,0.39703655723465237
20914,0.13486095742931287
20916,0.25583572529801574
20922,0.2945393362985655
20923,0.6608870314494263
20928,0.5532760830774542
20935,0.59042195652976
20936,0.2532977466703738
20947,0.717311266909724
20956,0.7948342283021734
20961,0.6699070917957858
20963,0.5302231928071479
20977,0.31469785742691336
20982,0.28222132289322444
21002,0.3202140071900221
21003,0.6272252734895378
21031,0.33919568814603235
21033,0.2838146308543969
21037,0.7371683925988372
21044,0.2890755873252569
21052,0.40668997251014377
21056,0.2520777168247096
21063,0.6975520879126544
21064,0.2791600121284931
21076,0.7715249788969383
21087,0.5343679101450941
21090,0.16085770786336748
21092,0.4967875789259027
21105,0.46205634131339496
21108,0.35986476990654803
21111,0.8735815106982083
21142,0.43106454129288624
21152,0.542808377834974
21166,0.358448816443171
21169,0.6055284785784544
21182,0.31935058852803816
21213,0.4271808536179831
21214,0.33891669790181217
21217,0.12338958237158296
21223,0.731147705676157
21238,0.8523616519688365
21240,0.8341561572533804
21255,0.6123845797335223
21257,0.770679306173063
21261,0.7152855618488125
21268,0.8105675192823567
21270,0.4642365319769917
21278,0.26099780344474566
21284,0.48592451760637495
21294,0.6837029875223306
21297,0.4116991345341
21298,0.3688435806765417
21322,0.8188718498968491
21324,0.5163869496463739
21328,0.6905559273065072
21342,0.6608428257643817
21349,0.5579886606860823
21353,0.26049472250231887
21359,0.7001210946460025
21369,0.6240343695385079
21370,0.23664119817041993
21380,0.22730649763802402
21383,0.3500455082117256
21385,0.6618051925817955
21389,0.469098826868366
21393,0.8654592497567337
21400,0.4324752420096464
21401,0.8134412721371181
21419,0.23348003994183955
21420,0.18514431366667103
21422,0.21503721346203714
21423,0.8142144602074574
21424,0.9177062002980668
21440,0.7177953889738554
21458,0.40297999995964956
21460,0.7466625536877506
21461,0.5082687715635517
21463,0.5857761141378601
21464,0.5186881925959936
21487,0.43756755383287743
21488,0.30442008342501414
21495,0.7384069384907842
21502,0.6919671014181524
21503,0.2793343003379253
21506,0.8273100831837217
21507,0.7460722844491988
21513,0.5179394212290546
21514,0.6228269253915445
21520,0.6191973868276878
21522,0.2692046547184738
21526,0.19883548899723685
21531,0.88113855514429
21535,0.6244547041334793
21541,0.6134951468444559
21545,0.24861830905587606
21548,0.4436884072539966
21559,0.6055348018710512
21571,0.06339825698686041
21572,0.22896328463617235
21574,0.20430386330169842
21575,0.5612108878748361
21604,0.4993898057410373
21605,0.47278413937479286
21649,0.5787894076710031
21653,0.7114707941219605
21659,0.842129348722374
21661,0.6991041799438725
21674,0.7821175406489544
21679,0.327925994642044
21685,0.39858580651942827
21694,0.18719037682474035
21703,0.3020660777092402
21707,0.2351415667558617
21710,0.5524858338072087
21712,0.9127304162236728
21716,0.6274508215965129
21722,0.4637756323697495
21734,0.07756301857285967
21736,0.38928474340551367
21737,0.8308149348677053
21748,0.6627804500416979
21751,0.5337045689370035
21756,0.7200197530203568
21760,0.440359670366822
21761,0.6596497654437119
21762,0.5073385243379355
21769,0.21544848112039736
21771,0.8288058071232656
21776,0.6641873345171466
21779,0.6275978199669353
21786,0.45396208701404045
21791,0.12977476006478594
21793,0.3432015983576615
21816,0.43863185631125456
21835,0.6749396960893912
21846,0.8381807419845678
21850,0.35683296459132263
21851,0.4876984276296697
21854,0.6624355974873627
21878,0.627984671627499
21891,0.2963256202742194
21892,0.2572798433969996
21909,0.47382398178040397
21917,0.8396188435827246
21918,0.5938309806325466
21920,0.6424568775501447
21921,0.6182706743945268
21927,0.8656868804665164
21958,0.4282588905733627
21959,0.6326930811380864
21961,0.8417892571975453
21974,0.9166064806712116
21985,0.3217842584655862
21989,0.2054121391132729
21991,0.5727050586890873
22003,0.5001223162191137
22004,0.7399000397836412
22006,0.7368790837913125
22010,0.2287193793546191
22011,0.35341314653280764
22015,0.1853801112714231
22019,0.39144970148229424
22020,0.2867765080035144
22024,0.8699410909419732
22030,0.45231372672089454
22034,0.27170529769198176
22037,0.6940694879272041
22053,0.5819861709299319
22058,0.4806978657323851
22071,0.6341048390819316
22072,0.5667510284306702
22074,0.7267710922038341
22080,0.6288085390201442
22085,0.3643899635469408
22091,0.6606972756897388
22093,0.2410074367702834
22115,0.17100111099111368
22122,0.5644277334042377
22128,0.5820405990268075
22137,0.32930867100501643
22140,0.46770247154383765
22159,0.8651303701350833
22163,0.10077332719368623
22165,0.8850349527678716
22172,0.4335254866117934
22180,0.5754942766049578
22187,0.37818459112961655
22196,0.3660326461835739
22205,0.7880240648297941
22215,0.6232967253489672
22221,0.35888118464587804
22236,0.7803711506172851
22246,0.47500304243451075
22248,0.5864504689898167
22258,0.12986444932097643
22263,0.5667108433714095
22271,0.6186143168378325
22280,0.8036456066176645
22297,0.3984499947523387
22299,0.7507726300670268
22306,0.5285959080911588
22307,0.29657801283805285
22321,0.13558192161918034
22328,0.6207369703570309
22334,0.7649873471562696
22336,0.2634135249337768
22341,0.7999448464467364
22371,0.42395507131023386
22387,0.7456651079767737
22399,0.30762275616657664
22408,0.5724725693778406
22427,0.7416683322652056
22428,0.5277684233400696
22437,0.5849177529266882
22440,0.13908678440882993
22442,0.40442308440736363
22448,0.1783456926248435
22449,0.9436599047525618
22463,0.428227374715271
22467,0.7110996445597261
22478,0.5318278070416712
22504,0.7556742922550239
22522,0.5486921808449661
22524,0.3820777754295511
22526,0.27400904628616674
22527,0.6603679711948801
22533,0.8522674618468927
22536,0.6900810125163778
22550,0.5227291789083843
22558,0.814481055906431
22559,0.8634048829468159
22562,0.2635041721593266
22568,0.902477040252721
22598,0.10861460579214134
22605,0.2318963849570545
22608,0.37091030770169026
22613,0.37324693827679134
22616,0.17977742937230665
22617,0.6715862761575669
22623,0.42911351769016615
22624,0.7749465976975004
22627,0.04663214479112106
22647,0.10146634825408311
22650,0.8776774907171292
22654,0.31991395182788346
22660,0.891464423972305
22677,0.22611976585282859
22692,0.42856882073926683
22709,0.7996441783106307
22710,0.49804058957777625
22738,0.6143824315594206
22740,0.622064814024496
22745,0.6543784093952025
22749,0.30113617561856165
22752,0.11520995033261505
22761,0.8094594176443936
22777,0.2963592163231147
22798,0.6369661943096522
22802,0.6648606124202596
22806,0.4715094083110672
22808,0.7432148058946533
22810,0.30886368409182474
22817,0.13872275676757195
22824,0.6971907950491751
22829,0.5112475124807653
22856,0.5646257951082984
22858,0.5277057428779445
22863,0.18188432759021486
22864,0.24990823584531482
22874,0.939198925363109
22875,0.7017200380748131
22876,0.29543862326046966
22881,0.4866716738676569
22892,0.5945642855685316
22897,0.2972328883193453
22918,0.5188067108248839
22927,0.42207206031482286
22937,0.11160626276778243
22952,0.7751536480933249
22967,0.26162795221626195
22968,0.45568420350814426
22972,0.2134923944221443
22976,0.3074155008003827
22977,0.36723267017246086
22987,0.38755934942618764
22988,0.703010455019499
22990,0.5517994378228549
22993,0.5773290230472696
22999,0.21208134859205863
23001,0.4919351330519358
23002,0.9148608011553955
23006,0.0831596603263691
23017,0.38895736185284846
23020,0.3927782870216657
23024,0.5525442859275581
23028,0.07693153454550908
23030,0.1022196890734015
23038,0.07051589802728417
23039,0.5374547637125427
23046,0.48852434821907476
23053,0.7392793856334577
23074,0.6654221919849665
23078,0.21233967835273965
23080,0.37874953516468823
23093,0.8365257430726402
23102,0.2033843532791251
23104,0.41575176509120165
23108,0.39570829101125815
23124,0.6696193589882106
23125,0.23645188363981517
23131,0.6419826774519996
23132,0.3814836300059358
23133,0.7490720368187072
23135,0.5246171188012799
23138,0.24795076673917474
23143,0.6255190904314584
23154,0.4536300601941003
23156,0.6106399863312708
23159,0.5535436820686888
23167,0.42481753172868125
23175,0.07149821867279121
23183,0.44644820101148186
23194,0.9043546443363482
23195,0.412856868805527
23200,0.691966801425416
23202,0.30817690517992846
23206,0.4013945908615833
23207,0.47094669344104484
23210,0.25065798018585855
23211,0.45863575865588035
23216,0.6534713541288618
23217,0.48444198241799574
23232,0.5925626986961892
23233,0.7791376787443244
23234,0.5380943470856484
23251,0.7813091629477015
23253,0.7539949393281176
23270,0.8912721193209366
23294,0.5338414864871399
23314,0.7826020882468705
23326,0.9430891326902032
23330,0.1434820102632483
23331,0.45009835872868215
23334,0.3887325306289094
23364,0.7320020286326472
23384,0.6593175837654849
23390,0.7220287968917576
23394,0.5270088612069207
23401,0.5279932842351023
23408,0.6936673520305537
23411,0.4466975140499441
23415,0.42422203029302585
23429,0.819903440949033
23461,0.6884708934581291
23463,0.7951891654724318
23469,0.5143309003986263
23473,0.21011039580818017
23474,0.33935947903183766
23477,0.7498188645021965
23479,0.32085659013856604
23480,0.40703606727810476
23481,0.934331371869664
23483,0.351399055982565
23487,0.46912696953018584
23493,0.5276296609375536
23494,0.19460058455454068
23496,0.5618557491147285
23499,0.8595367776806975
23500,0.20601316595207203
23507,0.40078229682620303
23508,0.8987466466978377
23509,0.12285253961275604
23511,0.5593837882510587
23522,0.723456406769809
23523,0.4115278134281842
23533,0.29023387188473254
23534,0.7390657790340496
23539,0.7230524609866624
23545,0.5789467643567983
23561,0.10123198046223043
23564,0.3332592331498904
23576,0.4674388440470804
23594,0.44848814930897096
23595,0.17268503052313075
23596,0.37209073574553636
23606,0.3877531804718852
23608,0.15278565182724066
23612,0.3950336629332003
23627,0.8400884617723685
23631,0.42843436674387614
23632,0.6321619176282317
23635,0.3751860745627657
23640,0.712346545169699
23642,0.8074789785072287
23653,0.3474282572677059
23663,0.13236300695654446
23666,0.5566626135555058
23668,0.17415097826191084
23669,0.33024740012183645
23673,0.828515634821448
23678,0.3792920748686702
23682,0.2866752140659735
23688,0.7623750779190948
23694,0.9152842536239849
23703,0.44987989700224934
23707,0.04553706204911085
23737,0.704742067105915
23746,0.238055649428066
23748,0.3758700351861335
23751,0.2731137492227023
23759,0.7734735946267952
23761,0.4604428474325788
23766,0.4622242704275641
23772,0.5941534084939327
23774,0.19172714951295167
23781,0.9152036104969965
23783,0.3861357463613782
23786,0.21109027142716855
23792,0.6475864507558008
23801,0.560071518361945
23815,0.16711798163496205
23819,0.31540236646466535
23825,0.6526655760790416
23828,0.6635303866108199
23832,0.6283267035139682
23853,0.3739500361380369
23870,0.4603236785511145
23885,0.37987953607114017
23887,0.5146019165981014
23896,0.7251852096967091
23913,0.7338385832755437
23916,0.3378559218436682
23922,0.6397680532393701
23923,0.5330139370127465
23931,0.9223774182507453
23944,0.2990807302758246
23947,0.4313423199769491
23948,0.458141699301945
23951,0.19520864854625772
23959,0.23463236603823737
23962,0.531734674101404
23963,0.39645060612456995
23967,0.6067907989105658
23973,0.6342789725828625
23984,0.604065049378278
23990,0.26049031748389845
23992,0.6741533042752781
23994,0.7483695283109717
24001,0.9620829954250882
24016,0.7779993304063448
24022,0.5709637334307174
24030,0.3874224417591008
24038,0.7005479575753993
24048,0.3458635679061086
24069,0.8447757300328466
24087,0.8441917130198668
24094,0.5422215098244777
24096,0.3489591575806598
24097,0.7873988673451737
24098,0.8338938800746939
24107,0.23552089481947958
24116,0.47365927347077064
24118,0.3052229706928241
24124,0.7661727060230226
24130,0.8488501153762191
24134,0.08476006143987122
24135,0.18157457707855956
24136,0.38298026671620894
24140,0.6601470622681509
24151,0.4938072276704
24158,0.49058116178709543
24162,0.829246736885251
24177,0.25780500859981814
24178,0.5730725792295681
24195,0.7058399355400401
24201,0.4916711778960537
24202,0.6532869624206029
24204,0.5480808599100188
24212,0.5965409680691557
24218,0.6189700882757011
24221,0.730258803705836
24225,0.5233795133770041
24230,0.5225572492989948
24236,0.7099284788966179
24240,0.4514603802222593
24248,0.6202590985934358
24253,0.6880223821340188
24258,0.490945137836504
24259,0.6907014822442684
24272,0.5379956833655959
24279,0.618943168088472
24282,0.30377446652571427
24290,0.6384231684421641
24300,0.9291917269996178
24303,0.5260573207765542
24305,0.6273328482715459
24310,0.9367253720135128
24316,0.7567530574555776
24325,0.662820125921362
24331,0.384362123527964
24344,0.7055618035989348
24350,0.4039229723889977
24351,0.6237967881884894
24356,0.3634645599903427
24358,0.7341775828238649
24361,0.814319858998584
24363,0.27998015453625585
24368,0.5927124294302589
24389,0.33635702243559396
24390,0.43015249629602575
24403,0.5042644228593075
24406,0.5577851134026307
24412,0.48035562028517104
24413,0.6680880864630269
24417,0.49862450497015737
24430,0.41520891624614137
24446,0.5275882077842386
24449,0.7144189624338895
24461,0.5055160995428898
24464,0.36002913284599647
24465,0.490931420765691
24474,0.3968168558324381
24482,0.2552296458107729
24486,0.4295001784283722
24490,0.5999934579735933
24512,0.7129542152139798
24515,0.8353703256086495
24519,0.491527099907501
24522,0.31848217834717557
24532,0.679373677743502
24566,0.5639818988079045
24569,0.8128771111472385
24573,0.38116531689278743
24580,0.32873761588529027
24581,0.27492339861017506
24585,0.6351932082695773
24586,0.1017004006994792
24600,0.6976571589759198
24605,0.3998837648465786
24609,0.6751069949489623
24612,0.6186137954211475
24614,0.6083005544430536
24620,0.22597485544528342
24623,0.044806114216333896
24639,0.47476585069164834
24644,0.675902742601788
24645,0.8749177243873597
24657,0.168471396612958
24660,0.5304552057512518
24675,0.4459103360322292
24678,0.43019147289768
24694,0.3781852529459557
24695,0.7765834706514837
24715,0.6182086625706764
24723,0.41755453950175514
24724,0.48600780005379274
24727,0.3579707169871484
24738,0.20419253146638316
24748,0.47266280303706903
24751,0.2308994373619249
24756,0.24447314658826794
24761,0.36678232450133785
24763,0.8791071435997765
24766,0.12915248464877888
24775,0.2987191362966994
24779,0.9078408484648012
24783,0.5665672453526333
24810,0.3982659770422515
24813,0.6559240350758649
24816,0.48836535486365473
24818,0.6719531046362353
24826,0.53854513717819
24833,0.742198348407766
24837,0.6024040316319219
24840,0.23393518217983508
24841,0.27312432007837395
24854,0.6507315580786194
24857,0.6284145973467745
24859,0.3565419812710952
24871,0.6057134784422827
24880,0.596298794217488
24884,0.41182909775427406
24895,0.4553050582845857
24905,0.5025323794122207
24908,0.837903956314276
24921,0.2575831582923797
24931,0.7087791685864868
24937,0.24060719053419227
24969,0.3765061949672241
24978,0.36374593811501515
24983,0.6370064491676078
24984,0.3536265657958361
24995,0.6922059368082019
24999,0.8343832468664232
25017,0.47094719160993953
25023,0.38416956739076064
25036,0.1104212865155408
25046,0.7051466246325299
25048,0.0722015994657034
25052,0.6814074788799972
25053,0.5872868834075968
25057,0.6084263838301046
25065,0.8221061940295992
25078,0.5828141119556288
25084,0.3054895665972966
25088,0.24123777537479538
25092,0.07387733029502237
25093,0.6463114556237471
25098,0.9154143819314794
25100,0.2606126926533346
25120,0.8741364781001913
25124,0.668561205800812
25125,0.3926165069795291
25128,0.6556979729375485
25131,0.9464694446292106
25132,0.5427706597819204
25135,0.7467093287228783
25140,0.6813219142467364
25144,0.6197341247653726
25147,0.5474372076990383
25153,0.08974622080466221
25156,0.21237933188837338
25158,0.569297212811303
25160,0.4313778014962484
25167,0.7900286219517911
25170,0.35460992325689483
25180,0.18109380724666216
25192,0.6511100364660696
25194,0.7173553651806567
25208,0.4764374550725826
25210,0.36955136208626493
25213,0.33495611475681697
25238,0.7607840936101228
25254,0.8300714628121436
25273,0.6199743931743177
25294,0.3240981611963751
25299,0.2237142309320334
25308,0.4025528698353002
25321,0.2377065745490823
25324,0.9003904055960821
25333,0.5895028991638583
25358,0.16552492832313798
25365,0.3713877712166903
25366,0.7515708569869491
25378,0.16989208153931298
25382,0.6278820302092022
25384,0.6287306980665267
25389,0.8432136145830593
25393,0.5752962715659504
25397,0.3012831502389451
25405,0.533896117691052
25408,0.3766036269386529
25425,0.9464274733164697
25427,0.6387026831301265
25432,0.22146481394986053
25435,0.3703754645502579
25439,0.7688844337208914
25441,0.13393159671007626
25442,0.7729869233683675
25447,0.3034565184198106
25451,0.4333393263956304
25452,0.5685055696665383
25477,0.5395875070183863
25481,0.5862686251732692
25490,0.8186077638968657
25494,0.6213521216587378
25498,0.5750461529298302
25500,0.17480301048869062
25505,0.33773402380526113
25508,0.05748758487032024
25519,0.5567752936316664
25525,0.5297517622675137
25529,0.6065272059086152
25537,0.11059289717816558
25541,0.7132169826710948
25550,0.804676351622305
25557,0.3963164108327238
25566,0.6693437644711794
25575,0.11853059561696314
25576,0.8643673082495927
25582,0.6807098113153908
25584,0.17102241176979963
25589,0.27214119776796697
25595,0.8228820888128301
25613,0.09967907524867674
25615,0.45297531883190706
25618,0.36774437500763035
25627,0.5167411758996938
25660,0.6029027603287095
25668,0.479251087242073
25670,0.7858220313809712
25676,0.6803269586342188
25677,0.33314152885139514
25688,0.7178273102824474
25694,0.837846483435445
25708,0.5322345316608162
25713,0.4477010538526223
25714,0.35187214058870836
25725,0.3970516312307122
25734,0.5512244188228769
25744,0.1688022348755793
25745,0.37404199028368734
25772,0.44387426856667783
25784,0.5566001933746552
25787,0.28840655404712745
25798,0.6288193774315113
25799,0.6408209040064895
25804,0.5436587099832014
25806,0.4777049054434432
25810,0.413758852910345
25811,0.3979604484153298
25813,0.9633636586295321
25818,0.7971554120036818
25823,0.6590826308122738
25825,0.8987318128576496
25829,0.4046680106438376
25832,0.6605780177497127
25838,0.8849709543442497
25839,0.7022264828389827
25847,0.3388497307245924
25850,0.9047606908093699
25852,0.7963339719270256
25853,0.3761038680049262
25860,0.1900961355797427
25862,0.6876833844037258
25870,0.8043149133960514
25878,0.30057581825974256
25882,0.5677248507211957
25888,0.5310144739381103
25891,0.11609570569760241
25895,0.4497272281218355
25899,0.4570063948743306
25918,0.2634730221849954
25939,0.754698684099778
25959,0.44941850664533284
25989,0.7100284867182383
25994,0.8573989512102248
25995,0.7802021349135544
25997,0.29615787723229303
26013,0.6061165364438346
26020,0.39592723052193945
26023,0.3908065366249872
26025,0.34824048821730463
26058,0.8278665266014068
26076,0.3423741109272155
26077,0.5913890333570886
26078,0.45029904353499983
26091,0.5340484460129734
26092,0.720757725253177
26097,0.7064501959649011
26107,0.6608596119287916
26108,0.49686946427972967
26118,0.23317879041742218
26121,0.4739656354770449
26133,0.5982020579830286
26139,0.2845208279904574
26145,0.07205628506964973
26147,0.8304328452929683
26149,0.710649666046631
26153,0.38092474484156297
26165,0.037284925920376626
26174,0.5141467402527067
26177,0.6101219886659494
26179,0.468039184246916
26181,0.40671109103547826
26183,0.7844075402148516
26190,0.30564655233810584
26200,0.6374710970987206
26215,0.8458508538980792
26232,0.5279649988123413
26247,0.10123126211301799
26253,0.7085571919533264
26257,0.1788138203766334
26258,0.6857588639565141
26268,0.4037897825929199
26279,0.14289181424014688
26285,0.2258107212292763
26289,0.19370151986718606
26307,0.3156647361812
26318,0.5718260255750015
26321,0.16863171890267642
26329,0.6823921617875979
26334,0.7156166476717825
26335,0.6680071709299763
26338,0.42129628527102597
26340,0.8132335776018589
26341,0.6682190686230385
26346,0.040254108931795936
26348,0.4192180789961537
26372,0.2875343257159912
26394,0.13846505036308246
26401,0.34693624920731225
26403,0.7461101065166438
26435,0.22633310836402537
26440,0.18258010627493915
26448,0.542528547733431
26465,0.499784528491266
26471,0.4280885478820609
26487,0.12339911888361225
26497,0.7145475283532347
26498,0.8406586024222606
26499,0.22774480897832142
26504,0.5385029790823062
26505,0.40186218782342487
26506,0.018589282151486006
26536,0.5634101668553942
26548,0.11403851073702881
26551,0.4227818308482184
26552,0.6434358872964956
26560,0.03269120121588711
26563,0.24402578998913577
26571,0.17532286332014457
26578,0.15437184549939884
26588,0.5748272095486905
26591,0.3946037689545705
26601,0.2988801003404363
26603,0.6062495147778837
26616,0.7119978618905418
26623,0.17209444174603986
26654,0.5117608076427912
26655,0.21699725272047932
26671,0.6709037262017271
26680,0.5108172704494335
26684,0.37284760898575375
26687,0.36338344113055204
26688,0.35875489946389055
26694,0.4002399160982004
26696,0.9282564112642067
26704,0.835717607286127
26705,0.20548979726000735
26709,0.5906220527965039
26725,0.4935732462393663
26726,0.7219326788772642
26736,0.48602390061934475
26743,0.6444379068090859
26750,0.1948999340969002
26751,0.28681970385799394
26752,0.5044086265059393
26753,0.7806022218844553
26755,0.5529978121575334
26769,0.4161797476365867
26771,0.30725828111463355
26776,0.10060790678928251
26782,0.606226807889982
26784,0.5414477306784957
26789,0.10040500637441445
26792,0.4566503496756229
26801,0.8986930004165777
26814,0.6993155008037836
26817,0.16959540032160814
26818,0.8021994288856559
26826,0.47159927377148086
26855,0.203862729859949
26857,0.5790664945010007
26861,0.4894641726119772
26864,0.212781063391828
26872,0.8770471077923941
26885,0.6850795060927304
26886,0.6618735493526983
26890,0.5166214364597472
26899,0.3846752268638127
26904,0.041233279435735924
26911,0.712231353478144
26912,0.13925174214908986
26921,0.8026583608064372
26924,0.48233645161951166
26934,0.23353458914638642
26940,0.8064659798457473
26946,0.7121537519094224
26950,0.5305232911334457
26954,0.5619971033603112
26968,0.3746677944115873
26971,0.7175457162512818
26974,0.6094446950064532
26992,0.8780006296511222
27004,0.632450467627945
27005,0.7739788690888966
27031,0.5245462945164556
27032,0.7703574851569789
27037,0.9005443426762467
27041,0.5266419004609275
27045,0.2398034832037459
27052,0.6518106584354479
27062,0.6415030746984727
27075,0.48357992023813756
27080,0.8110815037823609
27091,0.794974675542313
27101,0.3125300172932275
27106,0.5648739861941954
27109,0.5653589619103092
27130,0.4752811841406875
27132,0.3228619690225308
27133,0.5510219177173252
27160,0.522206142931744
27186,0.24632949862953057
27187,0.8266794435076441
27191,0.4936087230312052
27199,0.2524069333629171
27223,0.5133832021507626
27225,0.4517995165781671
27230,0.39369778139226197
27237,0.26906733038600383
27238,0.6296986805093723
27242,0.24493913305686912
27250,0.07644891764217657
27259,0.7542675601531387
27262,0.6035825316433181
27294,0.4299832494604159
27300,0.09549074440176496
27326,0.4448145444441958
27327,0.21824905982944268
27353,0.7387275960491092
27384,0.5577636712511437
27385,0.7907583732957096
27394,0.11209768401503065
27398,0.3292508165594237
27417,0.6888555431529427
27418,0.588870314504781
27421,0.9541710947152976
27438,0.39443169590059285
27443,0.5078215562585188
27445,0.9045040743327891
27450,0.6763243667551525
27458,0.4033030320291703
27461,0.8133047250328215
27462,0.5980598067856683
27469,0.4800008598763065
27483,0.5946326325343617
27486,0.17089094492126913
27491,0.7197554956232393
27495,0.8872984242278344
27497,0.9251035714425078
27516,0.5967031799452411
27523,0.9640671157084746
27528,0.10490263537523432
27534,0.519134858587394
27536,0.702259393222816
27539,0.5311058118985872
27550,0.025776963936267692
27556,0.1860566689653694
27558,0.6494990031631336
27562,0.2717907308521944
27566,0.7867631185489986
27569,0.3002380879554158
27577,0.3745325585753201
27589,0.2988558099508869
27594,0.8138021462939867
27596,0.4797223350520495
27601,0.17343988233558674
27604,0.23855019078405792
27605,0.948958239887541
27615,0.3898825256823447
27618,0.6216450611306644
27628,0.1914176218764799
27634,0.8865444875521095
27641,0.4046589736319211
27655,0.7339052148439783
27656,0.07827470434492712
27660,0.4029138158202467
27664,0.7411377716836134
27665,0.5728654845759888
27669,0.7696717803855566
27673,0.21490580390220745
27680,0.8683849425534772
27683,0.5046688576029925
27684,0.1887263526008851
27690,0.8664522653234703
27698,0.6597899855339638
27699,0.5906789778759505
27706,0.5626581442476254
27709,0.009906559684909826
27711,0.5332028261649961
27713,0.4188676656675439
27723,0.3660575531966424
27726,0.8829053594061833
27734,0.12740311871022458
27749,0.3710021067850103
27753,0.6332071217644506
27762,0.8099903455291421
27783,0.9028906362885125
27785,0.5551074063324125
27786,0.23845167473447723
27790,0.5258928740472242
27805,0.3629132430020009
27811,0.6252743027479976
27817,0.7127716755880462
27829,0.5646261847888717
27834,0.33866297064057577
27842,0.8270062072167111
27851,0.6140934301820397
27856,0.3686065657055139
27863,0.566856649374632
27868,0.7827285281415397
27870,0.269541540653777
27872,0.6509689231562648
27874,0.39489448758611084
27884,0.3182312256267151
27890,0.5000951568950067
27896,0.493302370829506
27899,0.7649360204993378
27910,0.2798599911104319
27915,0.67024772844999
27918,0.8133836809578834
27919,0.3548867054665505
27920,0.2878325434678855
27921,0.304397532085312
27925,0.6359332977416695
27926,0.7941819861792194
27963,0.05821839271026864
27964,0.7748842465084435
27973,0.5344767317201171
27977,0.6144836069598082
27979,0.11937421523597345
27985,0.6209168979412347
27998,0.5626957298506112
28003,0.06375460938635621
28004,0.28655988801988563
28011,0.43680953523905386
28018,0.6997469467012588
28024,0.9684544373111834
28029,0.5240077209656792
28031,0.24655818058372103
28039,0.07600956185745314
28042,0.5690212209397256
28051,0.2204350023037498
28058,0.33038592695792485
28060,0.7639314072254499
28067,0.8324657375308319
28074,0.20027865941197534
28078,0.04083479978212247
28085,0.47460737987708035
28104,0.22594604379184624
28111,0.6243087895308617
28118,0.6650101490604058
28132,0.8860810366917394
28136,0.12803010955332414
28145,0.3441324273064704
28151,0.21617551178958322
28159,0.9016199460508011
28185,0.1679999154305045
28191,0.33583899213788726
28197,0.6627875529186296
28226,0.3806752393174029
28228,0.8726828556597234
28229,0.08902812015587837
28232,0.865387383463209
28250,0.7026709243122196
28260,0.6925602840111916
28266,0.5588155701236442
28280,0.14944578842775358
28288,0.5015142047934009
28296,0.5306439706974743
28344,0.5771957186165207
28352,0.155378053039515
28364,0.7941806141393758
28379,0.5382052014294154
28381,0.763863046839198
28382,0.2384513062396305
28386,0.6254947178036918
28390,0.27618420320904014
28394,0.8743819102427809
28395,0.190721546237101
28397,0.47713806617565313
28419,0.32000724882054765
28424,0.7627364535698257
28432,0.6735716878125503
28435,0.8538934657655728
28437,0.43636830086364586
28439,0.2828067777449665
28440,0.03162263650898488
28457,0.47777051069666165
28458,0.22376960623019918
28465,0.594724629912203
28477,0.08602645136809368
28479,0.14575161901733505
28491,0.22305670337136693
28507,0.4919780372550216
28516,0.4590306926058324
28525,0.5509865403179185
28537,0.13037509981815745
28541,0.42024040143750396
28548,0.42417597662986545
28550,0.30513373405620087
28551,0.1683180342295028
28552,0.1281490125052443
28556,0.6581757964057084
28563,0.17113537669733841
28572,0.3115998871739216
28578,0.40919413709546004
28585,0.40303528887616885
28586,0.5247473318026612
28589,0.22905397420056453
28592,0.9172340009095904
28597,0.6654289240461824
28607,0.16039393433969393
28613,0.15593128196699413
28621,0.503798892420028
28629,0.7952856810533201
28632,0.28803690973213475
28640,0.34265622445444593
28645,0.43420493941335747
28657,0.5489217898061193
28659,0.8768440775332715
28668,0.9185984567485904
28674,0.3624159244351667
28675,0.4191468050562265
28679,0.8659585958299475
28683,0.1751650072230345
28685,0.5462707120270753
28703,0.2935897174577255
28706,0.17218103152626946
28707,0.6741329935312479
28708,0.5150683231406852
28710,0.2650056824735044
28725,0.7243130740482114
28730,0.09987415118339614
28755,0.8542464172172681
28760,0.7047217964402792
28770,0.9422211459756576
28772,0.3846594394247643
28773,0.02681559088997892
28781,0.6864086271078257
28787,0.6282272339155366
28796,0.614762313133616
28806,0.574243179037086
28809,0.4571683087462548
28826,0.4955150856372758
28834,0.26108419093003343
28840,0.31348151605133473
28842,0.6833877316340081
28859,0.654016480011965
28871,0.6311916040726991
28888,0.9639018973732936
28889,0.604924553702696
28899,0.6451976341380217
28908,0.7820140232928956
28914,0.8375867967073951
28916,0.19210380174116232
28920,0.6315680304072149
28922,0.7738535305980665
28932,0.7239345714187178
28936,0.43289279593627716
28943,0.41360464390347157
28944,0.5043357430185256
28948,0.6463623017537695
28975,0.36337581598920415
28978,0.3438613208999119
28986,0.4772925558295558
28989,0.4572493553538313
28998,0.2614432612849216
29008,0.569823529564585
29013,0.26941459870192147
29017,0.7429011520144505
29019,0.344877888748139
29021,0.38892257736833424
29023,0.6513422132132166
29027,0.9512864444923141
29029,0.7560288491837014
29055,0.4044885453285187
29056,0.3944188496292439
29059,0.45034657650720933
29071,0.6224981712138539
29072,0.5923831165656454
29074,0.423694304087428
29081,0.6330184407382443
29120,0.611376181754515
29135,0.025194654366755147
29142,0.858448541720769
29143,0.7070981393857757
29148,0.4055324765990436
29150,0.8885094066089502
29151,0.4329541937678289
29153,0.8288801074344849
29157,0.6642130946059293
29160,0.5571421770021732
29168,0.5780110224991581
29172,0.8391246798582428
29191,0.36464357527897695
29195,0.5068627892103164
29204,0.32095314262258406
29218,0.8056924368704784
29227,0.4983097658457457
29229,0.1074175207387558
29234,0.40053250088032083
29237,0.5726130792669984
29245,0.8656804712986897
29255,0.46886840510497574
29259,0.6212607136523765
29260,0.1541408477017648
29272,0.5905607037189264
29273,0.5797572058417195
29284,0.7754496833982557
29293,0.28591707923523374
29301,0.4289228015282181
29305,0.3318714077589773
29309,0.0772984157347709
29312,0.4591460091623023
29316,0.13036638753969404
29326,0.3280409209491971
29332,0.37786174850218546
29335,0.7393638080958101
29343,0.5434701769958614
29345,0.7850770361491586
29347,0.6776738019983718
29353,0.7190182485312311
29356,0.6958977743401523
29383,0.3367166293834388
29395,0.3734605267332955
29409,0.4712447229851667
29413,0.8235589037853537
29415,0.4561581598204091
29420,0.2539560826858911
29425,0.5448759375523587
29427,0.7076489807516653
29428,0.23305500862396608
29430,0.3798085990850995
29435,0.8261931144100207
29449,0.5873906789211797
29455,0.32750299802827526
29456,0.44045493730466556
29459,0.2891073335380468
29461,0.5132092717246014
29470,0.6420093396552107
29481,0.6530107167000636
29491,0.5430250154628792
29494,0.4650710718372125
29501,0.7123005842486064
29502,0.8520989339166821
29508,0.3705454326343644
29510,0.5858088102903384
29519,0.43971680012753267
29521,0.2010152733301826
29525,0.44835940213166514
29533,0.4674265082615058
29540,0.6447435476313905
29552,0.35635989595534345
29557,0.5935836414299978
29564,0.1289171041346611
29572,0.42699888985078693
29578,0.6598199961023723
29584,0.8730325304308818
29595,0.756176001371982
29602,0.21211556684502536
29606,0.2775014948112883
29614,0.486068388413401
29618,0.3986382490968891
29626,0.3624028042227779
29627,0.6308568401215562
29647,0.2693228624891638
29678,0.414872176522106
29681,0.8315115693073735
29686,0.3902824422713871
29708,0.37461020207844814
29719,0.6601713936142478
29721,0.3518959282921493
29731,0.4699450817413386
29734,0.22027500245530673
29755,0.3990145341956584
29756,0.8590294849984871
29762,0.8593717319724389
29775,0.2674895164877096
29781,0.4079796216704051
29792,0.6391590814399712
29799,0.8081977910277047
29800,0.8445927861319603
29805,0.780134098828045
29816,0.4262604181010132
29817,0.8139029418189471
29819,0.1234493273498068
29825,0.3333699776071063
29832,0.6023149511531484
29834,0.5444615804491728
29839,0.7387620824967128
29851,0.6120288458076865
29856,0.9737426198122417
29857,0.7082991326575151
29861,0.9511768382301734
29874,0.6581788270567211
29896,0.6672128132625438
29910,0.7421920199091971
29915,0.3699265309983986
29920,0.6858745073296427
29923,0.6456507050670703
29930,0.4072468224211143
29934,0.5305260275648741
29942,0.6075259876809757
29952,0.4594799227294586
29962,0.8295598998461009
29964,0.14038848511424265
29972,0.7185876110819213
29973,0.19318876614559954
29979,0.1780095140666576
29982,0.5249314655394983
29985,0.6002270275446318
29994,0.5756653268135131
30008,0.3037832053430604
30025,0.5527982140418001
30060,0.3012067654924754
30064,0.4075783023276172
30066,0.67599928538927
30077,0.9922737359801883
30086,0.13354007824791905
30094,0.1701904615256899
30100,0.6871930609985848
30104,0.6784836353100103
30112,0.8723243285939203
30115,0.2961778393419158
30126,0.30319097924697375
30135,0.5392792152787856
30144,0.3764095951661395
30152,0.5774902062635446
30160,0.1252766667574823
30163,0.585962340520464
30183,0.8888772411026413
30189,0.7040078519550552
30190,0.6877291990017832
30192,0.5751713524351848
30193,0.7670062519679949
30194,0.29750136134867766
30198,0.8627855257486591
30205,0.549840030159031
30214,0.5993658322479438
30222,0.8383695076659258
30228,0.5931136612593924
30235,0.8443521602484645
30237,0.12554270486251307
30242,0.6680128767172759
30247,0.6552522586861782
30254,0.908505183929158
30255,0.41912295342736794
30259,0.18641403210501986
30266,0.7222608128534714
30274,0.623187192078155
30275,0.7033587783851505
30277,0.8414879075777684
30282,0.6163826208195201
30283,0.8366953402073756
30284,0.5391244187710081
30287,0.45060791607610967
30288,0.6581241245796613
30289,0.2848215477999931
30301,0.2668083591828936
30304,0.8397035739941092
30317,0.40855618675748484
30320,0.5096940951051672
30328,0.16202750828271792
30333,0.8972660713995866
30339,0.3912112570161633
30341,0.18754580977148935
30350,0.568700581084129
30353,0.6046887914805121
30354,0.6734233185065112
30357,0.20973845911596745
30360,0.8612768141747124
30361,0.6513152355863546
30368,0.6335517122715213
30378,0.7366911644711651
30384,0.568283846795277
30387,0.5074913869733625
30388,0.5609211113313282
30396,0.5654917224656595
30404,0.2794799940145362
30413,0.3702014107299152
30417,0.39755379776846017
30426,0.11659540506718287
30436,0.5965876562723255
30445,0.159932634643873
30457,0.28875692145120335
30458,0.7709434403170282
30459,0.5924698638772452
30462,0.917994701951899
30464,0.22622030409378788
30472,0.16483821145972907
30475,0.6477815898777151
30483,0.8022062459748643
30485,0.07229399801313831
30496,0.5563670396459606
30510,0.6468275547556943
30513,0.3451183760870288
30522,0.8293019170432585
30534,0.4113035752670008
30537,0.627165303879877
30539,0.6204171603890986
30545,0.7480509659097553
30567,0.17604481689748805
30568,0.7556622625387213
30572,0.7975288539901267
30573,0.7511598181373734
30575,0.23759057709629042
30578,0.4256194212933134
30592,0.6996937674793313
30594,0.5754527739285582
30612,0.4761801718110559
30614,0.7576656098651566
30627,0.5107488840115703
30628,0.8378889850019267
30632,0.36128144638210086
30633,0.3029735795278494
30638,0.6071086076971615
30639,0.3372424180320831
30641,0.49378689603663023
30651,0.3376968336902649
30692,0.4798876547682859
30694,0.4797721489018834
30698,0.6557941022759718
30700,0.5910119330930154
30712,0.5770643847962756
30714,0.5790715402565811
30719,0.8150680993977226
30723,0.7400884757783092
30724,0.37153331746920387
30726,0.2569670594052686
30734,0.5088890196011787
30735,0.2248814127618914
30743,0.765155464951025
30754,0.795931804449018
30755,0.2208119660535395
30762,0.40391236963756333
30772,0.525428257562674
30775,0.4718710038886744
30790,0.42604146470922694
30791,0.48518233583997883
30804,0.5743343729958295
30806,0.6877630024407546
30826,0.3683111895318003
30832,0.734019241687279
30834,0.7084968792989534
30839,0.21691321583083006
30852,0.29131486939260465
30857,0.191867580046334
30858,0.42614638838924085
30862,0.4638163263231945
30869,0.7991767476704971
30871,0.42902495308487065
30886,0.6535039865045877
30889,0.490051504019503
30902,0.13040927309492786
30921,0.8351896911329167
30925,0.34582812857128165
30932,0.3947093659110046
30935,0.5235399693581261
30940,0.1379303501318362
30941,0.4802015051270613
30942,0.4300154771922435
30943,0.8284238262743333
30956,0.36944810748540446
30968,0.29655896386639863
30973,0.19353492146585677
30979,0.7264714325316391
30988,0.8082529850855709
30993,0.8010278626790964
30994,0.7070120988002822
30995,0.5652660456772783
30998,0.8537360219707089
31001,0.783943208510286
31010,0.31416306843161845
31026,0.10067004296459503
31028,0.844222447570266
31032,0.6178246166433906
31037,0.7138433913921157
31052,0.7559704938727367
31062,0.4040293599296908
31067,0.711468135984195
31077,0.39714318734244564
31085,0.6661134010409261
31095,0.8497493119699349
31101,0.8170900739898839
31109,0.5631195904610845
31115,0.6637744914730209
31124,0.7564019049675271
31136,0.47784461337949385
31145,0.07660854302842991
31153,0.2806716531505005
31156,0.673435289444848
31165,0.8294697682569225
31177,0.6764308113292151
31179,0.45010405489712524
31188,0.4485201199426557
31190,0.5136968122870413
31191,0.5475581131779275
31204,0.8494519661342034
31212,0.3070942691405247
31219,0.2921565104579789
31222,0.24620014049993003
31223,0.2363461125631454
31226,0.8015918017831521
31230,0.6104903466801784
31233,0.04365894491561064
31234,0.3761223348186321
31238,0.4901160693457959
31244,0.8575494114841895
31250,0.5920123198789605
31263,0.7343054957926349
31286,0.531220762807297
31292,0.6215330670141104
31307,0.5594314382574627
31312,0.6937495070611207
31315,0.7308273355782643
31321,0.8876628458858676
31325,0.39096346257940306
31336,0.4623086215087267
31337,0.250712417135992
31342,0.5450398815050858
31352,0.8910564691733124
31353,0.13235928520135368
31365,0.3646389101334254
31366,0.5208994522436001
31367,0.3655204929165215
31377,0.7536530514523505
31381,0.5803509037335285
31398,0.14133367699389077
31399,0.3000721279346459
31402,0.4538852371667683
31406,0.6379437598246337
31415,0.595777651010981
31422,0.7415722371877039
31426,0.891122495386601
31436,0.17530986422597128
31438,0.8538522959050744
31441,0.07628705899973041
31443,0.39277677245615733
31447,0.822394613318934
31452,0.7656944521079723
31454,0.3646817556552259
31463,0.3634730451832423
31466,0.8393275239449
31472,0.9602259077745918
31473,0.2725157585078991
31480,0.4452899537154422
31482,0.37498977475537404
31490,0.21362698255537696
31493,0.5382976424518996
31498,0.4163972477929762
31499,0.4985051824197732
31508,0.9164082469240721
31512,0.029602906518690675
31518,0.5029555012298832
31528,0.44483394569427065
31533,0.36568070455654567
31537,0.5739324790929057
31542,0.6070967557582241
31559,0.7397737825050671
31560,0.7314782485712493
31561,0.07334485621260925
31576,0.8521845810426452
31577,0.8031998156026083
31578,0.4761799895007859
31585,0.48577782350923226
31589,0.472720941794507
31596,0.2072301935924921
31618,0.07217287656634645
31619,0.1890536164065671
31620,0.5673035645613048
31624,0.48059231033425553
31627,0.2818456075643513
31628,0.41906629474784857
31632,0.6206408295577801
31634,0.47182560843877364
31641,0.04400171679731071
31642,0.5695217794068251
31645,0.7515105870795245
31648,0.2776091391288932
31650,0.5931160353400581
31660,0.37689500008546895
31661,0.6424542342174688
31664,0.41508223089526647
31667,0.6361667918540583
31672,0.6690787793357849
31673,0.7334052130531692
31679,0.9607526540403007
31697,0.7248051363300044
31701,0.49106933372745376
31703,0.7460670342988133
31710,0.3205111214950917
31723,0.4933101662245864
31726,0.4969686791692612
31727,0.8153258685752152
31736,0.16449101152202467
31758,0.7662411943053344
31763,0.832919545130651
31767,0.4759338419310974
31769,0.37859083687764156
31770,0.8202709355515254
31772,0.3272876091602565
31782,0.359677476291759
31786,0.1926959917349987
31792,0.6578467445602566
31795,0.831209317137842
31802,0.4577764283519053
31818,0.7037836327093133
31825,0.31876602135389426
31833,0.5757511109671379
31841,0.8075972778076225
31846,0.4660196574656556
31847,0.6634626871277026
31853,0.8800671068588009
31858,0.9149552711150216
31894,0.5761584730936149
31909,0.9514035618704235
31915,0.16561809185044496
31918,0.9294435993580578
31934,0.5938327598948651
31935,0.09896459746553435
31948,0.5657586365706526
31951,0.6387150294586182
31957,0.5497268022577394
31962,0.8952833676225747
31968,0.21444151234087594
31975,0.6126648087978422
31978,0.1854596761714196
31982,0.8472354789257558
31995,0.9128103108342803
31996,0.19120929303507517
32003,0.7001438595092495
32007,0.4184350040513122
32017,0.4699624370984969
32018,0.7545135731959058
32045,0.7378691554632891
32059,0.7163058745385992
32071,0.747594238412049
32072,0.29936972244712723
32073,0.3575620537774404
32080,0.2570745951464584
32087,0.5074848670519171
32088,0.5404416733404037
32091,0.8468789104135434
32092,0.43939132637446415
32094,0.9407708917896564
32104,0.5484590789093995
32106,0.6022741387896663
32124,0.6787809343604692
32126,0.5890869032771219
32132,0.46988193036430764
32133,0.5471679413965885
32150,0.22262806712211586
32167,0.7769032138250422
32171,0.14478299477275205
32177,0.8152723469483927
32180,0.8976587251249263
32183,0.8601366687336807
32185,0.7504645112511182
32188,0.2070465843154864
32190,0.19141658964770014
32193,0.44638128569314595
32196,0.4197853837830161
32203,0.35081710793866167
32217,0.45441439175232307
32237,0.13619941311304523
32255,0.1870359373232983
32257,0.35261075626158833
32265,0.797014226365658
32273,0.7372783553558184
32283,0.30604504076249195
32304,0.8042564204154966
32330,0.7436366113017951
32332,0.7966051128666842
32353,0.38507977773650265
32357,0.37823936649487294
32372,0.32806938591929946
32374,0.348006316411906
32380,0.5831073145196103
32387,0.7688080386723205
32389,0.3211423130655777
32392,0.23101021237101083
32396,0.39414358535488125
32397,0.08249347334490627
32401,0.5114647070930392
32406,0.5879758281280654
32409,0.7945523591758654
32418,0.8868009641235001
32423,0.3520275331349997
32429,0.1750079404381063
32435,0.5945894149625229
32436,0.3663682308223773
32446,0.6220322052321022
32448,0.579093802854215
32450,0.27638394410575223
32451,0.3566134791753871
32453,0.8276823684344394
32455,0.9454963096092667
32461,0.49076007109764097
32469,0.674701168784679
32472,0.4143018580188877
32490,0.1833471610879464
32497,0.5612980103107251
32500,0.6618352655573807
32502,0.7344633836389584
32506,0.29630751742397676
32507,0.6509729987878689
32532,0.7564045092065361
32533,0.7150627933803916
32539,0.6985865978290215
32547,0.5758389628839706
32553,0.7193574901533716
32554,0.5472648662957316
32556,0.6259358684928786
32559,0.41695612899831197
32574,0.660168702873576
32575,0.7543476002479318
32583,0.41472426389174255
32584,0.42395627990492907
32586,0.27786570737180494
32587,0.1103992833995533
32590,0.9252293555851561
32592,0.22013420637370607
32601,0.5063708889550591
32602,0.4917029426382616
32607,0.5878668089543821
32613,0.5303770351029495
32628,0.4304064108710714
32631,0.7189356584546005
32653,0.7500991599061608
32659,0.2413121327702687
32670,0.5911113449504725
32677,0.6180152249465523
32686,0.8387500591180593
32692,0.7288202673870531
32695,0.24184686640525357
32696,0.4007411984663791
32704,0.15428538727234292
32707,0.13857979300289347
32723,0.28429904278843077
32725,0.27107972626086174
32726,0.4069142964630027
32728,0.20764416077941167
32735,0.7668493641324599
32736,0.4121712215889138
32737,0.08765625961718153
32742,0.43241466095520065
32752,0.8815384797543516
32754,0.7044561119470565
32756,0.5374847931536134
32759,0.9582686647802152
32763,0.3713368661622604
32765,0.7495530049684088
32767,0.2749759077641818
32769,0.7355694090753171
32784,0.13921996671694611
32789,0.38472197894638444
32791,0.2789355601358456
32794,0.5229008040033974
32800,0.5437647692947166
32801,0.4997611381133609
32804,0.5734338642301418
32810,0.2622740182055599
32814,0.26900981515692846
32819,0.2613167307493012
32821,0.34989588168002617
32825,0.4088827648426353
32831,0.5183743614576052
32841,0.6658809287265175
32843,0.7396181269717161
32844,0.29001352035514644
32867,0.3844537585098136
32869,0.12510384527372576
32877,0.25708034477988884
32881,0.5329439584480921
32885,0.8592314956911948
32910,0.7793952289583337
32914,0.7877986273932228
32925,0.41205071146809563
32934,0.46043129904144553
32937,0.122830906600096
32943,0.39196560093254185
32946,0.7697400506649349
32948,0.3127170838598389
32952,0.27156391354775
32953,0.2875028306054994
32957,0.5911534694209485
32967,0.7282603376121657
32969,0.3726605886195811
32970,0.6172368015364097
32997,0.47456375921231453
33012,0.06717594183241221
33016,0.6415681435455062
33020,0.7754722700362036
33027,0.495346731537662
33038,0.4864044375049678
33048,0.18599355190147435
33051,0.40682606425826534
33058,0.6067362218491743
33063,0.2259399529933943
33075,0.4140771349915744
33076,0.2015012389090348
33078,0.3840545583022968
33079,0.1638703067098787
33080,0.703519692866413
33113,0.15238877279540006
33115,0.4169879318416124
33122,0.2446518122493113
33123,0.3932972496954427
33124,0.828836354936123
33138,0.9208022183553948
33145,0.32071467449284813
33167,0.8658766672994682
33173,0.9145156447577305
33174,0.47455277158508863
33188,0.430129577977002
33199,0.8398138141893785
33208,0.2586605329949837
33212,0.5710670492386157
33215,0.8307614603718049
33217,0.21571712915248126
33224,0.8085742562818254
33225,0.627700927762223
33235,0.3216434055656443
33241,0.07610419965607272
33243,0.8887986364437452
33253,0.48118598018228276
33255,0.25249241455671945
33259,0.36082400630401984
33262,0.8078991100609698
33265,0.6684226190481469
33268,0.4288074090605768
33269,0.8832134275233918
33271,0.4183113991736082
33272,0.34786174762573446
33274,0.37671305070886785
33275,0.8935332301386151
33289,0.6469661154826789
33304,0.6782952993907321
33309,0.6387869277449985
33335,0.3296544488444629
33337,0.7312676466722229
33338,0.8277824279232572
33339,0.801252480273249
33345,0.4398960935816493
33354,0.6992177791485064
33355,0.44342720162344323
33361,0.328787311859486
33366,0.6147693577869512
33369,0.3066379073696132
33375,0.6052178252238085
33393,0.8647284656385547
33404,0.403471652173933
33405,0.530753155810711
33406,0.5903054250828937
33422,0.5197763314257056
33429,0.665111448265876
33438,0.06462620369148693
33449,0.38172460745653
33464,0.1601113277581538
33469,0.008428382100822916
33471,0.42218201808634
33473,0.16360214395767686
33485,0.7769203766058292
33488,0.28331859621198885
33490,0.5800037837252544
33491,0.8006805710099205
33495,0.5553668035777067
33501,0.6614721984325644
33513,0.34578415373183596
33515,0.502088994265997
33516,0.8710137532171051
33529,0.18640162716364966
33533,0.6457763206250616
33550,0.36573742225007877
33554,0.297694579873461
33571,0.6166670913243332
33578,0.2840349373625071
33585,0.7344406434224114
33586,0.537736589904018
33587,0.17228819978180468
33588,0.9640525781008511
33598,0.3265204764171196
33600,0.48530050379004863
33601,0.0875098794298843
33604,0.43200985675760656
33620,0.22764379218198943
33632,0.43750598047981293
33636,0.43092845567173566
33638,0.4564517788528627
33646,0.5692116599992462
33649,0.47914309915836023
33661,0.26444398965764476
33673,0.8252116891722187
33674,0.29417179370030977
33677,0.44277654102039077
33691,0.8299302185673055
33705,0.23543155638422608
33726,0.9135839356661092
33727,0.7155167555290016
33732,0.6052022829692754
33733,0.48021028787028047
33737,0.46670837770912454
33741,0.15466772013091068
33745,0.536137585907459
33750,0.962338213938131
33757,0.3045408033150146
33767,0.6407392397762468
33776,0.29838239235438097
33779,0.546221264072088
33782,0.6222356959758696
33785,0.776381721705981
33792,0.7232416198829903
33794,0.22555764394882127
33795,0.750166374026286
33807,0.6049684216598964
33814,0.3744029831127714
33824,0.5291586787363116
33833,0.6662211413694765
33852,0.41454883452514674
33857,0.4635852464045587
33860,0.6741630113817897
33861,0.3353917586672839
33864,0.5877314287781724
33880,0.2527792199169294
33885,0.39348462617584723
33887,0.6685541520831462
33900,0.5760315886974967
33904,0.3177005326115243
33918,0.80191395485911
33920,0.36081991464412705
33938,0.6797232829489782
33944,0.1356317145135919
33968,0.49354783482813497
33980,0.5513914071057777
33982,0.192831258767686
33984,0.8821951260862809
33990,0.3412185329304398
34001,0.3696674767068257
34017,0.836748236053256
34019,0.21199368514128664
34032,0.5706633087840784
34034,0.604962000652949
34038,0.6963666884452114
34053,0.3293352838527697
34063,0.2848969907319018
34072,0.39391699017497755
34074,0.40973876545551013
34084,0.39007359622250853
34089,0.35761234070817555
34100,0.1921268299121134
34102,0.42138630104302427
34103,0.7759500569058245
34112,0.8104081613148131
34120,0.663193958760953
34123,0.3192353999453716
34130,0.6451199981091418
34146,0.7343056253212943
34155,0.7181862601269569
34165,0.6752276840952042
34170,0.5664608100857712
34174,0.3259401725358577
34177,0.8956739833729201
34182,0.5527476669909551
34191,0.7680880489848939
34215,0.728604916730298
34220,0.7008025284254666
34222,0.2502586800681474
34237,0.6642204785932149
34241,0.7906793699355107
34243,0.8930564396778051
34245,0.35927358066190257
34261,0.7667496280432387
34270,0.5903646162491619
34272,0.6948789824734203
34273,0.33689563269296124
34278,0.8004259687807169
34281,0.8166923238691021
34289,0.48341871079001364
34292,0.7006360015876176
34299,0.8379807616206292
34302,0.05873772068017128
34308,0.606906963718477
34309,0.4466333749121229
34311,0.6772294061379398
34314,0.8883755360376788
34317,0.2797500193962096
34323,0.5943221303214852
34329,0.33334130880688934
34339,0.3508723942637045
34352,0.1576279056969269
34357,0.6910687903173522
34376,0.031660400645559736
34378,0.8379309157417878
34379,0.07507913049367601
34383,0.8459751145769583
34389,0.7171215231430729
34390,0.9395657266641622
34394,0.7901413269833287
34406,0.5631297250724242
34430,0.8616175522553907
34432,0.3786383520455335
34439,0.5955565811852059
34441,0.2896372376689557
34445,0.7105794853246707
34447,0.5504877425007437
34450,0.3485506808669976
34455,0.18965016285894193
34467,0.8850555976875322
34468,0.578863605361167
34474,0.5423986943174399
34478,0.7237388682503151
34479,0.8552682835946884
34481,0.6957921777663844
34483,0.6409015856332735
34488,0.3343275807227516
34489,0.5416682748849105
34491,0.6250882711034813
34496,0.7219801316131371
34501,0.8049628136368032
34504,0.3079199659800351
34507,0.05674005600309992
34511,0.583871099423392
34515,0.5596117138078738
34518,0.7501585159765174
34524,0.5484382212906627
34534,0.607503916766351
34535,0.6361239007011051
34544,0.141963006158019
34556,0.884344216000205
34559,0.23265364263883967
34563,0.6605282753691731
34568,0.4299029106349816
34578,0.34845541835135235
34587,0.5548816379830135
34593,0.8434221309453653
34595,0.9140474691996302
34598,0.7567011518516927
34602,0.7077344307034114
34609,0.4389463910295067
34614,0.5417892173670082
34619,0.5967814784675581
34644,0.33532485954693136
34652,0.678138635637542
34660,0.9950796436546275
34665,0.5439586285753641
34686,0.3940537265012618
34701,0.4700878474734284
34702,0.6457338419301346
34707,0.4274083761509068
34723,0.412114295966755
34734,0.19817130750850842
34747,0.5759683385753288
34754,0.5762134380703978
34757,0.26196376942559524
34764,0.29539120276101194
34774,0.6516009615952407
34788,0.9710680831682948
34792,0.469254316446169
34793,0.4316040330405732
34804,0.590753476066914
34806,0.47114727455914973
34825,0.6508086906793701
34831,0.7247491854807955
34840,0.776850509205398
34845,0.5847930981926239
34851,0.7493814035833762
34854,0.37207981086298814
34866,0.4860063885412759
34868,0.7283430839385567
34874,0.11370407767772077
34881,0.27921282425580685
34883,0.44951133857780984
34885,0.2647157593937786
34886,0.37790862867100933
34890,0.29204303502305695
34892,0.8278700405987557
34893,0.7968414508565436
34898,0.6376299335724941
34900,0.33685365847920745
34902,0.21188701665355714
34910,0.7542045797446296
34922,0.583122108089437
34951,0.14753043366952046
34963,0.7794763650560982
34973,0.6192060485215678
34987,0.8407775522289348
34988,0.5899767706979796
34996,0.18200505218657603
35004,0.6590387676694531
35010,0.5886027870736016
35015,0.3696958181802788
35018,0.5564859610994339
35019,0.5372225491823116
35021,0.36767744391385554
35022,0.6443919286873436
35030,0.3849598603535169
35031,0.9177083744859924
35033,0.5978508383685682
35034,0.7472765268811421
35041,0.8025814100955838
35056,0.760023984453901
35059,0.09980817322592188
35066,0.5976502212267256
35078,0.7184933392575611
35080,0.27233085911721205
35083,0.4202075985991227
35094,0.4837195318083416
35095,0.6156425591301762
35097,0.47207513383569566
35098,0.5897126294436613
35119,0.7171239246749239
35120,0.6741072927520683
35121,0.3284198113890091
35122,0.6369619247241765
35127,0.6740901017462089
35147,0.43261843055954746
35161,0.8675685598249097
35164,0.7182343400344592
35173,0.3670478308577988
35176,0.4343241570970989
35182,0.5775405234577594
35185,0.9059452965081968
35194,0.4529894659298513
35203,0.3839751442094631
35204,0.16939282469229588
35205,0.4635684738226165
35220,0.7533129388188579
35221,0.7620027553315502
35225,0.2173912361522873
35231,0.49417279844800815
35232,0.4708450326497937
35235,0.3265290282177229
35236,0.5684050986175873
35239,0.3710392238229558
35249,0.2940076468393153
35252,0.5640685826308761
35255,0.7574764202773564
35260,0.34350002504941907
35265,0.7616964470930877
35266,0.3589307564586655
35268,0.6710475154715598
35269,0.7354641165534348
35270,0.8151107513725853
35271,0.5983315595686682
35272,0.9195421116132937
35274,0.7647500093892746
35280,0.3053176311135137
35287,0.9094714281780006
35289,0.6759747536057161
35293,0.8614975244444663
35298,0.4152306276404124
35304,0.05661950574399642
35316,0.3546949290244637
35317,0.540383587022823
35321,0.7534260712754549
35326,0.8137649090167524
35328,0.6898804198130455
35335,0.31951361059066874
35342,0.5453807854793109
35343,0.2864059208984665
35344,0.42793495884946164
35355,0.5644950532765179
35360,0.10882252848558685
35361,0.2535146878399526
35364,0.9113443864115827
35366,0.6832988837673639
35371,0.6392072467085205
35373,0.6538808505518875
35378,0.2801785909947574
35380,0.4240111764276902
35384,0.6946470616511263
35394,0.20825200604788832
35396,0.3413444356905546
35399,0.504380484425578
35403,0.24482356917892983
35409,0.2792905288186862
35416,0.5994500161037514
35423,0.5627715215009976
35427,0.3096189595783221
35435,0.6805681415022397
35442,0.3610489357990148
35450,0.48511423437669654
35463,0.6883497867864932
35472,0.7041988836855351
35481,0.6122798156942934
35498,0.250160778149704
35502,0.39768605530106776
35506,0.3561789161871816
35508,0.2359056955118702
35513,0.582884073081636
35514,0.839682617398535
35522,0.5223757741873534
35523,0.503624559239242
35530,0.8304451751466194
35562,0.5862710747644072
35563,0.24407285412298155
35565,0.04791408888896297
35568,0.7658144846008662
35570,0.43929164936975035
35575,0.9860521115121538
35581,0.899582182530365
35585,0.2026778405071587
35587,0.6748980933745861
35588,0.7034397271685445
35591,0.5282349480788437
35592,0.6848533002399495
35595,0.2905198085977428
35599,0.6844617138109178
35601,0.2664221487537771
35605,0.45299336146411556
35609,0.8286700084543377
35612,0.6130011653981232
35626,0.18184358640465317
35647,0.4232943902657878
35660,0.4070022472473924
35663,0.7632458404081738
35672,0.1092081623271866
35674,0.1697419523978174
35694,0.7263413265051096
35695,0.23270566782226765
35699,0.16212465437924245
35700,0.4665537807910843
35718,0.7386993255268992
35727,0.638783609865555
35728,0.5478683816395714
35735,0.8172002373432641
35740,0.5219733001624166
35741,0.26570205221257864
35744,0.6389476133286334
35751,0.2134829616717543
35755,0.650899199478541
35757,0.25244335036842797
35761,0.32717799398795605
35765,0.6553944445632139
35767,0.34572253775926326
35769,0.5166242545682752
35777,0.5853404894161287
35784,0.6234194741391965
35788,0.7533478996063061
35792,0.4697954608377712
35814,0.35460467834382137
35819,0.7566300357713511
35825,0.8027592168583181
35826,0.3167267479989107
35829,0.7381732245459854
35840,0.08487398830206339
35844,0.7414597711804017
35849,0.1754046509098733
35855,0.7801128907219906
35862,0.44841354124981425
35863,0.6099502914764721
35866,0.6993444578702122
35875,0.7972873236470086
35897,0.3145698983920007
35909,0.2693740234790736
35915,0.761478737522545
35920,0.15153501334113298
35923,0.7351275691426054
35950,0.35583122481249463
35954,0.41105992459129936
35959,0.7332945460264947
35962,0.18820440373755892
35963,0.06501489953531113
35964,0.8255393265235317
35977,0.6804083755178836
35985,0.6585697696131296
35986,0.17068286947907055
35987,0.47022012699691046
35993,0.7217530567139324
35998,0.2578334379917246
36000,0.23968771987015927
36009,0.5117617599480179
36014,0.3710828609995971
36015,0.5274954281439876
36022,0.50408259032476
36027,0.3842328376948414
36034,0.39154473879569063
36038,0.28638195161975266
36042,0.5731721214655807
36044,0.26702462294539714
36054,0.5211584914530583
36060,0.7986230184993931
36075,0.30413121577921143
36077,0.940220302089064
36078,0.9068449051797264
36083,0.2564905843102971
36090,0.4156431755059886
36102,0.4842007047039817
36107,0.13144289387613708
36114,0.26120176427974495
36125,0.11723978018464033
36131,0.495089690760995
36134,0.5494124587067954
36138,0.5644658547736913
36143,0.14839667583974403
36147,0.26067430039751066
36153,0.45829606795040934
36154,0.8536642127673696
36158,0.7200720633967211
36166,0.8347610259732474
36170,0.7720274027081978
36174,0.2846327897910175
36177,0.6308786282069024
36180,0.6376581951714604
36183,0.6476176796289225
36187,0.46436169459261956
36189,0.16003375521060087
36208,0.44251676850844623
36229,0.3077081545202097
36236,0.6520702637828376
36257,0.669931819031308
36259,0.23359646858960303
36272,0.2461824376553737
36273,0.30708566436559204
36279,0.48429458212089316
36284,0.3590367895234669
36295,0.7012979338001587
36302,0.8549841785983431
36305,0.4067944346962425
36309,0.432304426925992
36333,0.6358214149615098
36339,0.12337154430152096
36348,0.6042438312356173
36350,0.7136421257828608
36356,0.4149786844923574
36369,0.6567202683466459
36376,0.36288649476679596
36377,0.5388158626586622
36386,0.4091030165336336
36399,0.22496655446107644
36403,0.4861099356676196
36409,0.559078994993558
36417,0.5617409070673828
36427,0.719808961393954
36432,0.05505729021617606
36433,0.7363399465404366
36444,0.44925168985387376
36449,0.6429013315777198
36450,0.49329865749488605
36452,0.8706965080459977
36457,0.13623363699304364
36459,0.4687591999108742
36478,0.47339709443385936
36488,0.7891914387200366
36492,0.345754870682805
36493,0.28888579749930265
36498,0.4346629914679945
36501,0.22143056637340083
36507,0.549709454302468
36520,0.8670893609393585
36521,0.37959641329247723
36533,0.20720856141648084
36535,0.4081864906390921
36540,0.461471301003991
36541,0.34731324687540416
36546,0.558744311851887
36550,0.16453871289545974
36553,0.1651258901315471
36555,0.28303881242507584
36563,0.6121251502922865
36569,0.833045621385117
36572,0.9556974326332698
36590,0.6967086785108733
36593,0.9047213408775603
36611,0.6942312024917502
36617,0.3105892699720443
36630,0.3479337064635113
36632,0.3483747132447519
36633,0.4779935797761606
36635,0.7478237719636474
36640,0.5424554032804622
36645,0.642029543543838
36647,0.4704685304410489
36655,0.31875104753921724
36662,0.2966662136524547
36669,0.3869554408550245
36672,0.543416906539916
36673,0.36912670535299463
36678,0.3042698822572697
36680,0.797926231797488
36686,0.6341086253630397
36687,0.25270598385629706
36689,0.7830333972166644
36697,0.6351659605573582
36698,0.44502124368215723
36700,0.6777930790795806
36713,0.6573720890467895
36714,0.13890039015247008
36721,0.39320156919051347
36722,0.7426284337442579
36725,0.7310917827420841
36727,0.6015814474886434
36728,0.613950852705703
36739,0.476887070288167
36742,0.47600299558143283
36753,0.2695807618358157
36771,0.7449360900427304
36774,0.511354189063783
36780,0.7059012328277293
36787,0.9066565308871227
36790,0.41733337525487185
36798,0.7951942787658379
36808,0.41867453260448567
36816,0.9269433364843511
36817,0.4067647032777005
36827,0.6431836255715333
36828,0.2749142735548198
36829,0.3599577230555053
36838,0.18541747756231428
36848,0.6108275917036288
36850,0.14832305297281712
36860,0.18261122657613893
36869,0.7677256937507237
36875,0.2401874449067029
36876,0.7517186709999846
36877,0.29568276125102455
36879,0.5054619312718028
36890,0.33962389982347857
36894,0.2522716301263355
36901,0.16568150105752
36914,0.8795748331851673
36922,0.7739789006061338
36931,0.3490205037956732
36944,0.4509015349486335
36945,0.8396349990810675
36963,0.4731240204314348
36965,0.6875074158428677
36967,0.8130163966087476
36970,0.26861218265237957
36976,0.3938779819269748
36977,0.49736752260440537
36984,0.4065954964452161
37002,0.40491218376589083
37004,0.8480454639424143
37014,0.3441843175077759
37024,0.6940130073987107
37030,0.6282487698118023
37040,0.2559235142684721
37042,0.8354081341704864
37046,0.4233725901833006
37053,0.22743875689040569
37056,0.8403307552401142
37061,0.9624705955001969
37065,0.19138614121943312
37094,0.6839774105129006
37096,0.27829184714995825
37100,0.3314688539038354
37107,0.501384709572792
37108,0.7910829885063302
37109,0.6288782964968753
37111,0.38470552167100175
37128,0.49273860985689727
37129,0.45291225007649566
37131,0.573099799312147
37134,0.26426001898514173
37138,0.09900820794035955
37160,0.7130073278209944
37163,0.5543494439029296
37177,0.451960934289302
37178,0.5517542675107373
37188,0.3275529294503357
37192,0.49247691964548196
37193,0.4320260569048919
37209,0.5501540861361355
37214,0.6121490316186197
37216,0.5474501942418013
37220,0.7881410264024341
37226,0.34466240269697523
37227,0.133661228911537
37231,0.3950850365853768
37234,0.6304316602436397
37235,0.6537567454729727
37241,0.2835702258123121
37246,0.41520049413540155
37247,0.1484614271110983
37253,0.4489548032552041
37270,0.2802484213264232
37282,0.5315663826508061
37285,0.6754460769607753
37297,0.8362488142823435
37299,0.8686845351634718
37301,0.5436102973072134
37340,0.559856680583
37352,0.0787091752999342
37357,0.49442415228537573
37372,0.30150068619705583
37377,0.5331885195526285
37383,0.2084669660605161
37414,0.6654422993281567
37415,0.42366100839179416
37419,0.798111160312359
37420,0.10220039781796895
37430,0.2865526763516119
37435,0.6825172337899873
37465,0.649543016032583
37468,0.5758814708999827
37477,0.38687213357562455
37478,0.39432215303018575
37481,0.6404459104684748
37483,0.20649788955981102
37487,0.9562909770523859
37494,0.6433926366100471
37502,0.5172356598742249
37506,0.8180579241380379
37507,0.15973961111014806
37509,0.3797297869278173
37511,0.8632337586315886
37537,0.09028458758458492
37539,0.2002608529877474
37542,0.46076752920502695
37543,0.7782402940465029
37545,0.6317614514049342
37550,0.7403123522242133
37552,0.4072321623265233
37555,0.8190987744268013
37561,0.11919363812427314
37564,0.7078890161081792
37569,0.7770345194465426
37571,0.4141777567856297
37574,0.2940889718395837
37575,0.2581849723800859
37587,0.10983888077420095
37591,0.1947001032439805
37594,0.6939417758908634
37595,0.3662724671758956
37597,0.44936769696041334
37603,0.7814609778130047
37605,0.7968128909707402
37607,0.2427090857211315
37615,0.6526200157838639
37617,0.26792837177918744
37622,0.40157793369758754
37624,0.4160818453485861
37649,0.3527512641256946
37658,0.49411683738449774
37660,0.2777872733148775
37662,0.33665716789269573
37663,0.2872224213321447
37670,0.625122941149788
37671,0.13242542556006429
37674,0.855678431026701
37687,0.8490071221981977
37690,0.7647011129782956
37699,0.5099539978921359
37708,0.5720313337929501
37717,0.13173700768928603
37722,0.8418557793275915
37728,0.21909781186624713
37730,0.8548575150432413
37731,0.3410749339565625
37738,0.36675810705166706
37752,0.5699421965042412
37753,0.06337959910376
37754,0.6995913855677772
37755,0.1238135420032423
37763,0.47188037559653345
37801,0.5621692859703665
37804,0.3957074976198579
37808,0.4527268050516114
37813,0.8487086504009447
37825,0.8339933498470595
37828,0.6586364315552511
37832,0.7373767602925001
37837,0.49606814353771955
37845,0.28745585035765153
37854,0.5432047983075904
37870,0.8116448536996642
37872,0.4722661410527404
37876,0.3510911653680611
37887,0.7593418459965854
37892,0.5141536023048693
37896,0.44589231805640467
37910,0.709077777422623
37911,0.767473663449776
37914,0.23090613916983888
37918,0.31797840125171967
37926,0.735007691926148
37933,0.34338629764866935
37937,0.5840742694370405
37941,0.4828894987399131
37947,0.49454458318692907
37961,0.44557521754794444
37965,0.6760350535306635
37966,0.3530614844854192
37967,0.39970927478920354
37978,0.5997890502754989
37985,0.24607190274746998
37988,0.37842529421608345
38002,0.2873211088191776
38030,0.09905517436750105
38037,0.8638497132308794
38038,0.2992282453071346
38040,0.35705303798368176
38054,0.7802825628744695
38055,0.47607765225428067
38070,0.9240994913016481
38077,0.5793438370384935
38081,0.8199236539414174
38085,0.44033855599821425
38097,0.8893689117004283
38106,0.3712791720596668
38108,0.5200219134295008
38114,0.4854474389480399
38118,0.5819601937617802
38143,0.7721035845820444
38152,0.61724894068492
38163,0.5096766085221436
38174,0.09246201618340391
38176,0.6542430313243301
38182,0.5135909805623595
38205,0.18137875561516684
38207,0.3137904382049556
38208,0.6469096959093708
38210,0.533120380047686
38219,0.6395847341253056
38226,0.6058044909341358
38235,0.23043238136102867
38241,0.31341374588710075
38246,0.6719765025831379
38267,0.3212096854941364
38279,0.6354731068032853
38281,0.5887311736084075
38289,0.9545076389102634
38290,0.7387424135366866
38295,0.46314092605036133
38299,0.6425996321664893
38306,0.5686248604620561
38307,0.3658583268016843
38311,0.7596643607448326
38313,0.5246031239793347
38319,0.21821077286017868
38326,0.1609287827174197
38330,0.21528289124499336
38332,0.30861640362291515
38334,0.7552396773680339
38337,0.13948532776749842
38340,0.6847620193296352
38346,0.5429870250494319
38350,0.5687611741408004
38356,0.44964312289027075
38366,0.598791894416563
38368,0.25323605110895314
38374,0.718145930156009
38382,0.39825873110197824
38385,0.4746588713226271
38387,0.8333829225408625
38401,0.8207472379700418
38417,0.611641492171666
38425,0.7000948949316871
38427,0.5250136673527241
38428,0.32867245754927404
38431,0.4414874670481613
38440,0.7425698986897756
38458,0.3097664187059864
38459,0.7797258864634463
38461,0.6002952784951218
38470,0.3738115703494266
38493,0.7945479993464049
38499,0.24020890974978007
38504,0.24178693743730129
38528,0.3182023538024235
38532,0.6615612541589907
38535,0.15357845137929085
38537,0.5511867360204333
38540,0.7517509443139913
38554,0.6143555482292512
38555,0.2746124892011778
38559,0.6812596434838404
38560,0.8073428546055462
38567,0.5812514218352662
38573,0.3070192942724588
38577,0.8718771718493552
38581,0.35754633958251697
38583,0.327617320859996
38591,0.66906873536176
38595,0.8134825334142214
38596,0.36962153454386387
38599,0.2523971920282251
38613,0.5614463667816365
38615,0.788974311842762
38627,0.42501034936419635
38634,0.10554359330250854
38639,0.7069094572649075
38644,0.2608079022700814
38647,0.28488037156956797
38652,0.7998294820140284
38660,0.5713724640794282
38670,0.8426478087306246
38673,0.5469861473212484
38675,0.3798543885615378
38679,0.6371187591640665
38681,0.22486930935899846
38693,0.3730043729692885
38694,0.2528677611355605
38695,0.7689336624526498
38698,0.42620566278390937
38712,0.7634523436501713
38725,0.6784421934561042
38730,0.4867896341548471
38734,0.10343726442255963
38736,0.360511985440738
38754,0.4101477301907075
38759,0.6122891251706962
38768,0.9446890980502435
38778,0.12741224952648522
38782,0.7664459568097716
38800,0.48709559727961876
38809,0.3523050773071734
38817,0.5001869625578029
38818,0.36928862545264834
38826,0.28198555572170425
38833,0.30639002957164435
38834,0.2674698192415042
38845,0.704739271716533
38857,0.4306718183778671
38858,0.8581973484389922
38859,0.6572681898937246
38862,0.21670736769288
38863,0.3400792260892697
38875,0.9959130736411853
38877,0.631920337116302
38893,0.49824795306399583
38894,0.17999924142798665
38897,0.705226981045579
38898,0.4715386570823061
38899,0.8545695962288545
38900,0.44879237288439033
38906,0.7289088654519872
38919,0.42738534443760035
38937,0.4050645312501331
38938,0.037477486140956105
38946,0.2424872029607021
38949,0.5038256318870779
38953,0.6998747093346598
38965,0.12924961637136273
38968,0.7627699088243002
38969,0.5401418539268675
38978,0.8884906194128382
38981,0.5962658134287048
38982,0.48519212657829475
38984,0.5923145744117689
38987,0.7053963654242853
38996,0.42414760091747616
39003,0.5483065123617459
39004,0.7797203359912201
39011,0.5920649129005081
39012,0.5506316587382808
39015,0.4710370759296034
39017,0.747786855963732
39023,0.29476720415498975
39027,0.8335488740156823
39034,0.42328143893919123
39035,0.41652327011909684
39037,0.4381712889514979
39047,0.890010334520081
39052,0.4126498021275358
39059,0.5100752774525272
39060,0.6685293758363163
39064,0.30845804047504305
39078,0.42933150955824895
39079,0.5021007017238301
39089,0.5485824336673891
39092,0.5922374969378896
39095,0.47693208468077924
39101,0.28061369091705357
39112,0.5219252414684213
39123,0.6778636861995513
39124,0.9111880419085678
39144,0.8537691932275997
39146,0.6757887243100668
39152,0.6813861596162171
39160,0.4934008834785567
39178,0.6992271937104463
39180,0.47144198088326256
39194,0.5540774457691566
39200,0.6100785015121887
39203,0.8456511725660841
39209,0.7306603148301412
39214,0.1923500906993446
39215,0.26428446209407064
39216,0.9348414345859786
39217,0.2377972413556393
39220,0.586286685751709
39222,0.45810140141435685
39227,0.6948824095929828
39229,0.4397470912538638
39239,0.6996461275398467
39240,0.49527515805315164
39254,0.18344918101212968
39267,0.6682890614574055
39276,0.5636838958901721
39292,0.703847170526881
39308,0.233594598260482
39309,0.7173244954607007
39310,0.35716223422898435
39316,0.8672480867182505
39327,0.6390262748535108
39331,0.14807599816471828
39335,0.3633276892833386
39340,0.7166668339319683
39341,0.6164835830071772
39351,0.776765235308528
39357,0.33893559085012565
39358,0.34164733221436255
39364,0.31341073264819297
39369,0.6926530844183806
39382,0.3324739235357089
39391,0.14163535209616251
39405,0.9133918834010586
39406,0.8315726226926369
39413,0.20148599560818914
39420,0.7483761805771354
39425,0.41121124795742775
39428,0.4546786190217015
39430,0.29678411833802226
39464,0.4999816775413243
39474,0.7155430336728672
39475,0.16815816478117293
39490,0.24113666701307665
39500,0.9854789637574114
39509,0.8954740155790543
39519,0.1934851413546098
39533,0.40490043089597055
39538,0.4400919986314748
39543,0.3062855325495476
39547,0.6035306857800696
39550,0.7162444635362244
39558,0.984756094512863
39560,0.5489180282738426
39572,0.18941739989239317
39575,0.3569111496873879
39577,0.7273675664571835
39602,0.5713904987690661
39611,0.496037708018106
39612,0.4485357411335641
39618,0.4343667473114243
39631,0.8203937776974675
39641,0.6284998306152957
39645,0.7547376471952861
39651,0.13863434931264135
39654,0.609853983596895
39674,0.7959749750073333
39679,0.7692511485705474
39698,0.6532932037256753
39706,0.6821099779148592
39721,0.8467445156221366
39731,0.6117511700022581
39733,0.5020507009989136
39737,0.5553501711142725
39752,0.5255154113698439
39766,0.17496450313911577
39768,0.33781686909173236
39769,0.10567274881906659
39770,0.6248621647025325
39771,0.5698966348388224
39773,0.4149758062377364
39803,0.24528005350226567
39818,0.6377384171936534
39823,0.5511997552193834
39824,0.38688950171601544
39848,0.43144871495956477
39857,0.23155279776531076
39860,0.6808814094512903
39867,0.2179824722795437
39868,0.15917970984442972
39877,0.30881650326884935
39878,0.6034207498006783
39880,0.6359808825703828
39882,0.5836490608572733
39889,0.2795609808715025
39902,0.330630029334291
39904,0.8141995759492519
39921,0.10614848391160281
39941,0.8626779413224301
39946,0.6795595200386876
39950,0.6594712365468636
39958,0.4966940800567233
39962,0.3213574802713671
39966,0.38753536349837203
39972,0.3987006252537974
39978,0.7931235534052307
39984,0.44919589833063134
39998,0.7226066930850867
39999,0.5672748843529375
40014,0.8907138850130564
40029,0.34220778708433913
40031,0.29769937867282875
40033,0.6423317539925975
40040,0.963744948983142
40042,0.4753222335488056
40046,0.4048521023136055
40052,0.6618768030361981
40075,0.7922039624379396
40079,0.8611710140972609
40084,0.5310674138346507
40085,0.5932507739734464
40088,0.3873922841431625
40100,0.6047262719065439
40101,0.6614848838085465
40108,0.7546071570428492
40112,0.6953712557899384
40118,0.6426868329922062
40121,0.6668669033694515
40124,0.6253211714527236
40136,0.5836788322431786
40142,0.46398998082875825
40151,0.5881438406172207
40152,0.4243479951913849
40169,0.7749899850752033
40172,0.11874288667441475
40178,0.4909739025194861
40183,0.2708254301711271
40198,0.26047962637028277
40202,0.3718584188486354
40206,0.673746345024263
40223,0.7112256669449715
40227,0.5680403762377991
40233,0.7996457323671408
40236,0.7584895588057372
40239,0.1972817785833926
40252,0.2195133272082504
40260,0.5059637077972426
40277,0.7137897485385969
40280,0.47130291082072556
40285,0.4131670081367396
40286,0.7002296395344103
40289,0.5095439460584579
40299,0.4375529052169618
40302,0.5524743078711607
40308,0.6931452436884077
40309,0.21562365780330944
40310,0.6580029154962498
40328,0.8075950954383182
40332,0.7842111900645403
40333,0.2810968253288993
40334,0.7133363733054323
40343,0.34966004351366503
40354,0.8742905124403977
40374,0.4504444478004424
40375,0.5160294045785684
40386,0.7722741871299164
40387,0.6749118668109289
40396,0.1888743566495911
40398,0.7505232649613858
40399,0.40725387851494027
40401,0.6144243586527006
40404,0.38527065688630424
40407,0.5810457190866968
40409,0.4432646066871514
40417,0.22112771950690532
40430,0.8243992020650706
40431,0.7533682610498986
40433,0.2073559125286259
40442,0.6316612125624701
40443,0.6856063529621952
40451,0.34826795549378303
40455,0.3958031724358561
40463,0.4659023679852464
40469,0.7400571205370113
40471,0.34232556541648884
40475,0.2308527436218193
40476,0.5259004053248536
40477,0.3866065998586778
40479,0.7400181383065374
40498,0.6979107139923607
40503,0.6192084074183573
40506,0.3085694358728508
40515,0.3436842019010591
40516,0.1797653650240187
40517,0.8806587579130469
40527,0.3551174403260119
40536,0.7288973457170292
40551,0.2775841357267696
40566,0.7251642947334487
40567,0.3970784770918959
40572,0.8437072963979138
40576,0.4445357149690359
40593,0.1994945467505781
40597,0.2931618043128746
40609,0.4598551043045324
40633,0.4764102277701455
40662,0.3315196463020068
40668,0.7336490152114425
40680,0.2751091092463024
40690,0.2777595849083996
40697,0.7178503447823605
40699,0.5705768310225554
40704,0.47895385726216466
40708,0.5594646513285758
40711,0.3904793478427694
40722,0.8600862689204665
40723,0.5813374381060178
40737,0.7218312265047223
40747,0.7855949434223711
40760,0.5461032426721671
40763,0.8109405749916838
40765,0.5575134128329489
40768,0.3427631111058583
40771,0.29248098274893586
40777,0.18023881762441965
40779,0.7620197256320086
40789,0.6605202035484999
40794,0.8674721456422249
40800,0.8028799833815579
40815,0.85486516891439
40816,0.30528271581644933
40819,0.20852126517825695
40820,0.6256534969829274
40824,0.9165949836415233
40833,0.702816716825807
40840,0.40360689042362785
40844,0.40351542013821584
40864,0.6094260327914579
40867,0.6044348813856086
40879,0.26821655272731953
40882,0.7139097588385797
40892,0.2983440233338868
40896,0.33940614477273207
40899,0.6843358131617024
40902,0.6541983305817832
40903,0.3889611977764608
40907,0.617383263811987
40914,0.667628782850809
40923,0.6337508720260934
40927,0.8192254946481835
40928,0.17437619652761885
40931,0.6702093241323354
40939,0.37082223584711554
40941,0.6191017639144262
40942,0.19839981224836004
40944,0.7374523811030753
40946,0.2505045894043056
40951,0.9134798161828458
40953,0.5308630198332194
40958,0.5541756404758664
40971,0.4540533177885843
40987,0.42976617743573103
40992,0.30520505047535706
41001,0.4431095208792606
41011,0.48893587286803425
41014,0.25538529482467454
41016,0.3969025203556802
41028,0.22742630825192553
41033,0.29181996173729163
41036,0.8692221051713592
41046,0.6074261642092826
41057,0.5055149277833482
41058,0.8605730537934414
41071,0.6472570056480927
41072,0.20099900660438558
41086,0.7201680709347977
41089,0.638850262915899
41093,0.3171979033099209
41098,0.1782679583809288
41104,0.29388730607471586
41112,0.34264648417969507
41120,0.7362038433076908
41126,0.35052171106785535
41127,0.6038974839938168
41137,0.24931964071474172
41138,0.2507880032935051
41146,0.24860402251057503
41160,0.25393542112313566
41174,0.8421793299942744
41176,0.3531331169004628
41177,0.4676348093412817
41180,0.8061614595103345
41181,0.6600602005270763
41187,0.13061619063351435
41192,0.8131953653507497
41193,0.321446765355463
41194,0.3174026375106895
41199,0.41063323286055226
41204,0.7729384215552338
41231,0.7254434992797985
41239,0.8473296672700794
41249,0.5177824316121492
41252,0.4189350186723005
41255,0.6687281122445766
41257,0.5881618286043835
41276,0.7796571172386153
41288,0.6855049383519947
41290,0.5528011235762401
41291,0.4838015667053215
41295,0.6755756023499391
41297,0.7063018732549681
41305,0.703886111796204
41315,0.7955077474758591
41354,0.5507368103572112
41371,0.10749829731617055
41377,0.48574464624173774
41378,0.37721634429747486
41386,0.5857427858519031
41403,0.3721582317934926
41406,0.8171501147163485
41421,0.809580777371604
41423,0.6212606567515835
41426,0.29528569935763527
41427,0.377336671767432
41445,0.3503738813348193
41449,0.4633219054963011
41454,0.24993486459019007
41457,0.6549856196036282
41469,0.48770571486672726
41489,0.19368209585080315
41502,0.5336483132002066
41509,0.7228760948803807
41518,0.9027374818839429
41519,0.6865864653040459
41524,0.5339032734191119
41537,0.3337868422675264
41539,0.3153595652769588
41541,0.3116218516209676
41544,0.5086194681923893
41545,0.6872556764287018
41546,0.31327271012212454
41547,0.40587248404286086
41602,0.26805552949704997
41611,0.6593772147804733
41614,0.6431888638257055
41617,0.2375303588137751
41624,0.3890121576152203
41633,0.37331268301514386
41634,0.7346016380659056
41643,0.4985484844280229
41646,0.7840460969370561
41681,0.8668027295384056
41682,0.41559786387044434
41688,0.6425378894273824
41689,0.4206477928150502
41690,0.49425270754301404
41696,0.47920710432708824
41699,0.1998344777689451
41701,0.483599579487842
41713,0.4478885868621527
41734,0.8503346828690637
41735,0.2427731794281383
41740,0.7436210163524626
41744,0.7119223059443123
41746,0.03977484442931679
41756,0.7065871125781872
41763,0.14984340836030005
41771,0.7546888977748324
41784,0.36165452626154276
41786,0.2960836273974941
41796,0.23129388353846403
41797,0.3367251207194124
41800,0.8835449132753679
41802,0.2451522464026431
41803,0.3609107526569582
41821,0.14033891787291713
41825,0.6362568872979153
41828,0.6821593206164991
41830,0.6386785562789028
41837,0.6609294034466472
41854,0.34918962443307927
41871,0.5627558710087645
41878,0.3248211027882585
41882,0.5869663139027633
41901,0.1001161773171932
41902,0.7700207762406746
41909,0.49260485460038417
41910,0.5166509498014323
41917,0.1873727685614608
41919,0.7543442091339382
41923,0.8330767638235617
41932,0.39892404120759023
41934,0.28180671397672713
41942,0.3859537893426369
41951,0.7362878714102222
41953,0.5317249879569113
41959,0.2805706975527533
41964,0.495200412412646
41968,0.733331641009616
41972,0.7099355452922856
41978,0.276939926371935
41980,0.5009733729241804
41982,0.3323192831074128
42006,0.8354364788436391
42008,0.2781030675093326
42014,0.8094818936089405
42024,0.7775129335766569
42027,0.2780038548683817
42032,0.28323765275617513
42034,0.5198696067624033
42038,0.48749176414995504
42039,0.5677273337543108
42042,0.8378507066030085
42046,0.6257788592375767
42050,0.6808581215672591
42054,0.6302415961989435
42058,0.7687761206531301
42062,0.2510247361381328
42066,0.1436391430082498
42067,0.26957914997053434
42068,0.7047390061895197
42078,0.9376686407943363
42092,0.3053452638430691
42106,0.4032671405109726
42118,0.4411098204066998
42123,0.6109661987853593
42146,0.11009103555843888
42148,0.6196682624533943
42160,0.3786194220058431
42161,0.7562371578765916
42169,0.08971116764450215
42176,0.33686242063538324
42190,0.6736285584311805
42205,0.16816021737165623
42207,0.6251987858498272
42208,0.8949430522448542
42213,0.29646761568850116
42216,0.3827631110682802
42220,0.40240042618913463
42222,0.7876291947997067
42228,0.9089236853543833
42237,0.5894650301899823
42238,0.5369899708873814
42242,0.696579823412047
42245,0.17933825042149043
42256,0.7040961435212262
42264,0.3035278844513675
42265,0.0975031923796526
42269,0.3728252521965824
42270,0.7220501034614991
42273,0.5280515277971438
42281,0.8391664623563705
42290,0.8066448011508374
42307,0.2827543942661968
42311,0.811167681046749
42316,0.5439266016316718
42319,0.32607370849772505
42340,0.10933562657337344
42352,0.37671971175037205
42369,0.7338836859069507
42373,0.3168485778242705
42375,0.8625298067330257
42382,0.4891249719399994
42392,0.9108238869558248
42393,0.40045426239589943
42397,0.700447498015179
42400,0.4447780691974889
42401,0.5009295595723962
42404,0.19208863197990422
42409,0.5896336989358429
42412,0.21619695788709611
42418,0.4547762331199496
42426,0.5649178596768649
42427,0.35985766812085773
42429,0.4859647912202044
42432,0.23368945596537125
42433,0.3076249323154832
42448,0.2506093235850261
42450,0.3967075448625585
42452,0.2250451198882672
42458,0.19448302279505056
42490,0.4441595006149161
42499,0.9229303340750498
42507,0.6178569155836897
42511,0.6422636673842681
42517,0.6546632346767925
42522,0.8596693087718957
42525,0.784358309014915
42527,0.5627428087490371
42530,0.8265792046252954
42533,0.7431270749025415
42539,0.4282707605182323
42551,0.7163071597145165
42560,0.2556102403206826
42563,0.30480559656761413
42568,0.4970305971983905
42572,0.3122359315450235
42574,0.84729346354617
42581,0.31028453341799717
42589,0.5127941262066781
42591,0.8861675161394427
42602,0.12469807750242291
42605,0.6485241646583816
42616,0.4552011328117895
42617,0.041867984427267566
42621,0.8587199913373614
42624,0.17326686100499955
42626,0.5768980809692315
42627,0.5734497224022279
42628,0.5985779045647863
42635,0.3375543401988206
42638,0.6098123652926776
42645,0.3091072703162796
42659,0.38918042616285226
42674,0.6709626560351448
42678,0.20493940381746892
42682,0.5239394920690721
42692,0.5371258152287596
42707,0.7291708174689527
42710,0.4143716888637795
42717,0.19980884258049578
42719,0.1484502929690031
42722,0.1684350318771504
42725,0.2952167910506687
42730,0.40069992009146177
42731,0.43272483676704926
42736,0.7283451447885668
42740,0.6589663409293165
42766,0.6717979867087205
42767,0.5473559226206416
42770,0.38358866896261645
42771,0.4016359064285967
42772,0.3257614176168561
42782,0.4349749522711594
42790,0.24698147815677474
42799,0.023603587143861092
42805,0.905462092480481
42820,0.34473679621859976
42821,0.6634304481786377
42825,0.5978060755357292
42831,0.490636182408927
42834,0.23043968204586607
42842,0.31766884313686095
42866,0.4214331346264405
42868,0.2812035810996955
42874,0.5595271665757139
42875,0.5008101157526901
42883,0.4108163344884187
42901,0.39052321134903867
42919,0.18589893180636363
42943,0.5626263955823749
42947,0.3424840589672517
42957,0.4660729900147014
42969,0.5971925743740737
42987,0.6298083429759741
42997,0.476121005387906
43000,0.5503889681582746
43003,0.3696650779099223
43004,0.8512866705862967
43013,0.7089700007711771
43019,0.620802347111474
43021,0.6812069761541576
43027,0.40421943119889864
43034,0.4919601805174255
43055,0.5581029702924613
43059,0.4519335769931001
43071,0.4753282466253001
43081,0.649647331035933
43091,0.6992923611877279
43092,0.6637286733913196
43094,0.23890932329219994
43098,0.3053796684825453
43100,0.8080892492469907
43118,0.7926355266882831
43130,0.8546703478784917
43134,0.4067819724831981
43135,0.28501679238335803
43137,0.3956135917446639
43143,0.18911485585277815
43146,0.918154129487347
43149,0.6462353483237103
43158,0.6078011491733254
43160,0.7997517119700728
43162,0.937348956884911
43164,0.5998973782536229
43166,0.6050873462642457
43188,0.2473779786158113
43190,0.08856542492999003
43192,0.636714745323621
43193,0.4561939507267236
43199,0.6474387287565421
43201,0.2202571380357893
43202,0.7236327969769946
43203,0.27257231692189493
43205,0.43624061643060613
43212,0.8344997154566525
43214,0.21746853856674872
43225,0.7081808415927331
43251,0.7291202524028261
43264,0.2550956550622929
43268,0.848281371349866
43274,0.572890830464716
43286,0.12439798270645705
43322,0.26129958833911027
43342,0.43482146887127554
43359,0.8804276992079474
43360,0.40113234937671255
43363,0.25015735739675043
43369,0.9361800278958484
43372,0.5149707826592342
43381,0.3169438058988493
43383,0.8115769491590888
43395,0.5184224614502322
43404,0.6640552141778783
43406,0.7645723846769641
43412,0.4723579639691762
43415,0.4695780967243803
43416,0.30499950245568913
43423,0.7574185224679373
43426,0.4770567068002303
43439,0.4407768829920268
43440,0.0506434633043851
43444,0.1983601157299328
43450,0.3520942345060771
43451,0.39258279571271376
43461,0.4407731311114617
43470,0.8128182616534431
43486,0.3569328732037686
43487,0.5084693428847373
43489,0.3525370964480602
43490,0.551856188751285
43513,0.6807337294713836
43514,0.7628031222924017
43530,0.376920128419341
43544,0.29697046347576056
43573,0.5432194968894597
43576,0.711775597284505
43580,0.6475557911831394
43584,0.7585297820137101
43589,0.3632901031423569
43596,0.37377684672306954
43600,0.3646048574598879
43604,0.34265899832387176
43607,0.15852083929439192
43620,0.5999195848034696
43632,0.6608026226314245
43638,0.36208278314383335
43641,0.24696579983372094
43646,0.22920744172937926
43657,0.6154490663308121
43663,0.3390506755053252
43674,0.46024733928973643
43694,0.7280198718006942
43701,0.7059250223573523
43728,0.44856442108115985
43732,0.9787278795141374
43743,0.5820118127652812
43753,0.4431880125923752
43754,0.8477465855113786
43761,0.4590279289687963
43777,0.6622778304209547
43791,0.24807289811836286
43794,0.5861213169392238
43803,0.8398434877803602
43808,0.6148285424620588
43817,0.7453252774629012
43821,0.12860694426120714
43827,0.6002927385788912
43828,0.8257992161627015
43853,0.0671056570286238
43862,0.5036809116667788
43872,0.3283844815447313
43882,0.9375113578972112
43888,0.7736069407696018
43889,0.2992050533506603
43912,0.9368396655853882
43913,0.4338965771695905
43917,0.6780261043409661
43921,0.5247576156618465
43925,0.8388029925022417
43928,0.6308202921939877
43930,0.9346187519713028
43933,0.7493934435227694
43947,0.5262710625784174
43949,0.26822416039102626
43951,0.4966688398991212
43957,0.6613029382136426
43960,0.8489261193404395
43962,0.42313358669100465
43969,0.6807299969533306
43974,0.835625765610999
43993,0.23640167768010864
44005,0.7070017511491472
44016,0.1186181060839778
44033,0.7524436792268185
44036,0.6756522182522682
44037,0.8506221157735019
44047,0.26371206154192456
44056,0.44157109788985305
44065,0.5595028221190187
44066,0.38207191561774767
44068,0.8716492949641054
44078,0.2917287981743702
44081,0.723621691245993
44083,0.8966471517846077
44097,0.2831405509009136
44104,0.5767065637045607
44106,0.5345429416629894
44117,0.3101269535020091
44133,0.7422454847862197
44134,0.7155672109836123
44152,0.7191048104947653
44158,0.36754696747711724
44167,0.7997427407708001
44172,0.7228406089262229
44173,0.19210995137002743
44180,0.19404013516670662
44191,0.9059434763143711
44196,0.4027813221798747
44200,0.2671927626846989
44206,0.24528686337331954
44208,0.7004444786304368
44214,0.8287709892288894
44254,0.8886500282734235
44257,0.5741865996238585
44264,0.883334741849782
44276,0.7401265135053456
44287,0.4318831029473258
44290,0.9335356564502985
44291,0.6913376242400537
44308,0.36365046689531566
44325,0.883525901748733
44329,0.8839099181000412
44334,0.5668725352658633
44345,0.6913208286307687
44346,0.8545465621838964
44353,0.7437614660406977
44356,0.10919627441263642
44360,0.30960077466535096
44381,0.3787855576791905
44391,0.5058838618316016
44397,0.7370262281563348
44409,0.8863035646544188
44413,0.3360702714378641
44415,0.6091739067422094
44418,0.8611699605618424
44419,0.7483332545462633
44436,0.6588023721458808
44447,0.5601690143394684
44453,0.6955833911562223
44459,0.7012612662334766
44464,0.3682075689280365
44465,0.6581254079908399
44481,0.9486256851169399
44483,0.8536308086784625
44488,0.0366550288710006
44492,0.2686525042602114
44502,0.5524407349140485
44506,0.25965534466930873
44510,0.8256396012793327
44512,0.7031298736619525
44515,0.7205746063278194
44521,0.2577696406442198
44522,0.3141950307797735
44524,0.8786807391471628
44530,0.5130385352519752
44531,0.5655336911934608
44532,0.7279823251167954
44535,0.8701100579751461
44546,0.924770651312336
44547,0.20633992842487017
44548,0.39723072495941486
44550,0.601044091377651
44561,0.17375908622003902
44566,0.9338510099960651
44576,0.7097359429176185
44582,0.840538748265537
44583,0.9051747940953774
44584,0.238827639020468
44585,0.06931832468026172
44586,0.21438723410148486
44590,0.4833612733952871
44593,0.8533599147525456
44600,0.184172626866926
44605,0.8945561874191363
44611,0.2863724895179426
44618,0.9138906842558897
44626,0.5500604912911723
44661,0.5880199433751291
44670,0.5982127269747454
44674,0.6331154416457927
44691,0.776281733051668
44698,0.036453853299299545
44699,0.5682738882377292
44700,0.4129275862954136
44707,0.8573410971817624
44712,0.24977878794277322
44716,0.9557717941572209
44719,0.44861840807621195
44731,0.6234805580191307
44742,0.7875635266155735
44766,0.5827705299213053
44782,0.29234394033154526
44805,0.5844145795114049
44806,0.034805980179718025
44810,0.3973993428229032
44823,0.9149962221285554
44826,0.4029690342533314
44847,0.8379346352052177
44860,0.7014564962556792
44867,0.5534598874630664
44885,0.29914886423197057
44889,0.8614741072994232
44895,0.6135734244296136
44903,0.7544015980597215
44909,0.3830625350901908
44911,0.38822862057757995
44915,0.8764569907174671
44933,0.493213282160131
44938,0.527824945670895
44943,0.5316398640344208
44954,0.49906078659609315
44975,0.2368436476245399
44979,0.8025375021730309
44983,0.5749792418301365
44997,0.30118124375430694
45004,0.590366273751056
45010,0.4151635131626385
45012,0.4769125129233211
45014,0.6489777439742365
45019,0.7206487747970793
45021,0.7159158678465064
45041,0.7869411580237244
45042,0.024642343729341595
45045,0.8835403964240217
45047,0.7961709751887364
45052,0.42278965853351314
45054,0.6076405416885278
45062,0.7008256649659966
45063,0.3975107909774922
45064,0.8253456026359623
45066,0.3368548915599048
45073,0.12154911928961773
45083,0.8270853370876734
45096,0.8195016248570534
45098,0.307162320745048
45102,0.10872140070486301
45105,0.6784600886140515
45108,0.5798531981979241
45114,0.46988258279386436
45121,0.5364872740682944
45125,0.4922054820081773
45126,0.2525137392301233
45130,0.1492003891189838
45136,0.6555242000529612
45142,0.8236679221254387
45147,0.1758256515703893
45152,0.5419429129560119
45160,0.11898968722204599
45161,0.7207579856277821
45166,0.9326424914427067
45175,0.8383914653127249
45176,0.6958760005414428
45180,0.5756930802536757
45183,0.9666415551024858
45188,0.7365839518232009
45203,0.5573089775767092
45210,0.5041337662506051
45212,0.6701044265613593
45218,0.9365758672354224
45220,0.653960747406912
45223,0.33750107095223514
45229,0.3918659950275648
45262,0.46451037968840153
45265,0.45978675402865915
45267,0.3097246579698817
45273,0.6683804040586284
45277,0.38755720023980755
45282,0.3543803559738837
45285,0.8489103471273406
45304,0.6744891968616853
45309,0.5087797128831266
45315,0.7943181615218234
45324,0.6658777475887578
45327,0.1909930144718269
45346,0.9750944836599769
45364,0.5916231274319461
45365,0.8389112878260796
45367,0.0778275048889811
45372,0.1522819398676886
45387,0.5098643887096991
45393,0.06935183779063096
45396,0.6580610786725583
45404,0.10261779598557276
45405,0.4277168319481278
45410,0.4825708348303099
45411,0.4151110652734363
45429,0.9836158151821972
45440,0.4590122147618925
45445,0.5901538070917512
45446,0.6118684453525892
45447,0.43501449916986645
45451,0.6545621053868288
45455,0.48365393825162845
45464,0.34947307647036097
45474,0.9476036405330935
45478,0.5728215921079867
45484,0.06759365860871007
45487,0.22965070372641125
45491,0.7992797965005417
45492,0.9111325514603935
45496,0.4475987935085444
45504,0.08580254132052223
45506,0.3088312375760727
45513,0.4157140161793383
45519,0.26013159212341413
45521,0.8191524589164091
45532,0.3392688206090576
45554,0.6393469548939643
45556,0.23033958538654517
45577,0.3512349303044301
45580,0.2311721888544504
45581,0.9830106294244298
45596,0.4986510987024336
45601,0.4895612641467422
45619,0.9860241508405136
45623,0.9417203038235361
45628,0.6100185281262439
45636,0.8206022835682565
45643,0.4805797841191067
45644,0.28482450106765744
45648,0.7101683618254147
45660,0.5813854579026116
45662,0.527218365976345
45667,0.20305198039500597
45683,0.5696165214475379
45688,0.20872841227872216
45689,0.3762051498277542
45702,0.38272401711944
45703,0.899112718418918
45707,0.651721371439504
45713,0.6536774962041044
45720,0.8948537671902318
45724,0.38628446683215545
45744,0.722392408276313
45748,0.1257819443707265
45749,0.4797446509682144
45780,0.9066080235811518
45784,0.6681699829394385
45789,0.5950250136740723
45791,0.08429105367118168
45792,0.6531953837619784
45808,0.3709493784990936
45813,0.9676527889500578
45816,0.31478964427362444
45832,0.9644787438740093
45835,0.664738730988568
45848,0.7022249677484321
45870,0.9473335254163635
45882,0.6776190581218108
45892,0.44941886114924073
45896,0.5731734923492418
45899,0.5553541937168955
45907,0.26787339547631156
45908,0.8322741811135299
45911,0.5933395645464532
45913,0.46090241896250705
45916,0.974619913490209
45920,0.4050522871900568
45924,0.8991372388811301
45928,0.603565299297052
45933,0.5691371692863173
45940,0.5982821244820077
45941,0.6117606972957986
45943,0.6351892891843292
45946,0.9362876225696459
45947,0.8654688062332765
45956,0.2469170870216252
45958,0.3463183137644453
45959,0.3086492631185868
45964,0.5443942124549199
45976,0.5471317630170696
45983,0.22682072148273993
45989,0.6834864321753402
45992,0.2252204571212825
45995,0.33026486273706523
46004,0.39717156066764814
46006,0.3251939516389605
46013,0.6914659183968309
46020,0.5528601427275405
46022,0.7711158914749491
46037,0.7760327029206221
46038,0.41436879751060296
46051,0.6472957903581812
46058,0.5906084733578999
46063,0.6914982031167822
46064,0.2417519810947981
46078,0.8577856930591237
46085,0.7209225088468084
46089,0.4187708523471032
46092,0.5456600459473828
46093,0.4106991203802002
46094,0.4589088513963981
46095,0.13980718884573956
46107,0.06060904194965628
46135,0.3077311322110148
46161,0.5608637914663708
46164,0.360432411853926
46179,0.24262087282568484
46181,0.9226960811342978
46182,0.6158955470877598
46187,0.7556379931983745
46188,0.6320947067796984
46206,0.6595033805624076
46210,0.5476316697601823
46216,0.7125197859478162
46233,0.42915978617372896
46234,0.31146846283775376
46241,0.9140133623574999
46259,0.8916571146686361
46262,0.8249577526956983
46264,0.9090947328050697
46265,0.43071998350598006
46277,0.4418094389040739
46278,0.4950622419358488
46281,0.9550134186004554
46282,0.7013395665308093
46284,0.5928260525938881
46288,0.6901692720332837
46295,0.6287049701692144
46332,0.38814686715015095
46340,0.9401550308802215
46359,0.7719821950272991
46363,0.6098984318982597
46366,0.3878370426166726
46367,0.5786299106122855
46379,0.16157622509148156
46403,0.2905598435317188
46410,0.8064143613657643
46412,0.6419345276941432
46414,0.8247160242867191
46415,0.948867880711819
46424,0.711919844939799
46431,0.7831167703453945
46441,0.32453562663067653
46442,0.3446809519956664
46443,0.32930951695902133
46471,0.627811969634258
46472,0.4072019332848891
46475,0.4569435565384561
46482,0.8369960788481933
46483,0.7831479468605155
46505,0.708242846745231
46507,0.5847454807978368
46517,0.01974089249773299
46541,0.5202953540135006
46544,0.22338092707838703
46575,0.8046663076137219
46576,0.3315364542385027
46582,0.5050949737072921
46591,0.6997044041876503
46594,0.5016458406772445
46603,0.7555418210713175
46604,0.6307247197903557
46606,0.34402624159717116
46609,0.9899581725478365
46614,0.7523785009375588
46618,0.22528521268148252
46624,0.3884186025440755
46640,0.40279427358953224
46645,0.4133764163885343
46654,0.46253388620658514
46655,0.8515823177446522
46659,0.880067985342019
46669,0.39866516830104354
46676,0.4615306943085395
46683,0.700971019237399
46685,0.2983552935550959
46694,0.3689541726931065
46701,0.9029381293330675
46703,0.7947326296771181
46705,0.6216279660655459
46706,0.8196779706661691
46707,0.5011429502884063
46708,0.3362252665977568
46715,0.2986497056705623
46724,0.5279838743095132
46725,0.6412170169402839
46735,0.7195095303390369
46738,0.5034533166196173
46739,0.4620684180334292
46740,0.5879788270901172
46752,0.8378620886242713
46753,0.3265662307566213
46772,0.031943657598498675
46774,0.7971335583410188
46781,0.8207701947651741
46783,0.5414999346888973
46786,0.2788490036139877
46798,0.8029290607361195
46801,0.2439217946412687
46802,0.6722037118596715
46813,0.623396510935715
46814,0.8720187695808878
46828,0.4354604262490983
46830,0.6194356384472113
46846,0.9032682245492019
46848,0.3154044333713116
46858,0.6225839752604617
46864,0.20952030299831612
46866,0.46515638062436554
46868,0.6037994778238425
46880,0.819909070376249
46883,0.6584344145910421
46891,0.16462448465671642
46895,0.4977395365844732
46900,0.3975097193419173
46904,0.5445833424403548
46907,0.2806436984093132
46908,0.7946074971517928
46916,0.38720416082697806
46921,0.7106840965927371
46922,0.3634980860640556
46923,0.26325350508302864
46924,0.7208557374508857
46929,0.5497922076208926
46936,0.42155316523309877
46939,0.5674708191437754
46949,0.5248156046265933
46951,0.34496653789656906
46955,0.6370995419489514
46957,0.19052957688673483
46959,0.5263692955471287
46962,0.4278396004858748
46963,0.5645973430061535
46974,0.10234351583566907
46977,0.6675267487211325
46988,0.4186685061000946
46994,0.3382638436365655
47008,0.6054594435410662
47019,0.10485289506159329
47021,0.8673373230145212
47022,0.13498496534666998
47023,0.17383693840394704
47025,0.8706776942417012
47036,0.7341377340957292
47044,0.44485279480144096
47045,0.4378624840706814
47051,0.24308687237095836
47057,0.4773028660779676
47059,0.7424856577799626
47066,0.3871839949282602
47068,0.3005438298504851
47070,0.6597956299131984
47077,0.33715750202742534
47088,0.23656396282429024
47089,0.8653785463962741
47092,0.8499850016248519
47103,0.23235244861389803
47106,0.5007635600201805
47107,0.29097834871634826
47117,0.7336747067864389
47129,0.2783079327294898
47141,0.7656753704624822
47158,0.3102351709579122
47164,0.18684371176533193
47166,0.3379403364371954
47169,0.8758223718618535
47183,0.6025208524265543
47186,0.326083820602254
47198,0.5488439254181288
47214,0.5451104269948506
47216,0.19812557597109623
47228,0.7569811887711951
47238,0.45992764536973096
47245,0.20079910876160392
47251,0.9599522599288285
47254,0.14237343343088174
47260,0.3671174588373522
47262,0.6323495703135114
47272,0.20066396568972888
47278,0.7233310131618913
47296,0.4546230673011588
47301,0.21264781120859114
47321,0.6447575283841469
47330,0.1563822820922896
47342,0.6886613080570803
47347,0.45287605590758
47355,0.5187195186664382
47357,0.7580355180537927
47361,0.5890603048687294
47369,0.2907165193736369
47382,0.8377505324763909
47384,0.52394999351706
47402,0.8054907064787831
47404,0.08071353784940467
47413,0.5873708020215038
47417,0.16796138248047615
47424,0.558761504141815
47432,0.3456479141290875
47440,0.8044923144922154
47442,0.6065906178307504
47445,0.41159560076974006
47449,0.5710566200735558
47452,0.6552582389167699
47453,0.7886183309726469
47460,0.29737102902521756
47462,0.8291723189020157
47466,0.7085436726989122
47468,0.20036407516330768
47477,0.1682661601282257
47484,0.6504642417563027
47487,0.3828471628404343
47492,0.6210206022247258
47495,0.19606353332445672
47507,0.4618311528584096
47511,0.13883548071882698
47516,0.8346286892386175
47519,0.7158006607125539
47537,0.5349694140109522
47541,0.7909779705817407
47544,0.8113821664471579
47549,0.2212361133997254
47551,0.46235097544119774
47553,0.39635586969149433
47555,0.29824271583524353
47574,0.49973290989691216
47580,0.9307501874891554
47599,0.4389726799157622
47606,0.47020554555634003
47615,0.26580070649334225
47625,0.8289281685386408
47628,0.6868673623086573
47652,0.16758399359156262
47666,0.701295253735387
47670,0.33243422021352553
47675,0.3500508243394767
47690,0.6660693403834587
47694,0.4723252422855182
47695,0.5468346455536083
47697,0.5551936530530346
47711,0.6728227136950381
47715,0.753552492281928
47731,0.6794631110807988
47732,0.701677025926126
47739,0.8645099326471952
47742,0.49833468168592665
47750,0.693705264092487
47763,0.07611901392937202
47781,0.30076729846781947
47785,0.5989338643425081
47787,0.04014731965654603
47788,0.6728044647085041
47794,0.6059911002047723
47800,0.23061658746568134
47804,0.5463118568093286
47805,0.3503394592132832
47807,0.5122810992113445
47815,0.45687769285317215
47826,0.4912202238448309
47832,0.7594668867432772
47833,0.5922830513948588
47840,0.39159198038368104
47846,0.46335339808707204
47850,0.5581755166448198
47856,0.34972984398558354
47858,0.39914666579770147
47873,0.17029850020081558
47888,0.4166289611643224
47899,0.7119099803400089
47901,0.25456514457377744
47902,0.5242459410466808
47904,0.2919683533077344
47905,0.6173279980459774
47917,0.7694251588128924
47919,0.2037514943577957
47925,0.3606872084619162
47945,0.9614258100543114
47957,0.6029227820562404
47958,0.368234875909842
47964,0.6030585360317023
47983,0.7723043145423759
47984,0.6753987952264671
47988,0.650251713811829
48010,0.08964515916333471
48016,0.6759466668672492
48017,0.5608338946845716
48024,0.3061926830316349
48027,0.7661530435959178
48029,0.31419210205412723
48031,0.34353573105297763
48046,0.26582303932775536
48051,0.563730620813969
48056,0.6986518637736436
48069,0.6196838625714374
48075,0.7113896066010936
48085,0.8237645737467186
48094,0.44906165568133954
48098,0.22744199728759693
48122,0.6836032385541447
48127,0.29125071698851074
48136,0.5542917367967819
48139,0.36588460758709995
48142,0.8055246838769903
48156,0.18053572657383102
48165,0.31187714877274225
48167,0.13735793732187168
48182,0.267612926932101
48193,0.4796886909259031
48198,0.5235300717224013
48216,0.7426863094787077
48223,0.46136499210401655
48224,0.6509867109823237
48226,0.6037865092604512
48229,0.5415228464562114
48231,0.29830539852016613
48249,0.6771034563385198
48265,0.4661759314972845
48269,0.15105906802896038
48274,0.5678015618552326
48288,0.47271577334831516
48294,0.6542415613352532
48297,0.7672434683454767
48315,0.5515849726371861
48321,0.577856205914281
48363,0.6131236741922795
48377,0.45253725508784276
48384,0.2160799234960649
48392,0.32517409560272265
48394,0.7234094911809752
48401,0.21467831198596193
48414,0.45454430377374144
48417,0.5671889716063052
48424,0.5304844019779165
48433,0.0996457452815311
48442,0.6848562858480799
48445,0.7618814306326085
48489,0.44137390770294077
48496,0.3249830784532166
48500,0.8732588691637464
48505,0.6304276953164769
48520,0.4807303351064906
48528,0.33965523154115407
48539,0.5029060699048169
48540,0.22871232757733953
48545,0.8416889977577228
48547,0.3284973061034823
48551,0.4132534484408351
48562,0.4044208518935169
48568,0.5104077817956806
48574,0.6138765264395625
48581,0.21635673577554418
48590,0.8057050553759264
48595,0.7873224537753122
48607,0.43996854002609853
48609,0.7052451699391707
48612,0.2854357308458834
48619,0.7483527172140434
48632,0.029411364626415533
48645,0.5950762054401866
48650,0.3335279210266399
48657,0.7043664954105036
48660,0.7139707468715126
48667,0.77665822142022
48670,0.6462867478719817
48675,0.06932230288226046
48682,0.6699406871488639
48683,0.8529181013059736
48695,0.4245564633727445
48700,0.546135783023207
48703,0.7315629215554311
48709,0.514865698320729
48723,0.4677306821749558
48727,0.5280821947393226
48729,0.2501649454995197
48741,0.5688101673125047
48744,0.7158447285423218
48763,0.6427539872255195
48765,0.5693872065695136
48767,0.7473210973644591
48768,0.34250964374267007
48771,0.2293617635409227
48773,0.46100365622895795
48794,0.7962485006085834
48795,0.7162855301205069
48798,0.11870881867070528
48803,0.8393363862511811
48811,0.6384430438168702
48813,0.364403035127462
48814,0.5825803133878854
48815,0.47297750354251267
48817,0.7111324467500881
48819,0.8170517896520245
48823,0.4285809428004924
48826,0.6567732242896467
48833,0.49332472529740606
48834,0.4248001293167753
48837,0.49783526176921306
48844,0.21411241930496488
48849,0.7088091686156579
48855,0.6964492606224302
48859,0.19060312158982187
48867,0.28175755431742794
48879,0.5830143777152069
48890,0.43442829828008356
48893,0.7834859177096003
48895,0.327976060395648
48905,0.6088711795829526
48911,0.4885248787393562
48932,0.33047761112696844
48936,0.4223858369129467
48942,0.2356902534367039
48943,0.4033469385027671
48944,0.7050686420744384
48945,0.6753300683771111
48965,0.7592997620038722
48974,0.7414109520807296
48977,0.6292417207260224
48979,0.4197869540207813
48985,0.13690326292141647
48987,0.39455572585566495
48988,0.535024797509998
49011,0.9157986746634238
49016,0.6426508164856028
49017,0.18395394005757554
49018,0.8624877608153565
49021,0.8541656752116356
49024,0.561496353333912
49029,0.2913046780637638
49050,0.32731264652475006
49058,0.2627819460024312
49063,0.29808205371624513
49064,0.7978054450115635
49066,0.4352364942675437
49067,0.6061304286680662
49069,0.3837695463878071
49070,0.4265241107632713
49071,0.5852442917814872
49079,0.8205318821134834
49090,0.6019657030039439
49098,0.6349509580321313
49103,0.25891275579702805
49118,0.7200887104875731
49120,0.6263379518964661
49132,0.7665510187553536
49142,0.2353836281736942
49146,0.7503440942531014
49154,0.4971500498285528
49155,0.46922027173427744
49162,0.36601955990999213
49164,0.18392717884723186
49166,0.6207980006060652
49192,0.7534672781268412
49198,0.6504687564008249
49208,0.816602144307963
49227,0.6162543514954957
49228,0.1799962431862438
49236,0.7295748930206515
49241,0.2729350589235011
49247,0.5701719454875055
49248,0.8449164785452982
49266,0.6777597194813884
49280,0.21341934229405032
49298,0.8047283720925624
49301,0.5416751983338113
49318,0.3185365476801549
49321,0.5997168017536697
49323,0.5489487528054764
49325,0.6655444214181299
49327,0.5071378210033903
49328,0.8312545466709101
49335,0.39973782790736995
49337,0.6965808583389942
49340,0.7810075347698938
49341,0.7972541230684907
49350,0.45997637369973204
49352,0.45965025576379653
49360,0.4217536775614997
49365,0.6384857819113366
49370,0.32133310192409675
49375,0.6676206228539663
49378,0.6504902371556446
49379,0.8276149934772987
49383,0.2974616861223901
49391,0.7396838374021966
49393,0.5439775478690971
49403,0.319164293734233
49405,0.28714178540107077
49407,0.6872056451211929
49429,0.4018342823953537
49430,0.945466359006108
49441,0.4780725919517334
49458,0.29039245173676936
49461,0.3830172145223647
49477,0.18723214444997502
49479,0.5271209476244828
49481,0.6103654630009298
49494,0.28864566356727744
49499,0.27225645910271434
49509,0.6242765494828172
49514,0.5202547476044714
49517,0.11192489701087494
49525,0.4312142140326976
49533,0.830021125623461
49537,0.35850130594293556
49544,0.26486080071518886
49545,0.20117322536125104
49549,0.3107775338363864
49559,0.7184895650541306
49561,0.055207880379479976
49562,0.2669300775693851
49565,0.71562529331117
49573,0.23213974352551123
49574,0.5632200401380855
49575,0.47371803950547847
49589,0.31515696634591445
49595,0.7155038203992271
49602,0.35061052498446854
49606,0.7321834329579416
49607,0.4894580777923747
49612,0.8481578629003688
49615,0.4908114361418804
49621,0.7900417943714645
49649,0.6324426686590466
49652,0.7242703000297924
49664,0.6094971849504748
49665,0.38342811833903717
49667,0.9559755961019245
49669,0.5746407103526816
49677,0.3542168412183532
49683,0.32413692338006184
49684,0.11281742111901495
49687,0.16878637540975075
49689,0.7182796816321283
49693,0.8733889240357892
49694,0.8620190382322874
49715,0.32633839796121383
49740,0.310246864813916
49761,0.8443877074380677
49766,0.11968055700301929
49770,0.1899676034431565
49775,0.46303971823586254
49788,0.4936371162456783
49789,0.7236024786640871
49793,0.21887178477720526
49813,0.25874265287902704
49814,0.439781631566998
49827,0.3372763866576432
49843,0.6162726653643446
49853,0.35358448817843724
49867,0.5509317979578111
49872,0.4486208969674863
49889,0.31478525552402936
49895,0.3584899297620452
49896,0.34162162342858104
49898,0.19176935056171962
49903,0.6090263595346397
49910,0.6974413528151446
49913,0.4289952936990193
49914,0.45084047534364624
49922,0.4924530997614569
49923,0.8294095576106724
49940,0.2971310479995761
49942,0.6383731740263194
49943,0.5289123593243428
49952,0.6883626361526632
49958,0.7220679309323059
49959,0.6363302920828645
49961,0.48252896565917053
49963,0.41517596570860005
49976,0.5704857679479993
49983,0.4022440850587718
49990,0.5832737172666336
50001,0.8234521562316951
50003,0.10046098465060399
50005,0.5888423307833386
50015,0.6040143353470918
50016,0.49303170631197374
50024,0.08015923810805395
50030,0.21147238088597584
50032,0.7193423553493935
50049,0.28309375176042995
50057,0.5806790570931084
50059,0.32806973122501704
50061,0.7807755562711042
50065,0.3739191280699544
50080,0.5425766913808877
50085,0.4412122774948309
50098,0.6411961172800421
50104,0.2643290401815878
50108,0.2589048409409194
50129,0.9154719793708139
50138,0.4624023716934289
50144,0.9081828941102059
50150,0.10976560351675702
50151,0.20717273697511104
50158,0.22793636001279097
50169,0.7952243706160481
50175,0.905663879988789
50176,0.7016791771780325
50191,0.5841036988885971
50209,0.2732790374983985
50214,0.5185964592158664
50215,0.6495453510632013
50216,0.5002727616047987
50227,0.5324734501567249
50228,0.6320406645274216
50239,0.6076900675728825
50241,0.2772542024384195
50243,0.6731878161778432
50253,0.30326094312466123
50255,0.6148676361639451
50267,0.7943456303837574
50279,0.21666984766890535
50282,0.5376838810115127
50286,0.4845822795183833
50291,0.399713098165295
50300,0.22897950336355177
50310,0.6353377489081993
50314,0.9063488265421534
50317,0.5125258975791076
50321,0.9877982028041646
50322,0.5457377635072512
50341,0.16113052679867915
50342,0.2853659504930902
50350,0.35477158201533676
50352,0.3745324880838452
50355,0.6107045104906789
50380,0.44503638181848326
50386,0.5107826376536991
50387,0.760148664622365
50392,0.7091904221753703
50394,0.2554892572880693
50399,0.09851301687405191
50417,0.425515666321677
50418,0.24902937039176218
50421,0.5018604126355841
50426,0.4656207890233584
50428,0.9145916799063701
50438,0.19677023968195956
50439,0.19752132189189647
50452,0.22033133301423805
50473,0.7858202862345581
50475,0.253168692474989
50499,0.40042503558953757
50514,0.21021310393187276
50523,0.6857724891253064
50526,0.6212810608111715
50538,0.4279366660487261
50552,0.8748824223573779
50572,0.5893374307205991
50581,0.9909149757386524
50582,0.6262988181412408
50585,0.6152846161186721
50596,0.3511483209675374
50603,0.610904981007761
50604,0.8649324062148199
50625,0.8298864047729684
50632,0.3435122768531313
50634,0.7081674943573003
50637,0.7996973298225969
50640,0.15021045636577499
50644,0.6446320459781042
50657,0.6574955436658747
50659,0.40164386945987307
50661,0.6683050295681767
50664,0.4490712134890567
50673,0.7747453064817771
50674,0.4332262675497424
50675,0.6515000006820967
50676,0.3067389574933258
50687,0.1535507924249207
50688,0.3664198326861576
50690,0.4212180828015559
50695,0.649630046859556
50696,0.5175550071768682
50704,0.37687011929886166
50752,0.7332629131073354
50759,0.50764562583964
50769,0.4755646765282549
50771,0.2723963415106826
50776,0.972118662181306
50781,0.32475268937592594
50792,0.29979550885267653
50794,0.7727172227586515
50797,0.8137824579301158
50798,0.12684556607945696
50802,0.709754258284528
50809,0.725942039759455
50813,0.5942958287161029
50817,0.820070595949674
50818,0.6062720938909096
50819,0.8555041645180302
50829,0.18228968341508273
50830,0.5370183218010839
50841,0.18996941794927336
50842,0.38982824436555563
50851,0.17670074093714555
50853,0.45701688270726715
50869,0.877519212874135
50870,0.5900851137777747
50890,0.5432723100811067
50903,0.41799386316074777
50905,0.3495575993285069
50917,0.5610176088537364
50918,0.10813151010015253
50925,0.8620411108823354
50938,0.33950288575011356
50940,0.822115410427062
50943,0.49199621834144125
50947,0.7972469637060478
50948,0.14402527773878368
50949,0.46359693521201517
50950,0.6772410530342248
50952,0.5149402796844151
50955,0.5411266476991131
50958,0.2428113070104707
50959,0.1254272432329787
50965,0.6910551514669465
50976,0.2613156503676022
50986,0.4820534534999158
50987,0.4531412991964554
50992,0.6235393134827756
51001,0.30108998031653156
51004,0.4542212411253593
51006,0.37118437086027356
51024,0.8138818936466932
51037,0.9319922972514528
51039,0.5040849452962928
51040,0.20468304716294983
51065,0.304379404271122
51071,0.29527976848310844
51080,0.6847338879300091
51084,0.7073890411510859
51085,0.7633411805162309
51088,0.24242155724454803
51089,0.25540290801247667
51105,0.5404131363476458
51118,0.4481321185057473
51133,0.7284225847598437
51137,0.3834113540905082
51140,0.4524431974135567
51145,0.5645740475139628
51150,0.9077353714980841
51161,0.3216998556080907
51191,0.6550906456433344
51209,0.4434501820476147
51219,0.7979515943985421
51222,0.1360348899552864
51239,0.18486956498975826
51260,0.2549551787858432
51261,0.6092004101963943
51268,0.7467257552612118
51270,0.3930686496590477
51271,0.5159381259229249
51275,0.8215493874102283
51282,0.4661718271532135
51285,0.2547820996791643
51286,0.3095581314876204
51290,0.32483857855736703
51297,0.3302887790633282
51299,0.4868791204536763
51326,0.5801002354533242
51334,0.9471563578641076
51337,0.14002540859872256
51343,0.705008764033029
51351,0.22057335704739095
51355,0.7217761275209064
51363,0.454482382280452
51369,0.33795645332423835
51372,0.27928676919895945
51377,0.49805370048012715
51379,0.7920365792213838
51387,0.7682798361263469
51394,0.04241579725578863
51399,0.6608769895753787
51403,0.7308710512229731
51407,0.09342274513732807
51410,0.2535221943826584
51424,0.8924623538563198
51434,0.1393795957250284
51436,0.7210001278130793
51437,0.11064497325941004
51439,0.7315569776942321
51442,0.4292731049957044
51444,0.8045834324713644
51470,0.24523824316591686
51476,0.94674644434453
51490,0.33520649963240523
51493,0.7299205444581293
51497,0.8112599685760017
51504,0.3845509516166276
51509,0.43377410817417594
51514,0.830597481263385
51515,0.3305266085955275
51516,0.08344132625714985
51517,0.5601388411858799
51525,0.3456349779147109
51531,0.1563611867663391
51546,0.5725209418826552
51553,0.25527225321125124
51569,0.40122614919419636
51575,0.29856733311274186
51578,0.5866551244551169
51586,0.42519420570907346
51596,0.9049651382962498
51610,0.8419805554999593
51611,0.5256262864794542
51614,0.5291353631978116
51615,0.8141279885122846
51619,0.3227005077537903
51620,0.5314428038596594
51630,0.4995966252965284
51631,0.21395477697993218
51642,0.43049528116289165
51650,0.49787700976455435
51662,0.15227127655464656
51665,0.6239122701287422
51667,0.7522215928775438
51668,0.6205125128648848
51671,0.9740688613458218
51677,0.5025594980870464
51681,0.43721860479254937
51686,0.931725388898923
51688,0.6143112839808947
51692,0.6188416347409824
51695,0.8859369267051745
51703,0.545359842268057
51704,0.3195203509009731
51708,0.38132869180544177
51710,0.3021383008988843
51726,0.37008309870210593
51730,0.6985584447486795
51761,0.7541919081104365
51767,0.6349372972177771
51770,0.3533279165282519
51784,0.789105598647696
51789,0.7156881323210451
51793,0.0580629159432411
51794,0.47603657316939846
51796,0.29842118527013245
51804,0.11208412088753926
51807,0.4810158651295347
51815,0.8104406050639917
51817,0.33964149899363083
51826,0.5569883921581885
51831,0.35572257921905476
51838,0.1552753751500481
51855,0.4245401411098615
51857,0.330798605413172
51868,0.4266381388126355
51870,0.5451567142542161
51874,0.39467518508649196
51884,0.48987690926155564
51887,0.2347664172400783
51889,0.4837872035941482
51897,0.8305709069821265
51930,0.7920590360370104
51935,0.4419737822294319
51949,0.5870237592490306
51953,0.6863052436094904
51958,0.6330037094712485
51960,0.5266440572775806
51969,0.7707561572397907
51970,0.5821853915032255
51975,0.764202653448383
51984,0.819019431213773
51997,0.04130611557858775
52009,0.44951307598292406
52018,0.5641780210872855
52024,0.44525545044251186
52025,0.46365915870409774
52026,0.7077388869321141
52032,0.5187233176734087
52041,0.7144859078156292
52052,0.22346822992521329
52056,0.8684110668728102
52061,0.08341755138676878
52066,0.572725874659858
52068,0.23522799841664271
52073,0.5356772715853829
52080,0.48756690453590623
52083,0.43226600337513954
52084,0.82600509040466
52086,0.40958028691794346
52090,0.363839090719954
52096,0.5223548257115519
52117,0.5626396357644021
52122,0.2506773401555683
52124,0.44323276605943157
52130,0.2742731920757015
52134,0.291093940630853
52151,0.5809973755788627
52154,0.23081778234139844
52160,0.3381970279992348
52168,0.4838942821677425
52175,0.485460493030229
52205,0.4157775383150132
52210,0.8289257151145019
52223,0.6094094133744664
52224,0.5798205896074266
52254,0.4624089183192876
52256,0.5513785102454963
52258,0.3540392216904886
52259,0.3238161250845177
52262,0.5970318417607555
52264,0.5120790471034976
52269,0.3798292188320428
52272,0.5798402088259808
52275,0.6858573198766407
52281,0.7632706810240683
52286,0.831019951399986
52292,0.5222347093438223
52293,0.48664069027066864
52299,0.5689683254716583
52305,0.5444727020991197
52306,0.3940691066638261
52318,0.33920400155279906
52326,0.24049958419427495
52328,0.4619438012481829
52336,0.8047845979194374
52343,0.5818406436834261
52350,0.2599738375869668
52352,0.17729857374616212
52353,0.536624403588928
52354,0.35046416854640133
52363,0.23080885129107725
52374,0.2862948373307988
52382,0.7775355731633262
52389,0.4598145373344768
52419,0.7845645936645406
52423,0.3281543051016718
52426,0.8656923737572764
52434,0.4630536769652271
52436,0.5281562901276103
52441,0.09526383823117954
52443,0.564804237511632
52447,0.6106177965843803
52448,0.6691743962751366
52456,0.6619653972400555
52464,0.5302967593876841
52468,0.1268235542992013
52471,0.45363921578744365
52478,0.4023283514673917
52480,0.18491495350829784
52482,0.6276499498121382
52485,0.9850327831621623
52488,0.46572355846467356
52493,0.6937315727822693
52498,0.3402059845999024
52500,0.379822327110741
52512,0.7861244028090663
52525,0.6410177463308512
52529,0.597379195290118
52558,0.5613237162593882
52563,0.32325025284240894
52566,0.44222089526618885
52581,0.3253726030794036
52602,0.6506310716194995
52605,0.9042724774686601
52610,0.528859572772985
52624,0.5538229294211738
52628,0.15314653688169957
52631,0.5276233757901722
52647,0.7575900016586541
52648,0.33271584662715376
52650,0.0646469142986189
52654,0.4054634703886546
52655,0.5261707732677144
52666,0.2405263324547445
52669,0.9044598604117059
52670,0.44265974441702155
52676,0.7729447823166646
52678,0.1987039706402484
52679,0.794668878845152
52692,0.3400769973479325
52696,0.55409553601241
52697,0.3249937789396859
52700,0.7602343702395973
52701,0.7956371359431808
52710,0.8287104591745488
52712,0.15575123369362376
52721,0.37902092915106966
52728,0.7726431236102971
52730,0.6705576313837354
52733,0.7258371384960551
52734,0.5348319691995517
52735,0.41724357168326087
52742,0.681730073122911
52746,0.46948987538263653
52752,0.551488599404053
52753,0.7380718431570185
52754,0.40111049178308683
52768,0.2813190633094397
52770,0.8847908330421916
52776,0.6285509653472531
52798,0.506784802540347
52808,0.4853775403930185
52819,0.7501625680322985
52822,0.19626022214906189
52827,0.5379692829625946
52828,0.6569151490592315
52836,0.808841867398363
52839,0.05778234447286106
52842,0.44791058828571834
52845,0.5206881750510799
52852,0.4331578869783779
52858,0.4545026883609809
52867,0.4088446459489356
52871,0.7590613659030708
52891,0.704263764350672
52897,0.7428223394561964
52900,0.15767170523731114
52904,0.5821622175510772
52912,0.35696616147600063
52914,0.6763242416746884
52917,0.48520082113017493
52925,0.179428344209925
52933,0.6450023978085226
52942,0.49489756682202124
52947,0.7005233795521455
52954,0.6227643895814695
52966,0.5336106803021279
52970,0.8072772717589882
52976,0.20180112529450556
52981,0.15209523969006739
52982,0.743368641354909
52985,0.2640388477447472
52986,0.07145746866479971
53003,0.33034110323323074
53005,0.8463213711122514
53008,0.2714118847056042
53012,0.4251743195497175
53023,0.6272736667208957
53027,0.5153936364327452
53028,0.5987020456532072
53037,0.4225465710377567
53040,0.65927432473318
53047,0.5452309840325279
53051,0.9492676182283338
53055,0.4708235708083797
53063,0.21264688501102366
53064,0.575647683996133
53072,0.6277575296356119
53087,0.5670134451322111
53090,0.6701350170724624
53094,0.5872485784728596
53108,0.538220616404113
53113,0.5832158845945552
53130,0.7269228574057549
53133,0.2696542247040725
53135,0.6585428049669707
53139,0.4329121577218786
53141,0.7302545923739692
53142,0.7844185458107036
53144,0.37028654112895937
53145,0.7152602163268155
53156,0.02492233666472809
53161,0.738109214317848
53172,0.1892508896771847
53175,0.48184680375000266
53176,0.43060371803413766
53184,0.27258990194144056
53189,0.549700617401145
53207,0.6276283420797591
53209,0.37202879261148164
53210,0.46816024122749367
53215,0.8149870117078932
53225,0.48127245787537426
53228,0.37057349705669984
53247,0.3295444917297638
53256,0.7847024287669728
53267,0.48563262282900127
53268,0.4094068959658091
53273,0.42783764827329945
53279,0.3766172661212902
53280,0.33927199237153544
53286,0.7773091331044739
53291,0.8071769202137873
53294,0.44751561194323564
53295,0.3330912520836794
53303,0.7277956386356752
53321,0.4578455602280579
53323,0.64870716194585
53346,0.3487530466468677
53356,0.4548485891665026
53370,0.20088268871034687
53373,0.2775756750056702
53379,0.5465995064309942
53396,0.5002059960676829
53402,0.16038637957366178
53403,0.1838974525170671
53408,0.11883778805813357
53409,0.6223425066104572
53414,0.6377518234102971
53425,0.6807957513072658
53431,0.5207885272951752
53433,0.34890527535607524
53443,0.5952039022692284
53444,0.0722537088817498
53447,0.2563740566946272
53451,0.9134593261700216
53452,0.7962734613382233
53459,0.3707780115020491
53466,0.30718604287698975
53467,0.1753098492796489
53470,0.1542237080388999
53472,0.3820476980550683
53477,0.45545884699519484
53481,0.5172526003930904
53482,0.5056598098907584
53496,0.6055089009480831
53506,0.9500065904483065
53510,0.3611413219079234
53515,0.43473918130252587
53517,0.82275772036824
53524,0.2407133746187183
53529,0.4541852444511242
53562,0.29299170067925245
53565,0.4803328210531658
53571,0.8186716556767416
53572,0.5272335730513795
53574,0.1128058391663182
53575,0.8560078219477069
53578,0.7604773853690718
53586,0.28334643020184597
53596,0.5196841843784725
53602,0.8754613307074934
53604,0.3239352027018436
53628,0.22926947127114888
53636,0.5472416203906384
53641,0.8095752117385323
53645,0.7492576229071095
53647,0.6727309527199584
53654,0.9539518816009533
53656,0.4710467306816437
53663,0.2361254308463735
53672,0.3380063277136647
53678,0.34183932859499283
53697,0.39179867169397414
53701,0.5501538306825419
53702,0.39571802654792987
53708,0.5251062988395684
53710,0.6421071338632857
53714,0.09446422485091838
53715,0.347062815832794
53717,0.3933942972733902
53721,0.7958080463944011
53731,0.33869770752596795
53732,0.9664235145869179
53733,0.5445956331128009
53735,0.490578226833072
53736,0.919001551605211
53746,0.38938754264757597
53753,0.22979715862878478
53764,0.6785682595380321
53769,0.27038584222176293
53774,0.6556804469700089
53788,0.7950993351750717
53804,0.4365660718569628
53812,0.5879720920709451
53815,0.6372548197404807
53827,0.6143517143469394
53833,0.2436428023091467
53837,0.6840061302575622
53844,0.5145858071942213
53847,0.3411006258796928
53867,0.16933635042512585
53870,0.40857933173949745
53879,0.5995265055653979
53884,0.7806714747293487
53885,0.3505973493602262
53891,0.8556039858190717
53924,0.6504277674167999
53926,0.6664161531676273
53939,0.6476237559637906
53940,0.8364035195758346
53954,0.08743430697226867
53959,0.6539288571759075
53961,0.1804159595377734
53962,0.24109988771691634
53964,0.718824222836595
53970,0.8039264804224959
53973,0.8209909597098003
53978,0.6000937922387937
53980,0.6340014702546317
53988,0.5507087641111531
54007,0.402194280268469
54015,0.7112409866578124
54025,0.7533334838405353
54029,0.35458468894960565
54041,0.7517000039114081
54043,0.6617544203062433
54047,0.3876207792428122
54070,0.6757188476011593
54072,0.5105214246598113
54073,0.6841184166091724
54077,0.47193186424867
54086,0.75959113925624
54104,0.05326447596201
54112,0.12859193239890124
54118,0.39632499498214235
54125,0.7681962582241076
54132,0.7680013924430337
54139,0.9225240502631
54140,0.8301148602059437
54149,0.4479568054140507
54169,0.37132893311632087
54177,0.6775811553956244
54178,0.22934727797719964
54194,0.521048593673678
54198,0.7177633484088557
54212,0.3797692945809658
54214,0.8983013688402639
54222,0.42634080973857247
54232,0.9106541363206733
54240,0.5271773299399742
54247,0.5112255449676522
54255,0.7945500986969846
54262,0.7749724989036495
54263,0.6950441735632532
54265,0.33225389336466804
54276,0.7666771234615926
54280,0.8527783281830177
54286,0.35421765513401576
54287,0.40921428501291435
54293,0.1902614316778828
54296,0.5153664456934219
54308,0.43394791870452687
54318,0.26308634327222097
54337,0.8315117125311847
54342,0.6966626067187068
54351,0.4680741300449391
54355,0.475781342138278
54362,0.16529528138659275
54365,0.8591303103208648
54382,0.6857333257992344
54387,0.40509617166459855
54390,0.5399056280477115
54409,0.8786260220434681
54429,0.7690471866125592
54433,0.40152237688218784
54464,0.3432696669939312
54466,0.2611620754575033
54476,0.7706244632410263
54479,0.3629045596279529
54483,0.3060031518249823
54488,0.2807763081604613
54494,0.1388420980673997
54496,0.5050033874364793
54513,0.6599753982461637
54515,0.19530168244679588
54529,0.5653138634067637
54535,0.747688976710722
54549,0.85710256221052
54552,0.5984100288090269
54553,0.3332374627650294
54556,0.31938840430990245
54562,0.829357971298683
54566,0.16514235984822723
54567,0.40823860147132884
54589,0.1854497640032144
54608,0.5521898050678022
54623,0.6005484244397323
54624,0.24381281059238183
54626,0.8259720311566053
54628,0.672615148557088
54635,0.6174497785187679
54638,0.2581702609745612
54641,0.6542804613142716
54643,0.6824905100697443
54656,0.5692228628487369
54674,0.24249405797053283
54676,0.5671666797769056
54683,0.5211820624826244
54687,0.5585726625629893
54689,0.4150708760477476
54694,0.4585897484338274
54699,0.4100098778441071
54703,0.2328387766746091
54706,0.3751266273806722
54713,0.06453140989928136
54720,0.38057404310032195
54744,0.7406894391589322
54749,0.7640464445775093
54750,0.6572301049896899
54756,0.47217964882651825
54766,0.5747245894209656
54773,0.17892548782682796
54778,0.3380856187648447
54779,0.4120351426861447
54782,0.6552649664612954
54807,0.4273590897647633
54815,0.2901203992782404
54816,0.8855481078131497
54821,0.6162892779004208
54831,0.6288808491554451
54850,0.8333030522238799
54851,0.5110836588150406
54862,0.20033372845418101
54864,0.7447980236254462
54883,0.6159206469107371
54888,0.6054518496443941
54892,0.6859555678089296
54895,0.6244357586112723
54901,0.856126566520461
54906,0.6426011358685062
54907,0.7926637082703264
54910,0.8622987040788302
54914,0.8586503918555022
54915,0.577354303030275
54925,0.5521056097209053
54926,0.6439735859871506
54931,0.8329162145001549
54932,0.6666472815858752
54942,0.5927807809705649
54951,0.2620862495701827
54959,0.8361019334184738
54962,0.49471405110282934
54972,0.6112946463404472
54975,0.5713490592231437
54977,0.38886779080570594
54982,0.32062977781916985
54984,0.8029877626626601
55004,0.7589897186739057
55015,0.3653878836761251
55020,0.7114357505149717
55023,0.562437319972602
55028,0.5605952352758387
55032,0.7572472912195947
55053,0.8922408124526467
55061,0.6393815369096312
55067,0.36182463014678645
55087,0.17612912083281348
55094,0.37581131725992833
55106,0.4361919649488281
55113,0.4258822702543073
55122,0.7322071474556394
55127,0.17282250548081446
55138,0.14684677060209028
55139,0.48897984132972483
55146,0.8498167553252607
55151,0.48362170739566757
55161,0.4757462270739512
55167,0.6571021899816374
55171,0.8950691005051079
55177,0.6151922606340013
55180,0.33298934337481384
55183,0.32401135502416095
55185,0.4215714378352728
55191,0.8071679417645747
55193,0.33485155048620296
55197,0.48651569873527584
55200,0.6569888559427898
55201,0.5563752563737738
55215,0.4429611808551616
55230,0.31742472610563405
55237,0.7480856364230151
55245,0.6429796757238743
55267,0.654414807951732
55277,0.5933138298618915
55280,0.06590088329836791
55299,0.5983330654214012
55306,0.7251323466952708
55314,0.8700787011328336
55317,0.6461499121986399
55325,0.47731153646602115
55337,0.4834861749729009
55347,0.7487377852191516
55355,0.18526184811643215
55359,0.17883353558298573
55365,0.21014177898989364
55376,0.18418213235853828
55388,0.6868297285395942
55397,0.15558575129588467
55400,0.37063994476156426
55401,0.6893736096101153
55422,0.7600010478220885
55427,0.8141947122521928
55430,0.46703060805569635
55435,0.48891418596909436
55443,0.2054535944580874
55444,0.6205823944574654
55449,0.856269016521057
55455,0.4774059445747781
55460,0.5814558187718265
55480,0.5222332591873471
55483,0.4756002208058105
55484,0.5302389017355518
55488,0.5517427237233674
55489,0.9088878927480458
55504,0.35310377579016783
55506,0.7719741390518919
55510,0.5506135987778605
55512,0.6467807593948884
55515,0.7688905958745873
55533,0.7360938642354693
55540,0.42406761072091514
55555,0.054670767596462964
55556,0.3889108692551065
55563,0.5902616416074538
55582,0.3228301366983478
55583,0.20235148861249774
55591,0.6485895791174587
55597,0.0811556801773883
55615,0.8223137964004194
55618,0.3063744085901258
55625,0.26632581353991225
55640,0.5944041140091694
55667,0.5093169340249754
55671,0.8239438273617371
55672,0.3623877748645583
55675,0.2065471356853532
55676,0.46874258785606643
55677,0.6362880590407073
55693,0.45637103558468645
55696,0.33229525517237385
55721,0.35306179633851115
55723,0.7519895602530623
55724,0.6733404449016288
55725,0.2265313385909367
55727,0.36125872651483754
55754,0.4116353510722441
55768,0.1972164703449228
55779,0.38330419212836037
55794,0.8046055687761772
55797,0.4589668709565142
55807,0.305103665048777
55813,0.26763368012016797
55823,0.22365400556617326
55826,0.427565585316813
55831,0.27716507801128715
55833,0.719034423380721
55836,0.4264802178884857
55843,0.7401442264620419
55857,0.6418254057012874
55863,0.8871936015045954
55878,0.132826769856511
55881,0.37402496313511374
55891,0.7745497853877725
55899,0.8704288667485697
55907,0.4737889442514361
55914,0.6913169364489017
55915,0.7486920124954896
55917,0.34594501563049473
55926,0.7581177617156116
55930,0.8320556398811827
55945,0.23991814403527892
55955,0.34040936264284627
55967,0.30800363922923524
55968,0.31924523321529946
55974,0.49943273304295555
55981,0.5224177404393904
55982,0.4769672384020991
55984,0.3075246064193369
55987,0.8981808215367678
55994,0.718769294144465
56001,0.5230363856351922
56003,0.12658659753067683
56004,0.5322650176911707
56014,0.5683144692753576
56015,0.712757147961923
56031,0.36684215986621116
56032,0.08475023510404542
56046,0.25977932142556676
56047,0.718940820915105
56050,0.7828920609746545
56055,0.18778931138710941
56058,0.5971335950217269
56059,0.5807484022968616
56060,0.22698826483508794
56066,0.572370833667295
56076,0.6446828226097336
56077,0.4172049773438371
56080,0.788920568909726
56085,0.8636149934052881
56089,0.2457884660947308
56102,0.6423025247578059
56108,0.30025928201174695
56121,0.39352585511317245
56130,0.6138014367997241
56131,0.6153893323486814
56140,0.2723821404512049
56154,0.633728731113014
56155,0.5800817529556087
56156,0.28536946577385985
56162,0.4947488398488113
56176,0.3828989826633102
56200,0.23647594349425616
56207,0.8064051134714982
56211,0.19429439467391946
56236,0.6655372363525891
56238,0.7408442596811531
56252,0.2429187754885099
56253,0.3352294224510594
56257,0.6275255078674992
56258,0.7154322614943286
56270,0.8308324393127107
56272,0.5894928734113609
56285,0.7219136263420486
56299,0.6690017481076256
56303,0.8844922157113533
56314,0.978432366727325
56325,0.4931733765127855
56326,0.495350611306147
56331,0.5505598620558534
56335,0.8347698408596578
56336,0.8793899399192927
56348,0.453706710809331
56349,0.3437109631148241
56354,0.2143984890782543
56359,0.6273309050554489
56368,0.8693367108376615
56375,0.4120048276000419
56385,0.18130035462612937
56389,0.4825991595184909
56391,0.5248361460129947
56398,0.4271551094128354
56404,0.51640195581688
56416,0.050649518686598324
56418,0.9616515975091433
56436,0.5613173420939629
56441,0.287654137450527
56456,0.8464843482604273
56459,0.8556374066102767
56467,0.3880331450767563
56468,0.4773273345282668
56469,0.8915705108549405
56470,0.4895916443606868
56472,0.7602189786023855
56474,0.3477924217061382
56476,0.33262613860782525
56491,0.2902376533174496
56493,0.5039655869643552
56494,0.6022615719328459
56496,0.6774832404587281
56507,0.11860573650048194
56516,0.16924345852673076
56518,0.30963869543809647
56520,0.6930230679653756
56526,0.9161817569574461
56528,0.7605371584103742
56535,0.5227768064651719
56553,0.7993243523405695
56556,0.29502438620130345
56578,0.3348379398349394
56579,0.568606219525033
56581,0.5878797151819422
56587,0.694730756639006
56589,0.574270756809726
56592,0.5405614526435474
56594,0.35491490232072115
56595,0.7438320355028675
56628,0.6033938210156724
56634,0.9257843769525929
56637,0.5114570524956327
56640,0.6022743363995284
56642,0.36292096744429186
56665,0.5550668936481639
56668,0.32660865288836405
56675,0.36048363712400466
56676,0.3098303273223135
56677,0.2462927975862377
56678,0.34841956901105237
56681,0.2746622095644036
56684,0.19763575852860374
56687,0.8949057034586587
56709,0.5851722691601073
56745,0.7723165365509784
56749,0.8550393128763162
56758,0.2812422455040233
56759,0.753700369534053
56760,0.3989303125582756
56763,0.5382087425757166
56770,0.8405660417609689
56773,0.4513426985506429
56776,0.6557198925100888
56780,0.23621498933628682
56789,0.5274178623101662
56804,0.14795808241898556
56808,0.74510921378269
56813,0.814249580451527
56818,0.225724384300936
56820,0.7259732490302873
56825,0.5640692790745464
56838,0.48030788830072524
56849,0.7639548419802995
56851,0.611480619418656
56852,0.4016482028933229
56891,0.6419777716335507
56908,0.6268127683995709
56925,0.2793515294256114
56933,0.46444126025236054
56934,0.18266373330968028
56935,0.3044273055329411
56944,0.1011124183140206
56947,0.7935300647404563
56959,0.17511539270731777
56972,0.3378361978368852
56987,0.4329052442529164
56989,0.5468245151366932
57014,0.46535631984263637
57018,0.579222409620973
57022,0.28993599550645294
57030,0.434919735685381
57040,0.6936933092184261
57042,0.7422179852787405
57044,0.7494966017977669
57050,0.5824246089293208
57053,0.5033383723523578
57056,0.057579801322652446
57064,0.5588394075628167
57065,0.4998994243954357
57071,0.6981145890164961
57074,0.4976467483244606
57075,0.7759309226954746
57078,0.8858971319049742
57081,0.829290447779054
57088,0.8467018704661468
57091,0.8012846703275175
57092,0.29384965494494564
57096,0.6104834984576064
57097,0.45973986487040547
57103,0.5195421727706732
57123,0.3874029506835628
57125,0.7082684290248196
57131,0.7802576573666129
57134,0.667650024009065
57139,0.8664548021797938
57145,0.4383048413098108
57152,0.6246158346071609
57190,0.6438041669310078
57200,0.43649678867113617
57203,0.19777067253984704
57206,0.7152607274045527
57209,0.6943087625863216
57211,0.16154320951593792
57212,0.4824845814552804
57219,0.4395969810070863
57222,0.7920431790033523
57233,0.17192972714902832
57243,0.6987794025982073
57247,0.698313418755353
57249,0.1817442643351059
57251,0.4524829008441365
57252,0.4797731984731345
57263,0.6383759704368899
57276,0.2414954015978159
57278,0.7987849238994471
57293,0.6012493663076981
57308,0.09756394833995546
57310,0.7488053026567457
57313,0.12208521177490055
57322,0.6052416897184438
57323,0.3637556394450488
57326,0.34891045310948315
57333,0.036835531098502725
57336,0.5120157604087885
57337,0.48505861412190787
57343,0.579146199432562
57347,0.653323248485116
57351,0.7764609753802839
57352,0.5920823281887607
57358,0.3060152026393418
57361,0.7369190038964973
57368,0.31728931305762337
57369,0.7114925288654911
57374,0.5495352493434145
57375,0.6019576158505292
57382,0.3190228694473311
57393,0.66626015288498
57406,0.6977212338655053
57408,0.3731059986547326
57410,0.5276721575995559
57419,0.1420669689043814
57421,0.7069488903654327
57423,0.5667354938326256
57430,0.13975679989928128
57432,0.4869964295184082
57441,0.5873089243962837
57444,0.2630168279155426
57445,0.7049060612062316
57448,0.8741630062645431
57459,0.6324825813076785
57482,0.629934827539107
57489,0.14394507138807844
57493,0.6443315955826081
57495,0.24194468501690256
57507,0.579037767678902
57513,0.5900012226458768
57518,0.8324348944728767
57520,0.541022370535149
57521,0.6869669937473449
57526,0.6318253296743379
57531,0.5416940050173279
57536,0.2636554633458468
57538,0.46554962493945173
57559,0.09227034467846647
57560,0.6171240313804639
57568,0.4814583424845971
57584,0.3912978085144599
57585,0.7237495738688613
57590,0.5861607423707386
57591,0.7743515212902322
57603,0.7168101691153639
57606,0.18806137506213305
57610,0.14254803874601682
57614,0.38595026721545894
57635,0.6770312637947964
57640,0.8254219663856714
57659,0.3286232253055452
57673,0.25714049335139516
57674,0.193794953750436
57678,0.5758700756597043
57680,0.21854012928588043
57685,0.15390383491672607
57696,0.7329010076447688
57700,0.19899058511315845
57702,0.3540595640069078
57703,0.5452680302199483
57711,0.16683467289565776
57715,0.42025902657199987
57720,0.8447670549979129
57728,0.4444636932962416
57734,0.7366311835843194
57736,0.5025620940872977
57739,0.7438036844006256
57743,0.5404079126712392
57752,0.7934786613024496
57768,0.635983562902302
57770,0.576758704883929
57784,0.32115392709517193
57787,0.7974595727446147
57802,0.23428108563861777
57806,0.6864217445322476
57819,0.15341568712519804
57820,0.7081184792079414
57821,0.25102465705423826
57824,0.5594329389600596
57832,0.6027915613999203
57841,0.0789661464484824
57856,0.1993677501578407
57861,0.030776302190677243
57872,0.5510989541126136
57873,0.8203271379477483
57877,0.7895245477018353
57885,0.8009997248762036
57886,0.8785874088846866
57902,0.7165420300555049
57916,0.8613491200750959
57935,0.3842514167751349
57940,0.9432525130819399
57941,0.431426576804275
57943,0.5828287927783167
57945,0.6963057663345164
57951,0.4023873527536691
57954,0.35084014234850197
57959,0.8586942574817293
57961,0.7548678595989116
57987,0.6287578532705127
57997,0.2855507016341015
58006,0.3071910907463054
58009,0.38486874546247346
58015,0.5371986623925151
58016,0.530871005713289
58018,0.2902104802606185
58019,0.4100888364668674
58023,0.5662843576224712
58046,0.6288999938755924
58051,0.16625478699093196
58056,0.6941666799311684
58078,0.17046337692435734
58083,0.1652726246728997
58088,0.7209117252920803
58090,0.12401161250941252
58091,0.45169179164156215
58099,0.8917363017721088
58101,0.5382143874717302
58110,0.7705342057108502
58124,0.2729262734333345
58153,0.3334427043220698
58159,0.15118620477887568
58165,0.36199399846852925
58172,0.7817210553675757
58199,0.32414623904365436
58200,0.1564925831062954
58226,0.38051269159928613
58227,0.18956179102566284
58229,0.9482635670041349
58233,0.14591355667619443
58237,0.5491559922502849
58240,0.861394678056389
58241,0.5399029403155398
58248,0.511407230760671
58267,0.4102422065163836
58277,0.5485828109121762
58280,0.8682012263891954
58285,0.5602060049017143
58289,0.2737926474334281
58292,0.3147772156116959
58302,0.8018406712628159
58313,0.1858099087061552
58318,0.4593774529165883
58342,0.7610280943672477
58344,0.7388230752624906
58348,0.8094384668470105
58350,0.27497569549552703
58351,0.9060451778616666
58352,0.2103050711067448
58353,0.6165715655174546
58358,0.38563952411876723
58366,0.5438822304871216
58395,0.4144930273470308
58400,0.42687098171227833
58401,0.4126098551643579
58402,0.3626871611077018
58416,0.30197070702264683
58418,0.46293964026545487
58435,0.31837255015586713
58443,0.26150622281595665
58444,0.28721376798480575
58467,0.6960938422242895
58468,0.29912732580938367
58477,0.2488909939544678
58481,0.7211897229900627
58489,0.2853772692928717
58490,0.637764217895744
58495,0.759241439965966
58503,0.2747797517250295
58512,0.31687914469468015
58519,0.3556325514738915
58520,0.47133240597616927
58525,0.7574710022682194
58532,0.3398485881058814
58545,0.12705970894894877
58559,0.7010781396433701
58562,0.5286603745544118
58571,0.36933362299057804
58580,0.42366164110974275
58583,0.9251906322428174
58595,0.7089833389930088
58596,0.6656122863845392
58598,0.5729206781199659
58626,0.9202797029661974
58627,0.4189049939165136
58630,0.49369340475737056
58633,0.7802290772235636
58634,0.7105268870118021
58646,0.5387401939465183
58648,0.5406261716080107
58650,0.4859382698406521
58658,0.8460314684701574
58660,0.3441920125711437
58665,0.6955242751183001
58669,0.26750060749185894
58671,0.6328271935062332
58695,0.525022028493724
58697,0.45667155065450105
58709,0.3547565367572815
58718,0.2330781687461585
58723,0.20154407737485008
58724,0.22999156375027446
58740,0.5899842459046708
58741,0.5459770329092477
58743,0.8768518069974267
58745,0.3240484984965302
58746,0.45027009185872624
58753,0.34144998463770854
58762,0.4307253793317511
58779,0.7279204131004323
58788,0.3354072376129451
58791,0.30094964852714967
58799,0.5168670140027379
58800,0.5230146562388494
58814,0.15822633571506103
58822,0.8119733638218565
58827,0.2389274214317122
58829,0.6687925188954899
58837,0.8278754920126201
58853,0.45011596495544315
58858,0.8362294794252685
58860,0.4243175801234969
58863,0.3074909267614299
58868,0.4074163444070919
58870,0.8361738036628745
58873,0.8950070062200915
58876,0.23957707775827164
58880,0.4828047004160781
58884,0.37123157575401394
58886,0.6877401714252057
58887,0.3661689869513838
58892,0.13869743973687942
58893,0.385074211403774
58898,0.7602121014672102
58907,0.4056921102106079
58910,0.5940138385570763
58912,0.36114919064829754
58918,0.5576847061653214
58919,0.28264657650744035
58924,0.37564763016308617
58926,0.27309628840117006
58929,0.5614296865502955
58935,0.5167969041853852
58937,0.48371050764460477
58939,0.1395708188705117
58943,0.5794852188369274
58959,0.61153781707953
58960,0.8115475853396265
58979,0.8804703391811156
58994,0.7355305681870266
58997,0.7748575173567694
59008,0.7381817364233094
59010,0.6181874453740052
59014,0.21919042745596337
59016,0.2508829677291962
59023,0.31077433388798015
59038,0.8802900405150887
59042,0.7546920749816542
59043,0.33126916378039134
59050,0.7365628863924926
59053,0.2728214167091663
59056,0.3922267292959401
59058,0.6981555620735923
59067,0.5087735165798614
59071,0.5249073582750975
59073,0.1401183755854163
59090,0.7234895782389524
59092,0.7671255584475325
59095,0.4620046919420499
59117,0.6188726521788874
59130,0.33768607840911635
59132,0.5560019254998304
59140,0.5936325663439316
59155,0.905428568998385
59167,0.6666818833920224
59168,0.6508627695770273
59179,0.4641635820034067
59180,0.36906187662368406
59186,0.6599723597994105
59196,0.5020668465704811
59200,0.399871292181803
59204,0.5260426779920796
59211,0.7148281160362331
59214,0.6209745404553443
59216,0.4930119826486717
59224,0.6081631209973808
59226,0.40430755098970894
59239,0.5337712550496734
59250,0.6018076388654503
59268,0.5765994448956303
59281,0.6512013031299873
59284,0.29132523852960035
59287,0.3197544679796926
59289,0.8437102506908019
59298,0.43457603540352735
59314,0.5330255703624202
59320,0.472579310722163
59326,0.8909426983188682
59328,0.4541364528829058
59329,0.9203074262457536
59330,0.42523714334762963
59335,0.310570492776098
59338,0.5215280135399211
59344,0.6171006904817306
59367,0.5281248457791095
59369,0.7998453127077039
59372,0.40712219048624726
59373,0.34428091260691884
59381,0.6811256316304806
59392,0.5382975740448224
59413,0.6951082893805391
59417,0.38654832920583504
59418,0.62906138526823
59424,0.11451469927491649
59426,0.5078499996289173
59427,0.45521882015673304
59431,0.7049207470229193
59444,0.6838932307641509
59447,0.41280583525703984
59451,0.4510950062457055
59452,0.5871548181750224
59454,0.7098289749280482
59460,0.46550857113171135
59461,0.2070788890206023
59464,0.7859167893347488
59465,0.7136645707836118
59481,0.3698107981096146
59487,0.4733373537823856
59489,0.31716783016589284
59502,0.45688464046341587
59506,0.5004255478943276
59507,0.5018636962837143
59508,0.8146323648097339
59536,0.44055192988358344
59540,0.23127220236331125
59544,0.744117403368855
59557,0.27438424246145177
59559,0.16330583085913603
59564,0.2863301292881783
59568,0.5461950962254215
59571,0.4149784930112879
59582,0.40344585831626806
59586,0.49330747558479304
59587,0.9065855475124901
59601,0.4538768051643575
59604,0.8725203615683222
59608,0.2635308452834618
59613,0.5839611404672719
59615,0.7425155927252238
59618,0.4926408727585834
59619,0.6531148356996186
59620,0.2378197635139086
59623,0.7000983503496717
59624,0.23258023283643503
59631,0.6738567768826972
59633,0.21698834900674102
59637,0.5355539012707653
59650,0.623506976403176
59671,0.1300117903815385
59677,0.7057287073259938
59697,0.5152666326783235
59707,0.5726037404727483
59716,0.6894771089789558
59724,0.6591315412918853
59725,0.39770334077031705
59727,0.7510380343148939
59738,0.6545772791622593
59739,0.5420878210462792
59741,0.5475744224842002
59748,0.7769725961261379
59755,0.6810215929929551
59773,0.6552498630824745
59774,0.7404879035031989
59796,0.36214823833637094
59798,0.3163565153076774
59804,0.3019220942515567
59811,0.4715479841049509
59812,0.3184662053126836
59814,0.33347441727542326
59832,0.7141682686026212
59862,0.26785586370465686
59863,0.7362591409219298
59864,0.4716680801519434
59871,0.2758088500352195
59886,0.1262911741265521
59901,0.47157385522234546
59904,0.3525324286768521
59924,0.45345347561838595
59925,0.12106291672399908
59928,0.38985728449222135
59933,0.453990174139037
59937,0.20454946564941984
59940,0.44644298580519154
59949,0.31082764536492163
59950,0.8956834584291007
59967,0.4524759937709103
59991,0.11161099213420941
59992,0.28990850556174613
60004,0.8700177913986813
60024,0.734076774030628
60025,0.5552142276099383
60028,0.14950969025019156
60035,0.7433153601479727
60037,0.13356134798641556
60048,0.6153606920156668
60053,0.11542281636131026
60057,0.29157720055955627
60060,0.3403373000690057
60073,0.1749568589102231
60076,0.6589796008336999
60089,0.3635183339721046
60094,0.11590657967973426
60099,0.7897167109241227
60100,0.4497833307397765
60115,0.27153527936156135
60135,0.5476809844315194
60138,0.48044604598569773
60140,0.6782805720137188
60147,0.6417135789441784
60148,0.9309337487408017
60153,0.18049701093940132
60154,0.4376308597915872
60174,0.1939708522765792
60185,0.1249495237662111
60188,0.6419334617514043
60191,0.2005597633862777
60195,0.66560185224079
60211,0.6054178256788132
60220,0.19021693689963703
60233,0.5228672549000903
60235,0.762076114234776
60242,0.4028809593446505
60249,0.5383987000885275
60251,0.4495100403711224
60253,0.5006061088593351
60254,0.5676287376220573
60264,0.4124759738186493
60266,0.8890993431238008
60268,0.3529377579206281
60272,0.89456950982851
60284,0.3697810002967769
60287,0.38261305544315805
60299,0.6981230703354898
60310,0.47136244797198007
60314,0.6026721536351644
60315,0.23781197729612777
60328,0.4468037395774804
60330,0.14678935651774225
60334,0.6288410966620277
60335,0.48270193391773847
60338,0.5393375506413444
60352,0.568300671187962
60366,0.38955013489882784
60375,0.39946483867364246
60376,0.2088421006726148
60378,0.753470464601279
60381,0.8253716274204713
60387,0.3582036713282851
60392,0.40530983035565615
60398,0.1696197855807983
60405,0.7239092680451261
60406,0.3007423991959895
60418,0.6851930605382771
60433,0.49028445062300746
60442,0.4584777351680612
60445,0.5721156067974871
60450,0.49759785933092665
60456,0.20925177824958507
60462,0.36747871215583466
60466,0.34826149989616606
60473,0.8449136489127996
60483,0.8912015875733714
60486,0.3269941007950612
60488,0.46823915619330786
60499,0.694314270524653
60501,0.4948410250261204
60505,0.2750597737979858
60514,0.6417106051006815
60518,0.7358248576994255
60519,0.44695218794983643
60530,0.3824598841632595
60540,0.33825370313120695
60548,0.6374539864275943
60553,0.3791912143033431
60556,0.8701129881177396
60558,0.6817921274421198
60559,0.5583500708239748
60561,0.24956244289038151
60575,0.7258305405317402
60576,0.2481451828238211
60581,0.2364227026502791
60585,0.3975283777614921
60586,0.31441589461557073
60593,0.5440128035859183
60594,0.7544698287727155
60599,0.28965333568837215
60600,0.27760676931093875
60615,0.8119976005928156
60624,0.1748613992031932
60628,0.7628983742802076
60629,0.6112013357538768
60639,0.32042095664647025
60641,0.7266654385469432
60644,0.5045691055111926
60649,0.3164400721521809
60665,0.46390032800141506
60666,0.7264448963720661
60668,0.8075099477225036
60671,0.4108321717966346
60673,0.7438335386266988
60686,0.3804746966465673
60703,0.5510903710734235
60714,0.3091412675348397
60717,0.5178529530869908
60725,0.4987401914896006
60727,0.633952952250441
60730,0.7090870789096662
60739,0.6081199986047052
60745,0.537898050009271
60753,0.18156599074286886
60754,0.5011457108919722
60761,0.08414135823683126
60770,0.7094644346006631
60776,0.39780911729278423
60786,0.768334178986837
60793,0.20435310984273508
60797,0.38057605775958403
60799,0.14728883994154307
60801,0.5024183902137043
60803,0.4242940903002918
60813,0.6659981060429273
60816,0.3923793928403739
60818,0.4551072216793506
60825,0.4702458762040418
60834,0.5760264499019672
60839,0.7086873357815636
60850,0.18444443037809924
60851,0.6875411687746069
60867,0.6618983677266153
60870,0.3636850402294782
60875,0.6426425135819989
60879,0.0883912171108748
60882,0.7620415858693451
60892,0.7249091761776532
60897,0.7547493190678914
60899,0.5983020963585124
60906,0.6322937904109004
60918,0.7237839825467127
60922,0.26452247282168423
60923,0.13467985879821914
60931,0.31986468982958904
60933,0.343045080714408
60935,0.640116582868384
60945,0.6765409990673721
60953,0.7810977388688605
60983,0.3085942931685393
60986,0.7973389198976941
60987,0.3129778460515853
60990,0.581100515177339
60994,0.6771090104033648
60996,0.4446342078005823
60997,0.32577507982850856
61002,0.8218675343244297
61006,0.8688201972571631
61008,0.39161451281192755
61011,0.47290795238922423
61014,0.28590936874066686
61024,0.24413059511338828
61027,0.10519503612782684
61036,0.6134140369677625
61039,0.3952835506380722
61043,0.7613797383852509
61044,0.3834148802689738
61055,0.5356318308016407
61067,0.23761339016463467
61071,0.5542809025172329
61076,0.5695456042549485
61087,0.2661783096137946
61098,0.5292598665248442
61104,0.17443972982359987
61123,0.8377369022893456
61129,0.420106750450948
61130,0.42031295785548717
61140,0.52883457576137
61147,0.2714242974713721
61161,0.5967515798791982
61166,0.2993397250221979
61168,0.5089737628301064
61171,0.5038587132563804
61179,0.8039620730709341
61192,0.7302317155603892
61203,0.4721598092670981
61208,0.690612777837352
61221,0.42439600541757894
61224,0.2174007017573046
61228,0.17132909445050268
61234,0.262940503167262
61245,0.6279803737337342
61246,0.25428771993649085
61247,0.48268384297304084
61255,0.3874414794802524
61267,0.20202306922488392
61269,0.5591214069628344
61281,0.29537745755339306
61303,0.45095177144567566
61311,0.5110059447184213
61316,0.7964860963140907
61335,0.46016902890207884
61349,0.30510308553126464
61351,0.4395349149211252
61356,0.3621219874984967
61364,0.7832536331092739
61366,0.37103454143547165
61367,0.7138168070009072
61370,0.7768834528585686
61402,0.5176116973621248
61410,0.32097054995118207
61433,0.3780553073134692
61438,0.27686534372120053
61439,0.59379203104807
61441,0.6387440508551773
61448,0.16892775650881048
61457,0.5706781384323918
61459,0.5012119369524608
61476,0.25197149269599556
61481,0.17247124280752005
61486,0.377111864546074
61499,0.5553734937231549
61508,0.49062066809741667
61521,0.6408668702802792
61531,0.3117220526102297
61537,0.31545561658928634
61547,0.38655129102309066
61548,0.3500081363538942
61552,0.7640900779495445
61570,0.6323136222525378
61571,0.6147832841977503
61581,0.5205618471274321
61586,0.3979916736491909
61601,0.46830766987933986
61602,0.11349193728306556
61604,0.19985712211154072
61614,0.5781969038058192
61616,0.6385800560926784
61620,0.6017596168744167
61640,0.5064275190915416
61649,0.6171786364824219
61651,0.8281294654554895
61653,0.37421236869893143
61656,0.5656405212592809
61664,0.6931113700086453
61674,0.21965784306147787
61682,0.2197822133946217
61683,0.5330287861503215
61687,0.6503392454882156
61694,0.30437835358140447
61700,0.8745429288926937
61711,0.3720299754751922
61712,0.300811182486102
61714,0.8192319503160076
61716,0.32482412483813383
61722,0.20504907980140644
61726,0.4660501081324113
61747,0.5159170192273532
61748,0.3746596039499194
61753,0.5735322501037602
61778,0.4840587836611016
61786,0.7418470455090439
61800,0.8902471564949627
61805,0.7998958515098062
61815,0.2562200124862543
61816,0.6582617118271091
61820,0.9012670878286299
61821,0.7274188464938827
61831,0.6329781851803434
61837,0.9076730056033058
61851,0.316541696459668
61852,0.07889847274241701
61857,0.35140264469683025
61860,0.5336023918412497
61874,0.9076835000523112
61876,0.35766501848960935
61884,0.17037819298290058
61888,0.6676694943240289
61897,0.23016983788603515
61900,0.7137542664114269
61907,0.3932969365118693
61910,0.6570539004678219
61919,0.5253077421324799
61923,0.6810905476994478
61930,0.26571281887727033
61932,0.21339249039664956
61941,0.530479513557891
61943,0.6446085534797522
61948,0.2643776922192355
61950,0.5968401939503204
61960,0.7509745209775458
61962,0.6965608462761739
61967,0.5100123099083351
61974,0.40210251676058156
61980,0.4244082478885398
61996,0.4063074822929205
62003,0.45460494247553357
62008,0.8199799651950488
62009,0.8717415649793542
62020,0.04649793388891408
62044,0.25208041989569646
62049,0.33417805495198327
62057,0.38723835096040704
62059,0.0961384296420296
62075,0.34361164216914314
62080,0.6645704136035451
62082,0.20521931440330046
62093,0.4929901984147534
62096,0.6754060277442552
62104,0.5090591579458971
62114,0.5836446036401526
62127,0.4877274916677989
62129,0.31807682026250733
62130,0.47353365226604127
62138,0.5660996221507975
62146,0.7233991639624918
62152,0.35364869327044096
62158,0.337565601464532
62166,0.5907150277671208
62179,0.4593588046193493
62208,0.2032563819619322
62209,0.36321467645695205
62213,0.5196049568928709
62216,0.45394569001548496
62223,0.8308474198871364
62228,0.12742839328950534
62255,0.4387520368466916
62256,0.35321276348972075
62273,0.6237833903457379
62276,0.3390164766310368
62282,0.7214414736648399
62298,0.3932349883812733
62306,0.7769431352289966
62308,0.5119899727160709
62309,0.4707834755270338
62315,0.779975573980422
62321,0.23877675993534006
62323,0.6052640481263853
62324,0.571396822111845
62328,0.2517978862827751
62331,0.656188387989575
62337,0.5784575120310294
62343,0.4692641245071469
62350,0.7876172755079779
62351,0.45505444215085755
62354,0.7029620254478932
62356,0.1310125267049096
62359,0.2511577593366904
62369,0.5307387878740634
62387,0.5079161924388581
62388,0.15689554182629456
62390,0.629016129989322
62391,0.7529467475945184
62406,0.6269083590264222
62421,0.8733522778785092
62429,0.8764820539041458
62435,0.43654757667232774
62436,0.7327136646016726
62449,0.16046377128207176
62451,0.6287776398201261
62454,0.5683399457719974
62462,0.8500970364723724
62470,0.4610805736337487
62477,0.6823578993287248
62487,0.5119261604276872
62488,0.5110011291665906
62504,0.20490873359581233
62507,0.47710921159336234
62530,0.6146492785741671
62536,0.23830815351839613
62549,0.6322243564828212
62555,0.5539269780245679
62556,0.29040179784328296
62558,0.4819667665922241
62559,0.7744808433713067
62562,0.724210375437835
62586,0.25390641876456027
62590,0.8642347392048899
62593,0.8455932843589777
62604,0.3917378378057279
62612,0.3623302520402548
62618,0.6497517060974286
62624,0.5201386032349011
62626,0.5822325890277033
62632,0.2934451856502184
62638,0.2257511482792105
62651,0.721200725885877
62662,0.6951144846894863
62673,0.512035582770116
62689,0.22831381271100912
62692,0.20636843357009643
62699,0.3048203415956083
62701,0.46037417745038445
62707,0.626759887234166
62712,0.8227265062803627
62719,0.4701035040628835
62721,0.19510917821218335
62734,0.44613887081544384
62738,0.29445566174038035
62751,0.47471738608107045
62752,0.5561199182201756
62754,0.5344667896848418
62761,0.5624327772731692
62769,0.35647614139824985
62773,0.6161158493066184
62774,0.2620854579879388
62775,0.24278858505748918
62780,0.2905660002692815
62784,0.37124747432162164
62789,0.7742194764829994
62793,0.6231219767093089
62806,0.3211076049272526
62807,0.21090409356867384
62809,0.6045129568603475
62825,0.5448153244441845
62833,0.45517418283508343
62840,0.13199030122122407
62843,0.5049351143143187
62844,0.5321496667282236
62855,0.7647276866069799
62866,0.5265328218425702
62876,0.5817617349101717
62879,0.35255304327527803
62880,0.5034704311096316
62892,0.8144546338766923
62899,0.8097393666274815
62923,0.787930920568322
62927,0.8312889869795278
62928,0.5918092100946132
62929,0.7303686874879863
62932,0.6586369273583197
62943,0.7430882377427995
62946,0.7267317776766239
62949,0.3677774936217368
62959,0.7039922619457891
62969,0.48114201270279483
62973,0.5661011546594132
62974,0.7811509664848661
62976,0.5411088871703907
62978,0.4693286325904776
62987,0.4796940857793671
62996,0.47055492888167993
63008,0.31415799266674277
63031,0.3763808757843495
63037,0.8334186664552969
63038,0.723547123262446
63055,0.49021743865063844
63062,0.2961074195985451
63083,0.46468077994207674
63086,0.06121797224233505
63089,0.39835271951246104
63094,0.3123946560972136
63095,0.2616467186322827
63097,0.5372741334483749
63104,0.6642495236303886
63105,0.15013735830525887
63113,0.9026151746455933
63128,0.6278566883626001
63141,0.5450020761324269
63150,0.2487779910948527
63157,0.3877650558001738
63164,0.5197893609304821
63166,0.8299876466403755
63173,0.14906545171988753
63183,0.4572177784709907
63187,0.39169753628521414
63190,0.7641797852930007
63204,0.2759394218781693
63219,0.3158170102653019
63225,0.35022063693985245
63228,0.662256421409571
63243,0.5472600668434018
63245,0.342330459007057
63251,0.40980608406901603
63263,0.2980264943078287
63268,0.7483923362543446
63276,0.6386034903589376
63279,0.15122025206097156
63283,0.6579148477722557
63289,0.7989051359838651
63291,0.2026091771788723
63292,0.2714030460704335
63295,0.3869499767884516
63300,0.4893247865765077
63302,0.5840883995307307
63303,0.4976165957091184
63305,0.46546746354054463
63316,0.42119897625420877
63319,0.32816149407419254
63320,0.6462393056948813
63327,0.8033013762620899
63328,0.6229333526456247
63339,0.31261940286021944
63343,0.5669953891786681
63344,0.7875970497688288
63348,0.3825623091429263
63349,0.5819849311908402
63365,0.4059861709023424
63377,0.4954937783595682
63378,0.5575727283724654
63388,0.8687170517672562
63401,0.2353913506386326
63402,0.48518256548113664
63404,0.6841139687911436
63407,0.5227865153776803
63416,0.7507513504516131
63445,0.6173550800482522
63460,0.5507111466360811
63462,0.44862659377376984
63463,0.40841207549693853
63465,0.5850217293553808
63472,0.2129350169179918
63482,0.5664695628649604
63491,0.4788163618681812
63498,0.23632318791081766
63505,0.5471072512684326
63507,0.0766531730945331
63512,0.7423377486312004
63513,0.6936126894312495
63514,0.3109718777962532
63519,0.5876791665976946
63521,0.4237876800183348
63528,0.5583566023089662
63531,0.24179388821756959
63550,0.22374820088100336
63554,0.6115241037691204
63556,0.3840819919221413
63563,0.3458059421311557
63566,0.9265225311694759
63583,0.8544521350154687
63587,0.36553141659222255
63592,0.05998262566452109
63595,0.839919205072641
63598,0.6909455750069747
63602,0.4732587752081755
63612,0.3224822724191516
63620,0.29261465323059405
63623,0.5290781298269972
63634,0.1758212600372097
63636,0.7168497324557811
63650,0.3458413156935
63653,0.8695323557485459
63655,0.32684135341024834
63660,0.3340246662738671
63661,0.42218820769130583
63664,0.9704915184447105
63665,0.14188296412973508
63669,0.6814786522085771
63671,0.15663020046164056
63675,0.6879204618084531
63682,0.5239866950318512
63697,0.2723890310749422
63698,0.8240127621225996
63701,0.6715309516445523
63722,0.32199271548126956
63727,0.40551042308419655
63733,0.8399944869171061
63745,0.672706085976518
63747,0.9180058764851935
63752,0.7645603073630313
63754,0.3473867516716935
63760,0.2862252864475071
63769,0.5878214548118336
63777,0.5655179759366905
63787,0.6315713703179175
63790,0.49489797673420105
63792,0.8079267198441303
63795,0.3175406722250532
63808,0.6195474213753379
63813,0.5232800642283488
63828,0.7857314535229245
63832,0.7630830511657
63841,0.36686530414231255
63849,0.8288889232622093
63850,0.2515725341744692
63852,0.1258883284338106
63857,0.48852172625962675
63862,0.8289813484496432
63870,0.2671383219028648
63883,0.244329699990695
63886,0.437246691653607
63888,0.5448766840033129
63890,0.4614934026306053
63891,0.1943804943677105
63907,0.41216240980068547
63932,0.2210715923184773
63940,0.5029065300113092
63942,0.6343177948509279
63943,0.8410869415687109
63947,0.46528570997046936
63948,0.3338277685397392
63954,0.31467727807610046
63957,0.5335839730733353
63961,0.5717622390073995
63962,0.29818581864086086
63969,0.42683469751293696
63971,0.6104847946406423
63975,0.28009231213763947
63976,0.4339835754997085
63997,0.6676338227909524
64021,0.22251258674951208
64028,0.42778071591122396
64030,0.9266872513373179
64032,0.4994905076281896
64040,0.7827694486752035
64043,0.6494269390998938
64057,0.7023707308977554
64059,0.45991768580235687
64072,0.7145818436482709
64084,0.6125509437368788
64087,0.5905091669664401
64090,0.275362649785217
64096,0.6768411847156232
64110,0.38329577267288606
64115,0.6457390574900019
64117,0.8930643061147269
64155,0.7137911335091837
64161,0.3182444998112022
64162,0.27070724238916494
64178,0.5628880479321492
64179,0.11056058197590131
64185,0.7043203442411337
64196,0.504794006239679
64217,0.3548555908882705
64221,0.3455833608525374
64236,0.6429395026417057
64245,0.6690371245387643
64255,0.4807400034887259
64261,0.8125191003642445
64262,0.6093334225078257
64264,0.6102167459615693
64269,0.36209049326319565
64270,0.4119137496628718
64271,0.7516537179172691
64285,0.2971178815811185
64287,0.6466287128027648
64298,0.30558959469050184
64304,0.28969509154899237
64306,0.6569182862178605
64307,0.11092913053215213
64309,0.5561178220350982
64311,0.1768577129590546
64333,0.5518959932757463
64336,0.6692311369412582
64344,0.7870041971581591
64355,0.5343455575723938
64360,0.9214786601300128
64368,0.7846913028271684
64371,0.4251717608799697
64373,0.7875882321087067
64375,0.5039770269638623
64382,0.6226169068601392
64392,0.22258332273951095
64402,0.05993226771993961
64429,0.26442621285627443
64431,0.21905915383042723
64434,0.4539528771515062
64436,0.29312591027443957
64440,0.2827587132617049
64441,0.2201000516867267
64443,0.327670252928371
64446,0.3841072461629308
64455,0.18964492164138524
64473,0.7746643380520668
64495,0.731038376191545
64500,0.2868854537365223
64502,0.7674608867002465
64505,0.5525935011915291
64518,0.6322493636250002
64520,0.36881322336862915
64523,0.43439922137012443
64525,0.4314728756239322
64527,0.3340659376000854
64528,0.6649093302473533
64532,0.07497870885647427
64545,0.25089101222159094
64562,0.24178293455622515
64566,0.5717929811002492
64568,0.5105724049415319
64572,0.4101327490713412
64576,0.18787588915742048
64584,0.6529561693227982
64611,0.23463497454524126
64628,0.5856638766442626
64637,0.5756160923126012
64639,0.3592222541378439
64642,0.31948382850509516
64647,0.5929909562344169
64649,0.5574445885873398
64653,0.7644472891442622
64654,0.8978398383314717
64655,0.748819010858815
64663,0.329391678050929
64664,0.6763279382731769
64668,0.2811459694091128
64669,0.5060989725368515
64680,0.48912260918304346
64710,0.6152658318961851
64719,0.5912680684405929
64722,0.6521061372956375
64725,0.35947499089377155
64728,0.40609252747174984
64732,0.7966832829357774
64733,0.4564433425394125
64742,0.7980319628626849
64747,0.5766021466031125
64751,0.6003452044146047
64766,0.6342839149654016
64781,0.7218018009924699
64792,0.7438805436716124
64794,0.5010835608096101
64796,0.57418576639478
64800,0.8422226675890981
64805,0.7068336468889921
64817,0.4592390711673399
64832,0.7288801660388138
64838,0.10421349731434582
64839,0.5236615771182557
64843,0.7760943298738955
64848,0.3894198491403488
64857,0.4402241480669171
64858,0.45774258282138225
64859,0.8364183112459086
64861,0.7548420298366159
64874,0.7137461259888309
64908,0.6013619101791068
64909,0.6937914452094657
64917,0.6589450092288524
64923,0.2697542960627164
64928,0.5953063794984883
64929,0.7182901106282431
64931,0.9066146593367239
64933,0.591749797685072
64946,0.3799514704032788
64955,0.6419995308490618
64958,0.5947386734414206
64986,0.6654619509498905
65001,0.3579889696927642
65007,0.8894270970104458
65013,0.7216830902948956
65025,0.4818630722138624
65037,0.5190195625661198
65044,0.7524771872101373
65060,0.431354169665881
65072,0.7575332496699712
65074,0.5296927183004156
65079,0.5201964135067482
65087,0.8947279098241985
65092,0.7148839045059718
65094,0.8750297354796752
65098,0.4936334638188302
65106,0.545093658872493
65110,0.4710204563258494
65145,0.31859592527303265
65148,0.5609221208984534
65164,0.6136652660062459
65168,0.27141877075746784
65169,0.302720808472734
65175,0.8679434970377433
65201,0.9134302044882276
65206,0.6321819021113109
65216,0.29928902871884205
65223,0.1296226237350459
65227,0.7814595351754925
65229,0.5003287117918469
65230,0.7989286642390903
65247,0.7688922998719547
65272,0.37521246977497263
65288,0.9127860313379788
65290,0.2269330734840607
65294,0.8571944548864896
65297,0.3428547298651157
65299,0.5310235738718687
65307,0.5024754334131362
65324,0.6706446754587556
65377,0.6041906365881342
65407,0.4028321448531322
65408,0.8524541048730613
65413,0.3765001355229061
65414,0.8798058017240301
65415,0.86854635748082
65435,0.35330824265446037
65454,0.7665556789469604
65478,0.15096463755001707
65488,0.4745547585149511
65491,0.8610927309568163
65497,0.42310871444481896
65500,0.1413144097753325
65513,0.6899150124359439
65522,0.22774513514378386
65524,0.7772865027332468
65533,0.49338467759168614
65536,0.7145837474284666
65541,0.6369766645527555
65546,0.21140500344625082
65547,0.12063632421081619
65553,0.36536268607725025
65554,0.39621514442193734
65555,0.4118358086112662
65557,0.5387897211133473
65559,0.18034978955101255
65566,0.6268421079659745
65573,0.7231361022578846
65585,0.8070784139646656
65590,0.6510380040265962
65593,0.2775514847070641
65597,0.41408810152358533
65599,0.3253408644012716
65611,0.49311580515269593
65615,0.4132534757557529
65621,0.6480172181085827
65622,0.78073603698596
65625,0.4012939251704411
65627,0.5402160204257948
65649,0.4444134078625425
65660,0.5632500131379264
65662,0.36329889674066257
65666,0.12888877345438338
65668,0.3214126027454949
65691,0.11115874789012321
65698,0.6274810705014805
65711,0.48111488455634077
65721,0.8101175523087226
65723,0.3453352491227495
65726,0.2045370573828531
65730,0.30995859718690194
65737,0.24805082872520037
65738,0.5870728706138865
65747,0.26477668032206453
65748,0.571938754398003
65758,0.41302931502914164
65762,0.8601531095944593
65763,0.3972477756849092
65770,0.22193433640822555
65774,0.7634535889946604
65775,0.7139498911477044
65776,0.30930560333389356
65780,0.4380622732880733
65788,0.5982313245461104
65794,0.6351749200213066
65795,0.4898496399776338
65801,0.5419029081448208
65803,0.5514852812463485
65811,0.3892666627932267
65818,0.7059309813451945
65820,0.26287064955782863
65821,0.48161037673110596
65828,0.36123049350837816
65841,0.46895626412909774
65843,0.3926958289403938
65848,0.4179985191354833
65865,0.6793747067515781
65866,0.2642237949166971
65874,0.3815041047488206
65878,0.34279198743656475
65882,0.3232720659531205
65883,0.5607912146776468
65917,0.6427988398457177
65923,0.47848443185415845
65931,0.26120173902722954
65934,0.169085718113834
65938,0.29445354107768074
65949,0.40946055313106566
65952,0.3144941171728612
65957,0.5792036032773745
65960,0.587117646758579
65964,0.31028016192519026
65980,0.5285915362216412
65989,0.4696260793616176
66002,0.839969116250102
66005,0.24086986934190524
66019,0.2565290739349838
66022,0.45855017739671844
66026,0.49342512780556763
66027,0.7534739625549141
66030,0.2557685295542857
66035,0.5702408462898416
66056,0.3518532149687783
66065,0.27182992736870387
66070,0.8993960486973415
66074,0.3087918125767761
66088,0.16618562065716608
66090,0.3903379528391599
66100,0.6126092821668794
66106,0.5582653842764735
66110,0.6317134787055766
66122,0.4984030111737116
66123,0.3695160206353282
66124,0.14480758445589867
66131,0.42389487832505207
66151,0.38718471151716016
66164,0.45370055214935323
66172,0.41217741286709164
66180,0.8095688930875299
66191,0.6349879091533307
66196,0.46262494385530833
66199,0.47270760439398357
66211,0.6862816370167758
66233,0.33909830128954566
66235,0.5285510570511822
66237,0.397134702436951
66246,0.38721469993141583
66249,0.7348401520378609
66253,0.8444878126859581
66257,0.3843142018411402
66262,0.782595080399847
66267,0.6921007756496277
66272,0.45738505134234714
66274,0.6507240604366097
66276,0.22136290010930423
66284,0.21359199697293305
66288,0.391410663295422
66305,0.1370457312777984
66309,0.4234623253281667
66310,0.7374905218491808
66314,0.30363662209719683
66316,0.39742267777650575
66321,0.8339284992424005
66345,0.7908753771718887
66354,0.6294884447330455
66358,0.8434433487699347
66362,0.638071100248982
66379,0.3180309755904523
66384,0.3887138184419721
66385,0.4204682344436992
66397,0.7559710074237317
66398,0.6538812750350198
66400,0.46758502958789455
66404,0.6213344630255186
66407,0.8054491875187159
66414,0.6156668587074356
66439,0.4893679517590187
66448,0.21668688696729319
66451,0.2785645221255124
66490,0.8150655638777256
66506,0.33900699351282476
66509,0.4382774467720899
66514,0.8456928465966002
66517,0.6543357428190072
66523,0.5696153312480345
66524,0.5075084635911125
66532,0.8094338148893575
66536,0.6319643041349668
66538,0.3500533486280106
66543,0.7431059377297139
66563,0.8027102936398187
66569,0.6205403786152941
66581,0.5281676065941804
66593,0.2792029173283354
66595,0.4017028393317319
66607,0.7041660966654301
66613,0.8939272706945943
66637,0.5612848566053239
66641,0.6746943892938303
66642,0.7583872864220671
66643,0.3269972783021925
66645,0.6508356254080476
66661,0.22870536839993152
66662,0.6089610280067534
66669,0.7072987634266333
66670,0.4349040779726532
66674,0.5971606963498441
66677,0.32053243525930797
66682,0.5222280109865503
66683,0.4119959119239026
66684,0.6827711315006456
66686,0.32832793717845876
66695,0.502282626968592
66707,0.7913225047260276
66717,0.5796261086696143
66719,0.3055263561472898
66720,0.12318974863847074
66764,0.31334730317897014
66774,0.7705888610582038
66790,0.6800453587033279
66809,0.25092264454712215
66813,0.5142151853105161
66846,0.22015653422523662
66854,0.5229674049127485
66855,0.7451254691183178
66857,0.5966042065146915
66865,0.5631512630043846
66875,0.13009494875204763
66890,0.16721953214317042
66895,0.38443525470481027
66896,0.21559551757031295
66910,0.8888159269346235
66912,0.6123211574236079
66936,0.3527269162674665
66942,0.6447688258504459
66947,0.32990204155239894
66954,0.2604940938360685
66955,0.28344894435421464
66967,0.6956836444604532
66968,0.7412254054212889
66969,0.31681535484204104
66971,0.6881973691432977
66975,0.20767499529502736
66981,0.2533253172036485
67002,0.26484547988879614
67008,0.5243687139627793
67012,0.5926958888851624
67014,0.5918414818527473
67018,0.6090062871909668
67021,0.7837274553420792
67026,0.713132307184479
67043,0.6630701707088655
67048,0.7658909327712581
67049,0.4815457945557273
67050,0.5401052665940086
67064,0.7466173213516591
67067,0.5675085256588802
67080,0.6046166793394321
67082,0.21734311495265113
67089,0.6979630963489375
67092,0.6839882765220299
67102,0.3125989035473095
67104,0.20822328399517961
67114,0.27444767515679064
67116,0.16015096565904027
67121,0.6519065972471184
67128,0.668770022206377
67136,0.3245161863089978
67150,0.6987667452566209
67161,0.8890457494670504
67164,0.3082511989765889
67165,0.49403448205257394
67177,0.4267446127621994
67181,0.39411422475268865
67185,0.7774086723815258
67203,0.4880518555920622
67208,0.6608130813148029
67211,0.5491403229346594
67216,0.47937524408147586
67220,0.7130070740346801
67222,0.34052211195702353
67225,0.6439769149668216
67233,0.4221431702479093
67243,0.8971249639801462
67245,0.41697643839325843
67250,0.7161363419169173
67263,0.285365032302608
67266,0.8584786785228629
67267,0.27270104707007564
67278,0.32432121965438215
67279,0.5380052836789063
67289,0.4767889169048867
67293,0.5635897121137807
67294,0.4957950519633135
67300,0.46216453684619724
67316,0.18312432345979887
67322,0.6536218996139744
67325,0.20459001101310792
67329,0.533895865595829
67330,0.5642034598574709
67352,0.8045820471152221
67353,0.8467357480362572
67360,0.37611640997674267
67362,0.6223621272316577
67368,0.347267006979914
67369,0.5526794908465548
67371,0.5011708271482997
67396,0.6047756490739831
67403,0.557437540669659
67404,0.7082218533865541
67408,0.2667839562319099
67409,0.6068463922590196
67411,0.43868324424902133
67417,0.387436325908359
67420,0.20509589464753694
67426,0.3225433539599047
67452,0.6126165771651298
67457,0.6370120874275189
67464,0.6559682431957395
67471,0.5597602920433024
67473,0.6204376162237849
67483,0.3467699766107638
67490,0.11396152041539562
67492,0.565677291148247
67500,0.270268985300397
67503,0.3682622904707128
67511,0.6490671066549665
67520,0.6012755922606611
67521,0.6658310175515421
67527,0.2833752339262196
67533,0.5511033301705419
67546,0.6526805144644644
67551,0.6109313088400248
67555,0.7431107193847426
67557,0.6989616791229204
67563,0.767682404077811
67568,0.6909569208266853
67578,0.7157910530184437
67579,0.32643418464179247
67599,0.5997484190963949
67604,0.39397961201812776
67605,0.2094786051944924
67618,0.7149343377437745
67625,0.7237392674148178
67627,0.2268518636596582
67631,0.7045522849420687
67640,0.33255643251014866
67660,0.5383925082773449
67661,0.8149516766353482
67668,0.6542939815867579
67679,0.6092419536464472
67686,0.7020645990889648
67689,0.30870344045211046
67690,0.6413881577972043
67692,0.5921964210870424
67706,0.2273247262807817
67723,0.4018870986178836
67740,0.423969209010452
67741,0.6560390108259433
67747,0.3563415996395199
67749,0.5409306967426718
67778,0.7368343574625815
67781,0.46254560417812335
67797,0.6523488873704582
67811,0.41983206485466107
67813,0.32444318788290966
67815,0.6427175117564989
67819,0.25715810994841076
67826,0.2834728075272627
67830,0.1261893727667544
67838,0.5716567618501368
67839,0.7941844083107893
67841,0.3887426648212236
67843,0.6984173251147896
67848,0.3417733236488084
67849,0.6522243635395877
67851,0.6393871951629342
67852,0.798627975534054
67854,0.27911182852129934
67859,0.6862723003303546
67861,0.613216814993503
67865,0.9086443312254505
67868,0.8544987800068128
67869,0.6521276479227419
67872,0.18644572649307806
67880,0.8111801308496835
67889,0.5955560832453044
67902,0.8215245473560527
67905,0.4898024909959484
67906,0.6408938111147992
67923,0.21866434139854066
67924,0.3774252072963097
67934,0.40927404112873217
67945,0.4803418267520401
67951,0.2606953255937449
67953,0.7600586648910346
67954,0.47742081054649704
67973,0.45602581127281694
67974,0.6695038745076397
67978,0.5057144446813066
67994,0.364487298888819
67996,0.40657948083425477
67997,0.579927225975843
68016,0.559606512890112
68021,0.3496233232344925
68024,0.377198984640756
68060,0.6003012506342926
68062,0.34864878987749287
68068,0.6846542193290152
68071,0.15790763198447974
68074,0.2956256629042658
68079,0.7889889079156017
68092,0.5988874021219865
68101,0.7425188995842005
68104,0.5987820388512488
68117,0.26705917086662756
68118,0.7723096103530485
68120,0.6758828040696802
68125,0.6344144276604967
68135,0.5457130263072391
68137,0.17786455790252298
68144,0.7776326733445127
68149,0.7452197601595081
68151,0.6963742375828854
68166,0.46606309162759557
68167,0.20966188915821043
68168,0.9003465839518479
68180,0.4287296690468965
68181,0.4429832593431524
68183,0.16952672646904593
68206,0.24044903542832247
68212,0.4649045300255994
68214,0.5418536771632066
68228,0.8425143169600334
68229,0.6748307187128226
68233,0.29127547568511236
68252,0.3227080659431626
68253,0.4525156102206805
68259,0.4131078586810003
68262,0.4641786123928687
68268,0.5971913152123031
68269,0.4418524229458439
68270,0.8910538413430973
68276,0.6009060792008398
68278,0.410336590940865
68285,0.6795359691622715
68301,0.7242144914311944
68323,0.651005014988907
68328,0.13999437982926433
68341,0.501326985665428
68344,0.6257232403329412
68350,0.5438566992916462
68354,0.540455542139756
68370,0.7899920125972174
68384,0.4993432037855362
68393,0.22852747121972264
68394,0.30519013557582386
68414,0.3378651671185594
68416,0.8468077508178082
68425,0.545520245659867
68432,0.1699514533679583
68434,0.6496974770057581
68443,0.38934597303940927
68446,0.4986872225823019
68454,0.34732526038226197
68460,0.23166454680443407
68478,0.6752194928618708
68485,0.8045209244390237
68501,0.6801025914385331
68508,0.48553474637623656
68509,0.6791811053156714
68526,0.6322525511570642
68541,0.7423602616270514
68542,0.5052999845234319
68553,0.5401348274189801
68577,0.7142265579214444
68580,0.35306293344850076
68612,0.7168370769012288
68614,0.9298047723225384
68629,0.22666692499402824
68633,0.7484228560948126
68636,0.791151610495927
68638,0.7200821501587383
68643,0.08174452221673699
68645,0.303879289241678
68652,0.5520744058551245
68655,0.3606389572938173
68666,0.7870924158283303
68681,0.7435544793565866
68698,0.3157266921781966
68699,0.33826608738053116
68706,0.6288429190159508
68711,0.20038472376963226
68713,0.5412941239047216
68723,0.4405802539780738
68731,0.6600808364769676
68738,0.3869161498480511
68753,0.6490376364017207
68754,0.5179493252681943
68757,0.36641938591397427
68764,0.7472717924294568
68776,0.8633945539081388
68777,0.5341207306274436
68780,0.46149159251841126
68789,0.4238837590608814
68795,0.32920539700973056
68802,0.27185060557394986
68805,0.3575564570714838
68817,0.8351248041963323
68829,0.6755541641644384
68832,0.40863129327351305
68845,0.18230170370726365
68849,0.1668716467890173
68852,0.4146438954743492
68861,0.44185083081283616
68862,0.11193149111490838
68866,0.6353273501927542
68882,0.35111930757685916
68884,0.33851929668765324
68899,0.6461070400700047
68909,0.4535202034896852
68910,0.5794672641598723
68914,0.3259965631940147
68921,0.6375903737811099
68924,0.5851739697412438
68931,0.36713153805151
68935,0.44357209545871445
68941,0.8092807970944573
68944,0.3975174698296383
68951,0.5036750027893617
68953,0.21414341572432158
68954,0.6370759581357555
68955,0.8695409383537664
68959,0.6634405247354046
68969,0.41008085791041704
68978,0.26869777674447415
68985,0.40786291109108314
68990,0.1793439781684728
68993,0.8607416061845532
69009,0.2888849209344746
69010,0.49552271868967573
69027,0.6029458074643687
69028,0.9062186452090654
69030,0.5836725394311856
69037,0.8947021432157121
69038,0.654737366944309
69045,0.1058989485127114
69049,0.305504054546532
69051,0.7510913834299804
69053,0.4526515271345392
69060,0.8842094375409045
69062,0.4445501328906672
69065,0.5719980881420439
69075,0.46996096893756945
69079,0.3639604832106981
69083,0.3538004021903234
69084,0.8589916107717843
69092,0.5862357159340458
69099,0.42437232603013547
69100,0.29212547077008766
69109,0.43477556953415797
69113,0.35969016667306264
69116,0.620442560050308
69117,0.794244945859959
69123,0.4302168929524929
69125,0.554191177562323
69130,0.3955712488132637
69137,0.7408275805870661
69140,0.18520931859201312
69150,0.26376747042880544
69159,0.4238596312095285
69165,0.5043275917624656
69173,0.2513201716589714
69188,0.3512728867160362
69189,0.6375892002354039
69193,0.8686547715957155
69205,0.9180721627383889
69211,0.5312010190933837
69212,0.7894228162836654
69218,0.5013589609486498
69240,0.17787720667800566
69243,0.2620598683669723
69253,0.5715283549591222
69258,0.648175070078076
69269,0.7691077736337367
69273,0.5433328180875686
69289,0.36313712101077034
69290,0.14783896507036137
69295,0.6055667398424477
69299,0.7593891550260522
69325,0.6238030575019372
69328,0.45559752663141273
69331,0.2786076439014077
69334,0.1646366249945765
69339,0.5106465961473406
69341,0.8597691594428247
69360,0.3833590424065651
69362,0.5203589993841735
69367,0.44961296656485605
69390,0.8248457501803549
69391,0.48049072975045626
69398,0.7190477990551933
69399,0.21513401132669083
69403,0.573484684560588
69424,0.4820368117094441
69425,0.9188899446640124
69428,0.4539288184663159
69435,0.7661849956039303
69440,0.5467554212009044
69449,0.07087182605680292
69459,0.6240100616568439
69463,0.5396211881615499
69472,0.37608167247113994
69475,0.5194061886695918
69477,0.3800122446641225
69481,0.30592236250649485
69484,0.5589766370354454
69506,0.5764998144136405
69514,0.44307645514359495
69517,0.8827958893764706
69526,0.6715280222595108
69528,0.6539936158126718
69535,0.5442698449774265
69538,0.3495680468871205
69553,0.058184143938047904
69554,0.6845306743620426
69572,0.45459994176912627
69583,0.5562966083703953
69589,0.16144029381362832
69591,0.2246191720806153
69611,0.5648858375757723
69626,0.21889926884356573
69629,0.5956078559530493
69659,0.5200242604257292
69664,0.5226658392501425
69674,0.5784950464832092
69683,0.3420086371389305
69697,0.9528322530278969
69699,0.5557784578103964
69702,0.35441299597143117
69710,0.40752713291660225
69719,0.8841266358368541
69728,0.36667415484058546
69732,0.13189046800656218
69733,0.5766588815534037
69734,0.5389247949309394
69736,0.3822973552637293
69738,0.6472830847132688
69739,0.6904315342156204
69761,0.7397550793904002
69763,0.20337427982915107
69774,0.7046518941858244
69783,0.5576895170529308
69786,0.33470054080743167
69796,0.2649313163560778
69798,0.5278931348453797
69808,0.43949734701583953
69811,0.4820718740381098
69812,0.5890621434432715
69815,0.47960418807044275
69816,0.4305350348752436
69820,0.6392043424049423
69824,0.7508729611258667
69828,0.6188987109958274
69829,0.414770435235762
69832,0.5644006627404918
69861,0.44646472932531406
69875,0.4477016905682916
69877,0.27186038416738517
69883,0.8633899026343738
69890,0.4407485815616856
69896,0.4364453304942288
69912,0.4446842650470727
69920,0.5944131893454775
69923,0.9005554197683563
69930,0.6152587892759718
69935,0.49080325645490436
69938,0.3785648482721413
69940,0.3469353000999319
69943,0.8752720609352046
69955,0.3896383136106098
69964,0.9276222127597269
69983,0.737272837585278
69985,0.502592994657021
69986,0.687804471611827
69991,0.033549908136491446
69996,0.1689475839139803
69997,0.7742855409250943
69998,0.668312598617057
70001,0.14063780562530825
70008,0.5378248777586185
70016,0.37603137134464193
70017,0.14983313855809358
70020,0.4325308966166406
70023,0.312651963775485
70028,0.650003864270909
70030,0.24521791681280003
70035,0.5489418935055849
70037,0.4046769321681339
70038,0.6697392496875902
70047,0.6512632720633028
70049,0.30542879349105806
70050,0.49591015383922077
70053,0.711581888760571
70054,0.4982364718829783
70057,0.22253962985045622
70062,0.1380597363657994
70063,0.624941023369745
70064,0.7599719551307568
70080,0.3376158358133343
70081,0.6885050989792191
70082,0.8878723303872749
70085,0.5472189307357282
70096,0.4217067671022509
70097,0.6777472141605342
70098,0.43027373374057803
70103,0.07538824599914691
70117,0.8228539393374882
70122,0.1729041905090192
70136,0.6550592019795969
70138,0.4695632573535699
70143,0.57270323025868
70147,0.36867915760752773
70160,0.38754605113485746
70164,0.3676964883516837
70179,0.9327350797330584
70186,0.5351220474449961
70190,0.5479388812953883
70205,0.18592968248686928
70207,0.33031100469495117
70224,0.25797411815536014
70241,0.36440097642830943
70251,0.020482732056240814
70266,0.5304472393972468
70267,0.495705058929184
70269,0.6924840718594498
70272,0.021794798671632386
70275,0.8439863553707994
70277,0.6109045528915771
70279,0.3115997137097215
70286,0.8563855556489128
70289,0.442718393422976
70290,0.25884018191167646
70301,0.7332069151661738
70306,0.5777487620690207
70312,0.6167543299265983
70318,0.5782687493153336
70321,0.4097470252768058
70325,0.5767442837858419
70329,0.30363712545549787
70330,0.5761788899408982
70342,0.8517848354067155
70347,0.43610961165348533
70353,0.5524926354862894
70360,0.0645480750215162
70365,0.8575859744240176
70368,0.5710977234687922
70381,0.2611895136338106
70382,0.11601877662150024
70400,0.5777138697619488
70402,0.38468800225851835
70411,0.3083711790538861
70414,0.8900523887829609
70421,0.8453588216640194
70433,0.4918839240831324
70442,0.7468589452149014
70448,0.28350457758098785
70455,0.6741676837786199
70465,0.14575363728595989
70480,0.4841059349019164
70481,0.6842865243545332
70482,0.3459220887097285
70493,0.43084454379789977
70495,0.39536293026088815
70496,0.596959278250877
70509,0.39664489403865977
70512,0.487280409460447
70513,0.6386998105788145
70536,0.6984018206079714
70556,0.810956767855259
70573,0.5608145208843847
70584,0.23269079588444905
70588,0.43470106029771266
70609,0.43260095940602855
70619,0.771083352656279
70628,0.35632827583679466
70635,0.7380309005487363
70641,0.7398039703187173
70649,0.7207762170302104
70662,0.8527328632078588
70664,0.38930379335066106
70672,0.4156354904350337
70676,0.6943638753816623
70677,0.3215399069927741
70678,0.6691656031355672
70680,0.3916250804574567
70685,0.39560177755967474
70692,0.5862678000041105
70694,0.10087342803753767
70697,0.20091464819920984
70699,0.6141447247959092
70706,0.7217367649423945
70708,0.8129229778959033
70737,0.3820212812036525
70746,0.7494759360654113
70762,0.5476258817661754
70768,0.47136156539803997
70775,0.8206865185845729
70785,0.18491522837605975
70786,0.347476948266902
70794,0.632175202721671
70795,0.2361717341589736
70797,0.6963884070096686
70800,0.6322078707564414
70803,0.2977055393152512
70807,0.18522623349016773
70809,0.874776429638611
70810,0.0716987235496152
70814,0.38709612030914137
70815,0.7586516771446942
70825,0.5577429066694246
70838,0.5977697218250757
70842,0.4886308685594151
70846,0.7807570152219919
70859,0.7084498963454776
70863,0.2567854136153744
70871,0.35866042360140765
70873,0.8242248261385441
70876,0.7152900851996509
70877,0.5847629985437313
70881,0.19505543561917213
70893,0.7503986907118969
70905,0.9572658570078175
70909,0.5888751667963693
70910,0.8502810944650988
70911,0.43939822814482715
70913,0.6845354001668972
70914,0.24962221948483246
70927,0.3866907595827984
70929,0.16727165076970035
70952,0.962235368787842
70957,0.5735077006996756
70965,0.9422208661942031
70976,0.5319820987443974
70981,0.7643459140403828
70985,0.683120365136615
70986,0.5899234031110318
70989,0.41684898848633856
70995,0.49925873936024484
70998,0.38772792517013926
71017,0.21921109083680307
71029,0.6214841018163015
71031,0.8318367381799279
71035,0.37590338764897785
71047,0.9030400706713287
71053,0.8479484741096807
71066,0.3910769120823771
71070,0.7263001143879406
71074,0.822763708008357
71079,0.5917768482534129
71092,0.40279324574800796
71093,0.5562900275565283
71097,0.2829775884865843
71099,0.459115341635797
71102,0.41087290220054773
71106,0.25609562921822243
71107,0.9383308335142732
71110,0.5492194478823168
71116,0.2265917521903119
71117,0.395856586255506
71125,0.3467988811442267
71126,0.510968917335214
71138,0.9074059429482603
71139,0.7289042626543305
71140,0.7658983845455387
71143,0.7139731514657828
71144,0.6913892978126036
71145,0.7673363801189179
71146,0.6210575656213989
71153,0.19404758786575751
71164,0.187623566784665
71168,0.4521123244063741
71170,0.6809187710829421
71173,0.24642472413565855
71186,0.47356374800733103
71187,0.3530209405645247
71190,0.5734619814594417
71193,0.19193396070550225
71206,0.9298802964241888
71213,0.5858147503514408
71217,0.5182720248710194
71220,0.6538032077613977
71230,0.8548918825050692
71246,0.2749525174118561
71252,0.2867681737965004
71259,0.21822693012454428
71260,0.9175200138817504
71263,0.4187770878523428
71283,0.6152588540942722
71285,0.8276925226111774
71287,0.689570732603911
71296,0.8777889826514009
71301,0.7771589676009089
71304,0.8681039954169452
71315,0.8577822632640714
71317,0.22159953606915478
71327,0.6145225542162547
71345,0.9012986886170488
71355,0.4627147795481099
71358,0.2638346790876772
71366,0.36949090986724453
71372,0.34976798970908757
71375,0.520568721784579
71379,0.5779924977469595
71382,0.3411175560986283
71386,0.4362313455117792
71389,0.5259125946311781
71395,0.5920565376807199
71401,0.5927060242452545
71405,0.29019939330907135
71407,0.5594020311018055
71411,0.7248120869329747
71413,0.3641401418791058
71418,0.5678296930557399
71423,0.584669449558159
71429,0.878388632256117
71432,0.28200254018895393
71434,0.4547420712230467
71437,0.18503461998251108
71442,0.27569792860772824
71451,0.5819178741979226
71453,0.16906962727816147
71454,0.508664147827913
71462,0.15955414781579094
71463,0.8580465269893905
71472,0.613231366204727
71494,0.39970968379967947
71495,0.7440960305875921
71496,0.3279910760369638
71508,0.4759404304290268
71522,0.8590760490305199
71526,0.5650991401528048
71540,0.26475263225088086
71541,0.8010627748954324
71563,0.4756891706718889
71567,0.42049514474805955
71569,0.2533352742773314
71570,0.4777500456727469
71587,0.47823724529336037
71590,0.4342402709556894
71596,0.24509083070306675
71604,0.8742621801339708
71609,0.28504417688369765
71614,0.7918665385998808
71620,0.10482146279497545
71626,0.3639273703199606
71636,0.45470740936355164
71641,0.547756224882965
71643,0.6160116516231775
71645,0.5778333726912493
71659,0.37405721454866137
71667,0.6952856910099184
71670,0.648473119908117
71679,0.7140204416734575
71683,0.4028648479817287
71685,0.5660595944486851
71692,0.725398909550963
71706,0.6400034044330285
71718,0.28896259876344477
71720,0.29679019397115175
71728,0.694587103125016
71754,0.28865872190924563
71758,0.5003103038628939
71766,0.8748688652488712
71768,0.3885986302265129
71783,0.5447333944477761
71810,0.1958500049520759
71813,0.6570280067773704
71815,0.22637673613816592
71826,0.8049883312535976
71830,0.24999070984174415
71833,0.37845114038674416
71840,0.2127545505844897
71841,0.4387107714841502
71848,0.6905569090701269
71859,0.7416507857830068
71867,0.625353942098172
71876,0.2245944102001525
71880,0.7533099542794898
71883,0.47393201389909073
71891,0.2930066301980679
71894,0.26267585357161377
71895,0.4466422160503999
71909,0.7904002532188351
71911,0.43763901821668816
71932,0.09702828947542774
71938,0.5028912338720966
71941,0.3952295292074232
71943,0.2106990993394627
71946,0.4525600105315835
71949,0.6052255500504136
71958,0.6407232187972094
71962,0.6841189801550055
71964,0.6457091968458669
71982,0.4660414034840055
71984,0.6559502236488816
71985,0.43143683562699114
71986,0.557972930072059
71991,0.1667512086016717
71993,0.3707234718894205
72005,0.35940849530958363
72008,0.38413604842870663
72010,0.3195766619447632
72033,0.5132606068593035
72036,0.5583898955995514
72042,0.5533921062883403
72054,0.3590846744393847
72063,0.6934442243601668
72064,0.43573810610280866
72074,0.7885384456843119
72079,0.19438566860962728
72086,0.7357631840163019
72089,0.30974425450605825
72091,0.4691298376142949
72094,0.17071896296858513
72101,0.2341074949439751
72108,0.7085128088869237
72112,0.4602713632765142
72116,0.47766277697925524
72124,0.44142323523002375
72125,0.29158981768682246
72129,0.27035319629194426
72147,0.6068879110879818
72156,0.40929126900641793
72157,0.3644460472475584
72160,0.5736032882178368
72162,0.7402090696242892
72165,0.4984224717998342
72169,0.24479630471980685
72182,0.712115485950968
72196,0.6630133277493946
72214,0.5377983397497399
72220,0.45439901845625136
72224,0.09795350199366067
72226,0.5855754294054576
72227,0.280472854816613
72228,0.354682323813949
72231,0.7540332709326462
72236,0.4175002717811076
72243,0.7877091220110615
72246,0.35644456238009253
72255,0.8893370033140741
72263,0.10524670008122998
72267,0.19051438261133313
72289,0.29754837962082914
72294,0.5041089609127894
72299,0.36209420744481186
72303,0.791609952366066
72307,0.40050455563209697
72310,0.5193922662287023
72313,0.45417855090347026
72317,0.4483257287512633
72325,0.8832279410396998
72336,0.7004333265788757
72362,0.5500901314393744
72369,0.707861775866428
72371,0.8417932437530155
72372,0.6468638612324152
72380,0.3211142734107996
72384,0.3942867041868875
72390,0.2024504892959777
72396,0.1312357121438989
72397,0.3570491289160456
72400,0.43635129554585506
72401,0.5848376606772194
72404,0.20771346955602263
72406,0.1890117766068487
72420,0.6463245707791715
72429,0.23909546920091207
72443,0.4818997242929611
72447,0.4399657809584497
72453,0.9316522687626242
72458,0.8867170465637324
72470,0.23263552182334357
72473,0.27486710548339055
72474,0.5215713297265918
72492,0.5209686156927941
72505,0.26470177813679313
72514,0.49329665408211826
72521,0.557937396563745
72527,0.7076006631458981
72528,0.7642918898904048
72533,0.8211119180977349
72538,0.3116032965350119
72543,0.8267181792419763
72550,0.3372736027705411
72551,0.41442274855682054
72560,0.564585013054667
72562,0.33165006641276396
72570,0.5779216016450652
72574,0.6422688371740795
72579,0.5552652904765445
72580,0.7972955155721599
72585,0.7245420956564206
72588,0.5760274231699096
72589,0.2773368356630985
72593,0.154453370768718
72594,0.4245283890979177
72607,0.6157045880542512
72609,0.4815549855135657
72610,0.48955880583465294
72611,0.11229429558053657
72619,0.6781960939502634
72634,0.3855113577572056
72642,0.3347447660649452
72647,0.3739139508785709
72648,0.581281546308286
72650,0.4315515949458243
72656,0.8592252687595155
72662,0.8349490472827997
72663,0.5990807083894798
72664,0.39354189080476576
72665,0.4010897885964627
72673,0.6470285798706062
72685,0.6483191018159077
72703,0.38789114037048344
72705,0.38588771829407603
72712,0.3166196339846855
72715,0.24053216219428844
72718,0.44951375142872607
72729,0.662128111870331
72732,0.3992033694989815
72736,0.1770004329362065
72737,0.44091125247635626
72739,0.4307289847240376
72749,0.355414769667481
72770,0.5475699059402768
72777,0.7232988095330473
72800,0.8542521286555503
72804,0.6155678824439931
72808,0.5431208001290689
72812,0.5686552200929053
72828,0.8180432962898201
72834,0.7131494244863102
72840,0.8971811321504971
72849,0.44910678270563276
72850,0.32705782987510507
72858,0.28078356999061094
72864,0.19973554113664793
72865,0.7429750160956653
72867,0.5172399685517262
72883,0.43327928050750564
72884,0.7557677579394873
72894,0.6785274996920774
72898,0.623044085994885
72904,0.6358930521823223
72906,0.7727238477088629
72908,0.8947142374075723
72922,0.6474179390857674
72944,0.5696117520099079
72946,0.21300541527387787
72949,0.6622298982052665
72960,0.4953101215844153
72967,0.592685832573796
72970,0.3078328894368321
72973,0.42817831817008256
72974,0.710384845952645
72975,0.3654020306799901
72983,0.9207498090833515
72996,0.3356295628854887
73004,0.46121790225129095
73005,0.4785833860764305
73006,0.5678231722848436
73013,0.4515567128074978
73018,0.4737295574048415
73026,0.6901404754284745
73030,0.5296466426219887
73031,0.36505094653497006
73040,0.721922907028985
73043,0.40967596951857627
73053,0.8530551169421676
73056,0.850673244581266
73057,0.556333212503029
73063,0.35404631100652145
73068,0.9648000588956189
73069,0.500737959593919
73081,0.8345931698602588
73086,0.4264920806564289
73090,0.3708865690089869
73092,0.6506613639589169
73111,0.9070741751607331
73120,0.42275270362115297
73122,0.5924493206340913
73123,0.6894671747678142
73124,0.8040269579707326
73126,0.30942182706106236
73131,0.43345888445326924
73133,0.15073346163951895
73139,0.2585691176305848
73146,0.535359024914197
73151,0.6427880559803468
73154,0.6132172894170188
73157,0.21770994821573536
73178,0.7096937577194288
73188,0.10882097430146925
73189,0.586364150018812
73196,0.8379673742346273
73203,0.7863269151547679
73205,0.4354628237870154
73211,0.29337895240542927
73220,0.6894381441085446
73235,0.6808809431438209
73237,0.4244203534521492
73239,0.19082949980830186
73242,0.32702346710436236
73249,0.3245608127015401
73252,0.3816941622984584
73263,0.6061667004015897
73273,0.4787726684106538
73276,0.27661109841404347
73278,0.8320884440649906
73287,0.6968532644284647
73302,0.3282973995714873
73306,0.6130069505831885
73312,0.6411570101480316
73317,0.5632152762341476
73323,0.1358624554778625
73338,0.5326436385000506
73346,0.5726607402195077
73350,0.47171948396636826
73356,0.15138196696735176
73358,0.22951623376447539
73367,0.34835110503145195
73368,0.1890356367090547
73370,0.03587054405830361
73373,0.8061191285604001
73378,0.2910045769612905
73382,0.7399032781370725
73383,0.6204512601511796
73384,0.2571487947773916
73396,0.10266717015607199
73412,0.39312743153178487
73419,0.4580116383342718
73423,0.21333419907124013
73428,0.304278043009516
73443,0.39570338592898696
73445,0.21693342523038575
73449,0.7618620339779238
73451,0.17687074500508745
73456,0.17927861786983199
73466,0.6401521372562909
73468,0.372222336091995
73486,0.46202955123690964
73488,0.13444268118068356
73489,0.5648677172613432
73494,0.6549923727086545
73501,0.6934602108199733
73511,0.6737943586936277
73515,0.07863040680996676
73520,0.3583108142580424
73523,0.3351848321146645
73538,0.7352829291484799
73539,0.8448546168690068
73544,0.28571135761942074
73545,0.6287836360048724
73546,0.312651936797313
73549,0.5162837869010714
73555,0.5416808055810756
73566,0.7320593031349623
73571,0.5510921827138433
73576,0.5990144104646435
73580,0.5156386387888285
73589,0.7830234182171228
73598,0.33149382476331013
73599,0.6008854029111637
73602,0.17356084334081603
73624,0.8434718482746368
73625,0.40656439479046663
73626,0.8280255861813759
73627,0.9093615806447194
73632,0.6644206621198021
73640,0.5185224203941542
73644,0.5724547077626061
73659,0.7489981103232421
73663,0.829566012448232
73667,0.5168535342467301
73668,0.1301762455556984
73672,0.6351551887703809
73676,0.9086043500434297
73677,0.09798202447832952
73711,0.3791191926791789
73719,0.5368739821201142
73729,0.4603813477999434
73733,0.7700361241233341
73741,0.483640394804393
73744,0.6305093787111113
73752,0.7039110240347694
73757,0.8754323112258097
73761,0.8474346545431992
73762,0.36481379517001516
73774,0.7902748542845837
73777,0.3822960026476829
73815,0.6355998211679325
73820,0.6824929587425445
73829,0.318368781918687
73830,0.7148243474585969
73841,0.16573162766318572
73850,0.8791399355345428
73854,0.2400847651799531
73856,0.3940342220637238
73878,0.17113558799199927
73884,0.5004983603663337
73888,0.5477718462239154
73889,0.6935061609713116
73890,0.47709361777965276
73893,0.22626840382853955
73899,0.772158277293527
73902,0.08393218269559248
73910,0.17048812696182106
73913,0.2209919561261447
73918,0.32292003722699414
73919,0.35578883617511287
73920,0.4849274572061341
73927,0.29195776325884526
73933,0.5016266488217069
73943,0.36806692988744205
73946,0.4984560089745133
73949,0.8184186552747639
73952,0.3742750915739403
73957,0.46005936485057397
73959,0.21866562995264338
73963,0.5733852821977935
73973,0.6970474513178271
73974,0.6602288183962874
73987,0.8611854644569475
73991,0.20380676744327367
73992,0.3530394171226357
74004,0.38339012629609814
74012,0.5680337166549797
74018,0.3156610859042953
74020,0.6828082092294763
74027,0.7473251528633021
74048,0.7602459621730273
74057,0.20177041522088743
74058,0.6646140874362557
74062,0.367801394152125
74064,0.6571528384028892
74065,0.1506735083997511
74070,0.2901577723252611
74075,0.4071141707263954
74076,0.22418887590009873
74078,0.15811399264966786
74079,0.32361673737851543
74081,0.8790044274813775
74085,0.6714422988723007
74097,0.9434759480709509
74098,0.7088423339136333
74106,0.4190504755679748
74107,0.32532063131520395
74112,0.615475312409125
74116,0.9034804145354318
74130,0.725155298580881
74134,0.14761147902301716
74149,0.8566230263011076
74153,0.5730371294403959
74154,0.6462215610061097
74173,0.6861180306578788
74181,0.6068842655213489
74190,0.05222118456601069
74193,0.14374967255980417
74203,0.842303318705056
74235,0.9292090889951697
74237,0.7318072192625972
74240,0.5994249888834728
74256,0.4104291652728894
74258,0.6115020735995338
74259,0.3546639499864191
74267,0.6171547176876745
74270,0.2479055332825722
74284,0.8653373197857047
74287,0.4350245353645962
74291,0.7785794524666172
74292,0.6458172097998802
74299,0.759776431729458
74306,0.13150220438798618
74315,0.18834083049389758
74318,0.7775851135508307
74323,0.35909661678910826
74334,0.2076399631336501
74341,0.6295496295447552
74351,0.8459686628762433
74352,0.4276007488146409
74363,0.10016146108476728
74369,0.7327743759961859
74380,0.4467095224853514
74390,0.6853996675260103
74393,0.10237994954305683
74395,0.2820214731667719
74416,0.3478147672645299
74436,0.7118569358041724
74443,0.7036312793758538
74447,0.7621770537864293
74452,0.4285359331751584
74454,0.6176954476274717
74463,0.3195506740367528
74473,0.5030822748894582
74478,0.3553988429166211
74480,0.6806832528695264
74484,0.7841576291987552
74489,0.37094829318143346
74490,0.8837318215780366
74491,0.43236221620036325
74502,0.6917358478030736
74506,0.3747655765368309
74521,0.5222539204101687
74529,0.5552153995632895
74531,0.5227044921030403
74535,0.12002296720540295
74543,0.7909414749569001
74545,0.7833934579522708
74555,0.3336134272926194
74561,0.6198748710235085
74566,0.464122210528904
74575,0.6430457819064845
74576,0.7184048814067264
74577,0.5975277412749826
74607,0.42396133308596634
74612,0.6310470728416782
74615,0.47736131731104003
74617,0.2955126535186786
74618,0.5754105998336675
74621,0.37340632965533677
74622,0.443878002650333
74623,0.27999454337673213
74634,0.21526886362669997
74636,0.4765742091519085
74638,0.22887114155155866
74643,0.7104806248664225
74644,0.48401330830421907
74649,0.09810546057465643
74665,0.6458584917760667
74675,0.08804392040712027
74692,0.7287081083801014
74718,0.34678779896184586
74719,0.44279941793899186
74729,0.7090991132221187
74736,0.8681697265208574
74743,0.722728880870729
74747,0.710357983533379
74748,0.6484695214990063
74751,0.408079238250173
74760,0.3057558589475764
74762,0.4917167255682764
74763,0.4064054228335471
74778,0.7156072308222893
74780,0.743944983812357
74782,0.09537216566791983
74791,0.49952958217174626
74792,0.5958189150762931
74795,0.6135462772637936
74807,0.3650360483257486
74810,0.5710112217862795
74829,0.6008377368811623
74830,0.14139379185801132
74842,0.2853151728681332
74864,0.7677213719689655
74870,0.4240890708573117
74879,0.8341141906801476
74895,0.5226786157054045
74900,0.7384845411138323
74909,0.622541081438881
74911,0.7210030114474391
74912,0.14574835084375354
74918,0.5252729772036214
74922,0.8135064418408573
74925,0.33575409689289115
74945,0.9065836255348073
74946,0.6453429890830502
74955,0.5282380826532032
74965,0.3042449196746848
74967,0.37851518741072554
74970,0.4220049050153273
74974,0.47564522014068433
74979,0.8111616200612769
74986,0.3882789857415848
74994,0.4883110304247739
74999,0.41790798081040526
75008,0.1635891422078349
75009,0.47231970340350493
75013,0.20645245577748228
75014,0.4854145257132227
75027,0.25527915319585653
75029,0.6823460281541848
75032,0.7194863210798362
75034,0.7975062049073023
75036,0.4866685608986772
75040,0.4054642662111729
75047,0.6313067792993231
75053,0.18805260632060283
75065,0.3345119032850869
75092,0.37076957765854973
75107,0.1993105914747846
75115,0.47915829769043905
75116,0.673829780226807
75121,0.6151714780493363
75141,0.10230531948206517
75148,0.6053140007944269
75151,0.8408223004870345
75155,0.9179299882985793
75157,0.11849568235867575
75177,0.19260460924505157
75182,0.3333072061514796
75186,0.51825569651259
75191,0.637400028543135
75218,0.30689489856520247
75220,0.3062066270852742
75229,0.7979095970666901
75237,0.6920274839823174
75249,0.4715091752505365
75250,0.2713985311440769
75264,0.5053415692306013
75266,0.49198534110631625
75269,0.7792003084539613
75272,0.4925374805512798
75275,0.4944422878596788
75281,0.5584060325959145
75282,0.7060911265167398
75288,0.6306656302175973
75296,0.7494169913246836
75303,0.7975848646397476
75312,0.5111227290261433
75321,0.7203576571411812
75324,0.46626762540432554
75337,0.7510745153603553
75338,0.5500153414806978
75341,0.3623515896905956
75345,0.5779452466464211
75346,0.37907653944110453
75351,0.7836769649797201
75353,0.36340452718816585
75358,0.7149470757874417
75359,0.5968970113119274
75361,0.8080386874277634
75362,0.6926021810090609
75363,0.4885013799165416
75383,0.6917417207687954
75386,0.46107202112564166
75390,0.20832904701209573
75400,0.1518168582982676
75421,0.5707536079729116
75423,0.7968073682942874
75425,0.467550834182571
75428,0.3698801478835183
75432,0.17968713562138858
75437,0.6977457004451211
75448,0.438104945806559
75453,0.9044583258039938
75460,0.4400657400004268
75464,0.7828843437796742
75492,0.26196250583279324
75493,0.40543011045575833
75502,0.3141096683611801
75506,0.4451523249475373
75507,0.5544600969923776
75511,0.5615699819435808
75512,0.4669491587283987
75513,0.8263266221144101
75516,0.7742704971906
75520,0.49951684090977067
75523,0.6009024807323582
75525,0.5871936662162595
75527,0.5467544271761017
75533,0.7189644994053644
75535,0.35692809554925886
75541,0.7613263953284253
75545,0.6762343662500124
75546,0.3720297695542471
75551,0.22291423983859196
75556,0.7549364688538428
75569,0.64237547310057
75574,0.8914100330085835
75575,0.3792160700654992
75583,0.7367952880742542
75616,0.752658951059813
75617,0.6198768726910515
75624,0.4274148027234368
75640,0.5430211639788055
75642,0.621952806689875
75645,0.41920574713555886
75659,0.63714431753321
75666,0.2950135306292639
75669,0.5334179510948281
75673,0.4102427121131763
75677,0.8234966862989028
75681,0.15018859946315533
75685,0.4126347589468131
75712,0.6659624066859723
75717,0.21678708435590113
75718,0.4394375832157788
75723,0.3304731679523786
75731,0.7507647603812138
75742,0.3003037679316718
75743,0.455366994154165
75745,0.6238653569942498
75747,0.7103956713417336
75749,0.4046854787226736
75756,0.22155677769942497
75761,0.4327208414860464
75768,0.6525784925221201
75771,0.8961387337339419
75779,0.4016597144887673
75780,0.5248630383880721
75781,0.7149589646255825
75782,0.4751229091320294
75783,0.8425170564941322
75784,0.4733817957038368
75793,0.31834621522553924
75794,0.01494345537822843
75804,0.2436597761180694
75815,0.4788369872714016
75816,0.7029474212362691
75827,0.6250342385643042
75832,0.7703284437146288
75834,0.34335912730699036
75836,0.6961117206606987
75840,0.6138637248298967
75845,0.8300329139697481
75846,0.28658284143373275
75848,0.8777504488868662
75855,0.7711163966495111
75859,0.7681791682722415
75861,0.712356689296518
75865,0.5457470853682854
75875,0.6217376577788454
75887,0.20730848100580745
75888,0.921772904802455
75891,0.4087061275666795
75895,0.5690522730763501
75896,0.5917158334508323
75900,0.46090570237404155
75904,0.8257425934876986
75908,0.7325620500322934
75915,0.37704117316660607
75918,0.24145305039181628
75935,0.7756452379812897
75941,0.4516392535515256
75947,0.3282981399414613
75951,0.4885406454896964
75958,0.8721002920853228
75962,0.5238793985466575
75970,0.5924078280913505
75977,0.37465903058122313
75983,0.23308192508090725
75995,0.7337814129334579
76012,0.5381861320619468
76016,0.685281184583476
76021,0.6312817886383094
76022,0.8749563798421419
76031,0.3302398188197274
76033,0.7233454666239065
76061,0.44342752915745254
76073,0.4938577019912325
76075,0.31282270103263027
76080,0.5017362486023849
76085,0.6630614686026396
76090,0.6328452576729248
76111,0.11466742613002123
76116,0.23384255820277275
76119,0.47783628944780254
76144,0.3186701485918971
76156,0.6839711490903123
76179,0.5342204607445469
76186,0.13027585039076112
76196,0.7565294500662056
76214,0.5498175218080027
76219,0.5580424928550592
76229,0.4471494706213132
76231,0.8141304036974188
76233,0.9458727282959505
76242,0.5249303430259554
76252,0.634478517190441
76256,0.7226232324769418
76257,0.23637095452253434
76271,0.39290075297045807
76274,0.7650091457143454
76279,0.6565736828903634
76292,0.708492572268492
76302,0.35019036542606224
76308,0.8266825546870088
76314,0.6122388431896966
76319,0.8127119178978757
76322,0.8105362423307896
76333,0.4245012784492446
76334,0.880732512117848
76337,0.5505388227358436
76348,0.5774245459450092
76363,0.5760443900356723
76364,0.2580750031472799
76369,0.7476688925319094
76377,0.9343741563801798
76394,0.35904733329065514
76395,0.46454820206586167
76403,0.2769056102080029
76414,0.4964143945017111
76417,0.735195083801383
76418,0.4078534330034298
76422,0.7450531290110516
76423,0.6665840538546535
76424,0.7963122517878066
76427,0.6321751145583369
76452,0.5857316735511119
76457,0.6556129548296836
76466,0.2484624531154254
76472,0.7578631906903667
76484,0.16421278268141895
76487,0.1416383398581894
76489,0.6416093650778998
76493,0.605238025977411
76515,0.33327559698952025
76517,0.3276608474045645
76520,0.8769898374974563
76536,0.27709507039849945
76537,0.8099064395849186
76546,0.5846284357323582
76551,0.2703203085138817
76558,0.6375946510981343
76574,0.49632122575151394
76577,0.10589332431827551
76611,0.528965094143166
76612,0.7544639389523992
76632,0.2949964147380197
76635,0.7006937007218261
76638,0.7780515764621074
76643,0.18571969525087595
76660,0.17876318498043173
76663,0.2631199455808404
76673,0.5374431529956171
76684,0.9069472844257936
76687,0.6268189656879634
76694,0.5124014977260893
76696,0.5407957630409758
76714,0.5765411958545619
76716,0.827715291391015
76720,0.4487526687340871
76727,0.30693859507114096
76728,0.6802973424278178
76735,0.5382886956647109
76737,0.6016796201708351
76738,0.3193545630626043
76755,0.5441011462147882
76764,0.22869513884941317
76767,0.9024661460144213
76781,0.19864023980992523
76791,0.21035245908795758
76814,0.6302166806483649
76815,0.7246163089052589
76817,0.7599699900286895
76818,0.48429258962694094
76820,0.44363130272490914
76832,0.41964404391765947
76844,0.5440038697868176
76850,0.6804088518332185
76857,0.5261031456909204
76864,0.6225976035242992
76868,0.44940508827820164
76871,0.47518578632074954
76876,0.28313422322497167
76877,0.03982322207114429
76893,0.29517560761393163
76898,0.3445578796345267
76903,0.5159473922502291
76905,0.4540793291493997
76918,0.24498478346367242
76921,0.213331149943226
76929,0.791713464117029
76939,0.3500243143826828
76947,0.87656882281445
76950,0.8585649172584279
76956,0.4958389730161397
76958,0.5054289720463668
76961,0.7420370104177623
76963,0.7353922455654716
76964,0.5903296826963511
76972,0.6822068022869566
76975,0.7777097407706088
76989,0.47188122132414634
77003,0.3226146285520925
77006,0.4965569477846263
77008,0.3702101172092445
77011,0.4272367645992482
77022,0.7246756674273053
77026,0.47926166081065547
77029,0.3345807028062837
77034,0.4991446104930756
77055,0.5601965990214405
77056,0.3407427683472665
77058,0.5790486110646571
77059,0.41653247592374587
77061,0.35359870191600445
77063,0.7684306770989106
77067,0.4112029372761366
77069,0.6500993384324285
77080,0.40063349129483156
77091,0.6298119525590791
77093,0.4074580342763611
77103,0.21873329384185355
77106,0.4654410890564388
77107,0.3572240057985659
77116,0.44853489514096295
77117,0.2391748987453666
77120,0.382630114820259
77123,0.42544641288522217
77126,0.38386831038193286
77134,0.8323117381881111
77145,0.30176193382271843
77148,0.6669581161661812
77157,0.20050651098586453
77160,0.7767828971991998
77161,0.968287804729612
77175,0.370010560984775
77188,0.403917760871281
77205,0.31531426050703154
77207,0.3991457664756679
77211,0.1610094647193879
77220,0.7801396762151921
77228,0.6103635171837808
77230,0.6415626816976339
77233,0.6264331669758612
77248,0.15876350423479843
77249,0.2077747497326367
77256,0.5665872245150793
77263,0.77061377349954
77268,0.3790438654255577
77275,0.8932893321771617
77276,0.8382345624221176
77279,0.37674013856650573
77280,0.8397769053965449
77305,0.44793286848163544
77309,0.44109726125260196
77318,0.3122881861988877
77320,0.7887766259276643
77324,0.7342685384707054
77349,0.5064988612726614
77358,0.552576691828977
77366,0.6486539973473012
77378,0.4872068587863111
77380,0.2766459362328265
77386,0.5643270629449192
77388,0.2823271569707596
77395,0.8725185039965305
77399,0.5227124838965043
77406,0.2726528065992556
77433,0.4289719189596622
77438,0.7775452170244207
77440,0.4235711265387435
77446,0.1921549597309207
77451,0.0898098524175813
77458,0.6397490111146207
77460,0.3911695071115272
77467,0.16725753253415818
77487,0.42739138334913884
77495,0.5328724742849649
77499,0.49189016534952845
77503,0.6384368585101281
77510,0.7571864857885565
77511,0.7034705678468356
77514,0.5393858188896038
77526,0.7384376014888603
77534,0.6943143600180519
77539,0.8351320440079306
77544,0.6237354910579309
77565,0.6812341527545885
77582,0.8331861515476362
77589,0.5809652111763638
77594,0.7915115641066848
77597,0.498825100063079
77614,0.6028019094667129
77617,0.8285887649700602
77618,0.3065099202247204
77630,0.8095039191527693
77634,0.4381253912058522
77636,0.7268567064559392
77640,0.31269784627481867
77644,0.909377896556387
77660,0.3392824249191584
77664,0.2206275634806029
77665,0.273237206513793
77666,0.44140752169431113
77682,0.29372420681154365
77684,0.33202100730337947
77688,0.36612770120721366
77692,0.5841680931907532
77698,0.23684077745826285
77701,0.13142294676461655
77703,0.36304892797702937
77705,0.30412281357532306
77706,0.2086183133121249
77708,0.3004793882480885
77712,0.37107218713256634
77723,0.6565540117637106
77724,0.8329003315279965
77725,0.6542271247486995
77726,0.45485612607903114
77741,0.374210996443475
77743,0.41648860214953254
77748,0.39951197936906635
77751,0.21591699004284043
77752,0.5337092757281662
77753,0.6523178575724354
77754,0.41231241087319354
77759,0.5694968682933235
77769,0.4220136156419027
77773,0.6552863726386525
77776,0.5309267205537712
77781,0.11078458099412318
77789,0.17602798700542174
77791,0.47744847789410316
77797,0.18939240860003587
77801,0.46972299504932813
77804,0.3564906454591384
77821,0.5232210319248837
77825,0.3562036655218744
77826,0.45971885788736583
77827,0.6872434178741518
77841,0.2557564924723186
77847,0.7908439579874232
77856,0.6862326844302542
77864,0.4497727379209211
77869,0.4471631223569844
77871,0.22454367099899933
77874,0.6527910995905286
77876,0.7397240890098503
77890,0.386649105862301
77899,0.18125167603300074
77914,0.09723725954077218
77916,0.15880840819015263
77920,0.35582733661640803
77936,0.18462769027890372
77943,0.41279729915291796
77945,0.40421312888435423
77953,0.5659102245544468
77955,0.6909333191348399
77959,0.16211579696509335
77969,0.4241164282938289
77975,0.42814801656957474
77994,0.7822494951135535
77996,0.5953505131181765
78016,0.30979590660655726
78022,0.7989391614525868
78046,0.7730144437269745
78048,0.6537388320641814
78056,0.3193677185304427
78059,0.5547193188239049
78063,0.36917363962538036
78065,0.8378283581368259
78067,0.6562360878890701
78068,0.7996650131136408
78071,0.26395948352436616
78074,0.7764982100840001
78102,0.34902241383355076
78114,0.7125360294135261
78120,0.6488792623168833
78125,0.3783353881792708
78131,0.3032138142626923
78136,0.3438950497974924
78137,0.8241694197872065
78138,0.5985476274706306
78141,0.44693754695463234
78157,0.8268770505128847
78166,0.17976641696225734
78171,0.691680866428162
78172,0.8483052764009045
78174,0.2612776724025441
78194,0.7652495000855901
78195,0.6195701020360466
78204,0.8833058128168002
78205,0.5383204159511673
78211,0.48300142126388135
78213,0.3368801367697343
78228,0.7575227673205293
78231,0.19071526479332004
78242,0.7848871318718595
78253,0.30486207134663024
78266,0.3086111045092484
78269,0.5334275309560275
78272,0.391334055049809
78278,0.7476667392790708
78298,0.4684955159961206
78299,0.3951920797511998
78306,0.7799416562390888
78311,0.22545680826012823
78331,0.7890712722686704
78337,0.25706222172389
78365,0.5175388874815894
78366,0.5601492535110795
78369,0.5024798285186185
78379,0.4172714894085143
78391,0.6457274708488759
78406,0.5240472021520821
78424,0.788638197736151
78433,0.8142275858679169
78436,0.5443286259921816
78463,0.2662990053531165
78472,0.8410690731893795
78474,0.14497560469838688
78477,0.7443272176084078
78479,0.8312208025199506
78481,0.6333269257926734
78483,0.2446006533364768
78490,0.6779932693715582
78502,0.4884152890549748
78506,0.5695256571894076
78507,0.5766398737045005
78518,0.29166599371344243
78524,0.23805514991879537
78536,0.69462741546125
78558,0.5514232651517247
78559,0.47837900519940374
78562,0.6128943759988056
78563,0.8451606500419689
78564,0.5858407927788432
78566,0.4377109750945475
78599,0.24810865615684713
78608,0.27858137653119625
78614,0.6249862791875871
78616,0.5112102871824213
78629,0.22699326626137087
78631,0.7349173269289375
78634,0.9568177763757298
78635,0.5421983164709712
78639,0.2310357963389886
78640,0.812705781264368
78647,0.6988839091360751
78659,0.5000399091372417
78666,0.8802685067923659
78673,0.793182634949193
78679,0.5359478960604431
78682,0.6531653296165539
78687,0.41742695143063324
78696,0.60847677215164
78699,0.11692996928419053
78704,0.539553499873066
78707,0.8028835115823316
78716,0.6630210648742504
78719,0.384863252407737
78723,0.517978982629629
78726,0.5256164177266694
78747,0.36731359715854817
78753,0.21138759183712327
78754,0.7367639731769201
78758,0.20732507472446118
78760,0.22634271235528045
78763,0.5106525502265202
78767,0.7430472738395931
78770,0.06326333559228321
78779,0.5738312345099669
78782,0.3320371971933651
78784,0.5834428775251117
78785,0.3835612679487552
78789,0.5882307448470585
78791,0.3446527236760829
78792,0.3000259155739466
78795,0.11874652205715189
78796,0.808637291459773
78811,0.5496206029378452
78813,0.3895643802972551
78816,0.32273617827865764
78829,0.4640931448666772
78832,0.7188603149593032
78835,0.7259776075273487
78840,0.5254243335030581
78847,0.321305734891925
78853,0.49028439796224604
78860,0.575775019773941
78864,0.8376074847387459
78874,0.24635429142934484
78885,0.7088026077962553
78886,0.13322113196093086
78893,0.7228129641240725
78898,0.2161099909622979
78902,0.38786874859855214
78903,0.6200988492038373
78906,0.22394604393570877
78908,0.3946993901035224
78911,0.923522142697038
78921,0.40927139163841575
78949,0.739230963836307
78953,0.447447116941686
78955,0.32428813927838723
78957,0.5337440654796975
78985,0.19822140180108946
78986,0.6714445838323777
78989,0.8141916535180013
79008,0.6887181778045296
79012,0.3840949428642
79037,0.29455065558929233
79043,0.781044560293066
79052,0.37052648548304506
79065,0.4750050132727669
79070,0.6738984232087748
79086,0.411568754621702
79090,0.7368526674612459
79094,0.6178809080743235
79105,0.6642217407886627
79107,0.6959297322859543
79110,0.3258031683806404
79124,0.5697674870536784
79125,0.24881635409828184
79129,0.6970578221217083
79137,0.46512285807325854
79144,0.2515175362725561
79147,0.8686745179892029
79153,0.5189344557626939
79156,0.8072807568926588
79168,0.42760150391620866
79172,0.921096784810167
79191,0.33786868104641277
79213,0.8652884113041595
79214,0.24826300801784124
79224,0.5485368123048384
79233,0.8708206784564172
79240,0.44085976338496086
79241,0.325185640927743
79250,0.6438055465739405
79252,0.7831822218193325
79263,0.3763356894739114
79264,0.7659041431382405
79267,0.2502477461754501
79282,0.44935981351181725
79285,0.6703608470094697
79286,0.3867150236983519
79291,0.3147435717641603
79293,0.44606101333532255
79301,0.3009846313904333
79307,0.32866896186255745
79309,0.837954499196291
79312,0.6226146205862718
79314,0.4522175464021197
79324,0.6968902239294985
79334,0.4959740302139134
79341,0.8380083140285787
79342,0.10528044269368202
79350,0.6130384157421696
79351,0.38184827568748947
79352,0.4239172836062231
79373,0.2573048932255299
79378,0.6328460126966718
79383,0.5323524168663242
79403,0.7101371059917778
79404,0.4915161687733699
79410,0.23654288959211817
79413,0.5216612694419155
79414,0.5104228281677524
79417,0.47415903633446055
79421,0.4601196425067579
79430,0.6668838325650539
79439,0.4646875000769456
79448,0.768163234536921
79450,0.6134405870492097
79457,0.642220243236359
79466,0.921609461791325
79469,0.3665165055922526
79478,0.3786369911663853
79481,0.6285576784912608
79485,0.6466224710997672
79492,0.50205680561866
79504,0.826245400487169
79508,0.7105764546216434
79513,0.5021375697540665
79534,0.3648875208536245
79538,0.09090535319374857
79544,0.2753154707362561
79553,0.3891858077830684
79560,0.15767313148413806
79561,0.7511868260852672
79562,0.8550403737025254
79569,0.6029910125900386
79574,0.6586424465246368
79578,0.3379308380422351
79588,0.6841030352541096
79593,0.5414018653193963
79604,0.5334841342645938
79620,0.3359809779907798
79624,0.761137887600652
79626,0.47892635640333253
79630,0.6396695042453258
79638,0.6117503100122489
79653,0.7488763714932998
79660,0.8406338852357811
79664,0.8578122098562375
79665,0.7331772304738231
79676,0.5653660623369829
79682,0.19104299790324092
79683,0.2821449110404018
79691,0.5684788586237569
79698,0.8386697225361935
79703,0.47318907066389154
79705,0.7339978826994894
79707,0.04628616759344193
79709,0.7143247095271945
79716,0.5576948180198796
79718,0.8409475147307482
79720,0.3394006683639987
79722,0.507123704808536
79730,0.08803860277726147
79752,0.38689765081354754
79756,0.17606866110547784
79765,0.6441616833790664
79781,0.4763440583397432
79789,0.2111202090625913
79790,0.5635336137744681
79799,0.847777430238165
79801,0.4386183580878858
79802,0.6009515315068846
79818,0.5408215678536942
79823,0.43347432936184577
79829,0.5027338719409373
79832,0.352631050483853
79842,0.05186484080030108
79844,0.45354803698471463
79847,0.8207059284305654
79859,0.5728858581086864
79860,0.6567505093101602
79862,0.6775208918972333
79870,0.752480773649597
79873,0.9330976442578867
79880,0.527426499036386
79892,0.40273578575478547
79894,0.6153334031461429
79897,0.5056151720351412
79898,0.447288487838559
79903,0.692549165215604
79905,0.23129513817964592
79908,0.8339776600441781
79923,0.05391897058129339
79928,0.9638998342893493
79932,0.8212257983453352
79946,0.4090208096746196
79952,0.5566059855349721
79961,0.3267131396900411
79974,0.6154174893353145
79976,0.30762409756895076
79983,0.8340639348366186
79989,0.5259099282946086
79991,0.5712747556992438
79993,0.5718020312697136
80006,0.4507977083910604
80009,0.31457498194942346
80012,0.5537225653826763
80024,0.19167691704434747
80026,0.5163383076252995
80031,0.43729668118895076
80034,0.57377950408887
80052,0.2595464718417923
80054,0.26667191985839983
80063,0.4288557692669146
80068,0.3401196753144914
80070,0.18247358952756965
80072,0.26483149705067666
80083,0.7034479346928897
80089,0.612422023487501
80092,0.6346164145125504
80094,0.8751221123284043
80104,0.5113998539013218
80111,0.5390764958278782
80115,0.13987224663538725
80122,0.7729941421530807
80128,0.3597010599358732
80130,0.2592385960852961
80149,0.925461869110045
80163,0.18212014592397843
80167,0.4073045111008217
80169,0.3409925111309392
80183,0.6841860678555286
80218,0.6309017134027959
80229,0.30724464102928584
80236,0.7417671450361191
80238,0.5612755536748445
80246,0.22917847702385244
80270,0.3776906439780095
80272,0.2922161742688728
80279,0.4114342110116981
80282,0.49285173528178666
80289,0.7386136299197689
80296,0.2733716519294834
80310,0.32235123625658496
80313,0.19142701171426396
80318,0.6681774946717965
80319,0.44133253134513184
80321,0.14526562121216674
80324,0.7313178469995489
80332,0.4147631346095132
80334,0.16068171724157995
80353,0.2675410135792926
80359,0.7069970086056957
80394,0.29295940230639694
80396,0.3659485633835637
80405,0.575637884309777
80406,0.5529487412251133
80411,0.1646697946051992
80417,0.5272722851744346
80439,0.7615779506103478
80447,0.7426945838941368
80455,0.6140641745411547
80464,0.28511141813561147
80466,0.44961250261152846
80476,0.573503027180772
80500,0.4261474568516449
80503,0.5625717669342661
80511,0.3458082825567306
80515,0.42680728911851434
80518,0.6930619648716956
80520,0.44553245162998056
80521,0.5554868001658153
80524,0.2873118652259763
80534,0.5200783523139346
80536,0.3951939314417873
80539,0.6608910338715459
80540,0.5336041979687427
80541,0.7051601744008168
80545,0.4511628844342212
80549,0.4562081810295928
80555,0.06364578894304211
80562,0.5180696953382165
80567,0.3653146309941976
80574,0.4875537092028507
80575,0.5422281657076244
80578,0.5245521518803151
80591,0.2614516323050516
80594,0.23800054304628632
80599,0.6553432946638947
80625,0.17298182779422222
80628,0.32773790662602414
80633,0.084658384706186
80635,0.3907991522164327
80638,0.7835724034065797
80658,0.5465634617594858
80659,0.08616940780131514
80667,0.25211710704600965
80683,0.20788041063594792
80684,0.8621232963174107
80685,0.812475125669269
80704,0.5759741075185453
80710,0.2607129691600307
80716,0.33335541854510997
80724,0.9543421671734362
80726,0.16608123168952038
80727,0.5415470552208642
80731,0.2907076787495774
80746,0.5707850752521882
80747,0.29168219444750415
80749,0.6511646061108327
80751,0.8121192344762935
80761,0.6278175321383916
80765,0.4266829342346513
80769,0.5555748345078569
80772,0.3583776817973358
80782,0.9333027295286729
80787,0.11778324358572599
80791,0.5198148619892433
80801,0.7858149142391573
80808,0.34921576149219197
80809,0.3154234116541274
80812,0.5805420636421595
80823,0.6003579860436841
80825,0.46775456089597983
80837,0.5778520094391617
80839,0.5125822142249576
80843,0.27389794576392784
80856,0.21962682080222093
80865,0.7532693535374119
80867,0.4961501386411415
80872,0.43452266127237443
80874,0.6524702454673641
80875,0.6453430691601318
80877,0.6840572628855566
80886,0.27626815540285526
80888,0.9609926080575301
80891,0.7014587237303846
80895,0.385529153378905
80897,0.74387409979503
80902,0.1130779210917701
80907,0.25314631785555286
80918,0.6665876320556144
80926,0.6100407947819152
80932,0.19405960037324402
80933,0.2962251460620217
80937,0.2338336082245553
80953,0.5362649567369251
80955,0.535752288496478
80964,0.28352605549558113
80968,0.13145032364699039
80970,0.11385754919695222
80971,0.8297329027304363
80977,0.5479454476839254
80990,0.7118746238703372
80994,0.4039274846148641
80998,0.3124548402638266
81001,0.27634203137981816
81004,0.5039822222425131
81009,0.3676927555697841
81012,0.6253948235670426
81013,0.7396507645324918
81019,0.6631369374734775
81024,0.35141224001665666
81033,0.15223637568075718
81060,0.7154253722994656
81072,0.509744868792144
81078,0.6822990028684338
81096,0.0927307387408789
81098,0.6042930219394306
81106,0.7501220628465537
81116,0.4762074620828721
81122,0.8026224340168876
81126,0.5711870930445845
81128,0.6380337093257623
81136,0.2973864678561596
81143,0.8543128358832811
81146,0.6195441951288653
81157,0.5039789464801547
81160,0.24668745375977028
81162,0.3953104193979889
81166,0.713175645343417
81171,0.8571058342531206
81177,0.7190888042725032
81179,0.5001690038272171
81189,0.7038963797313751
81200,0.35819737981385247
81202,0.7147346213278369
81210,0.5313542888955375
81218,0.5883325350077239
81220,0.4020139008689512
81223,0.622884081036172
81232,0.6737230531650775
81236,0.15089029763364062
81265,0.5519814607528846
81267,0.6893747545026937
81269,0.5335462371758588
81273,0.2340791039632534
81285,0.4972252956593984
81287,0.40885348019038337
81288,0.8686724161305771
81293,0.17027486742012404
81295,0.667884261349423
81299,0.35586960758149355
81305,0.8217484899679844
81319,0.5712671637323574
81328,0.8179553454557104
81340,0.0829495706635906
81342,0.7042249912867168
81353,0.9002189604365312
81358,0.8870697227416031
81381,0.5562178297445544
81389,0.42877186405939943
81394,0.456667209198675
81398,0.4443301674968764
81399,0.2964814766859984
81403,0.9030065094022596
81417,0.6711222350699473
81423,0.8475080150826466
81441,0.422393812451161
81445,0.6661466359579947
81450,0.7333269524817149
81457,0.647072398140859
81461,0.9044581142982603
81477,0.7006032484278745
81478,0.4424103318976787
81481,0.6399944300088423
81504,0.75329978001027
81509,0.3620403231316003
81512,0.3017231474480451
81518,0.35064704534347196
81528,0.01619942741111667
81536,0.48294296643315293
81538,0.41894829791684995
81549,0.5794651222055727
81555,0.6785478523213408
81558,0.3391045518926478
81566,0.5483670480640155
81574,0.40888416577855674
81577,0.6457063525937725
81583,0.5585033650593522
81586,0.4066952048861068
81591,0.7408528591483051
81595,0.2815418740535427
81605,0.26651498973044496
81607,0.7507838196445198
81621,0.5330760513898679
81644,0.8282746851347254
81648,0.40594869461989064
81649,0.45575353570514227
81655,0.6485531256825592
81661,0.5395774070723917
81669,0.824534539910107
81675,0.3447082157992996
81682,0.48650886680474464
81691,0.7502364368564084
81692,0.7528808988176157
81704,0.7197247036724043
81713,0.32392614573451695
81715,0.7679346261374471
81724,0.34427570499184706
81730,0.788115642905334
81745,0.5008951276291624
81746,0.814014733641658
81747,0.17890679879023086
81750,0.7842920861017405
81769,0.5599341301366701
81776,0.3502461782787649
81781,0.2209485340712188
81782,0.20397621577142225
81791,0.5659640397719605
81792,0.4575536158166832
81795,0.6563241834191761
81801,0.5528707742783674
81838,0.3057761299904308
81849,0.3533111883152002
81853,0.37556206677066034
81854,0.6579925578525778
81863,0.515236303583396
81864,0.6659672251695267
81869,0.7402328115095794
81871,0.4925187867657114
81882,0.18151720906071606
81884,0.7674919811861961
81889,0.43411630153020925
81890,0.5246549121705257
81930,0.3289246571111231
81934,0.3324010960422252
81938,0.36824208923570734
81940,0.37300217032957633
81945,0.5540888616552279
81947,0.2902515643803063
81951,0.47211310540139717
81954,0.5983255253749342
81955,0.5439318530721984
81963,0.6590258512733977
81967,0.545406803861952
81970,0.23260253411155693
81974,0.30978141457171576
81982,0.24764978767700485
81991,0.3957653428235208
81996,0.7879399533378401
82003,0.7632897829114261
82004,0.882324715894791
82013,0.2118325238085621
82019,0.43294798602297796
82024,0.3609304006361469
82028,0.6928009305021612
82045,0.28151156354130225
82049,0.24861970807554903
82053,0.7172572869861159
82064,0.8822852387531647
82066,0.4627369081511101
82070,0.8338205498029492
82081,0.42980156177067286
82087,0.44724910336033696
82094,0.5857440679590751
82102,0.5186553900635634
82105,0.6341791366311825
82107,0.8670656241608404
82111,0.42329396011420967
82113,0.34610545179119345
82115,0.18031975392749452
82118,0.47049613653947187
82121,0.021168128814260053
82123,0.7261426162264524
82130,0.6872778311182564
82131,0.48601551987517094
82148,0.7184525880085828
82154,0.1932664054351092
82169,0.10812585902355268
82170,0.4057857408707664
82171,0.2425630054307035
82179,0.7011442586913642
82180,0.7043680953689428
82187,0.41787069106763164
82189,0.6746382059355043
82201,0.38317860926225283
82227,0.37424034946977247
82235,0.6011187205975924
82236,0.5659974120494156
82252,0.8064007473627194
82269,0.5014841517674388
82271,0.6739825639986808
82276,0.7522212017006672
82282,0.2409929726737046
82290,0.6191608004624015
82295,0.24270722929712074
82296,0.36780917310678646
82298,0.27414755370844307
82300,0.9285877179938826
82304,0.7597114158053615
82316,0.8261765307297433
82324,0.7153569954081215
82325,0.8544651325431407
82327,0.8462368352555674
82353,0.7491726922276051
82362,0.07434144387208574
82391,0.742872452462031
82395,0.5210750120760044
82401,0.6383119833401913
82402,0.7897946012910139
82406,0.20410068034714143
82407,0.48627905849055764
82414,0.474210289912985
82419,0.14226932226088712
82420,0.8451100012939182
82423,0.7926629060491784
82428,0.6904560942406782
82430,0.7813204045891599
82435,0.7136505749770201
82439,0.5177606957353182
82453,0.330957620104716
82459,0.6423936402538479
82464,0.15205364339057684
82469,0.3251067458954153
82477,0.22909087293175537
82496,0.3481102948839773
82501,0.6587930877746209
82504,0.3404281857924722
82507,0.10411660573517395
82520,0.6417954716472125
82527,0.27069400430691637
82531,0.5953902123415575
82541,0.5352724999478825
82543,0.6123923433649556
82555,0.3952246453981383
82561,0.561684335360517
82570,0.24734233152354967
82576,0.2881493138574385
82592,0.37212990913614785
82593,0.5475986306996236
82597,0.3959806830963937
82604,0.8103228895517899
82608,0.07971226029379264
82611,0.7999821393390608
82612,0.6271297042624946
82624,0.41726028090166456
82627,0.5481650624220258
82629,0.3634400273226767
82641,0.1815952101883657
82666,0.26800152563546775
82669,0.7786100687760066
82674,0.43566604486942
82677,0.4402800168021967
82683,0.8668129282621588
82695,0.5211979344400856
82697,0.8978489839963585
82714,0.7796418541358242
82720,0.6047305967861379
82728,0.9527114818583099
82736,0.7471400367865196
82756,0.3855842258602515
82757,0.5158759485552618
82759,0.35798824610903623
82761,0.5766335004621732
82768,0.32679929444102834
82769,0.8811202451995734
82775,0.33098376639550237
82776,0.3384371936829466
82783,0.8662489157257444
82786,0.623928286147125
82800,0.8245535404752588
82808,0.9130477017414682
82810,0.5637063582690679
82823,0.23545141942552403
82824,0.6133505597969062
82826,0.8428587634819079
82843,0.9338522476438863
82848,0.7720234925828436
82850,0.31150420535820156
82851,0.3354727592543093
82854,0.2567390958135003
82856,0.37026556303535296
82860,0.8630208308902025
82866,0.6568806059921097
82879,0.32467015486388157
82881,0.5352978503917319
82894,0.5793378653009785
82898,0.500687879678208
82901,0.24899235133024705
82906,0.7000425696488567
82909,0.936938715122069
82912,0.6454045917083292
82916,0.3705365198238574
82921,0.026847784892035802
82934,0.6962150234315971
82936,0.6342702325462378
82943,0.6133817084431553
82944,0.3468571361740275
82949,0.820457740106626
82953,0.6494875509949701
82956,0.7480345368790263
82960,0.44050850344340164
82970,0.8233084238077868
82973,0.5031336976047291
82983,0.3146131259377238
82989,0.22805618616832485
82994,0.19160266540819024
82998,0.8231172829747815
83001,0.7363953750242104
83017,0.747625623734176
83021,0.12651243262811235
83028,0.6571501304627321
83029,0.5273563857307335
83035,0.15174883022784583
83039,0.2400062304779237
83043,0.19670725832357724
83064,0.8871353925964659
83066,0.7369498372584531
83074,0.277433947670158
83085,0.8580192504457814
83089,0.84098908376509
83095,0.6977125484494223
83100,0.6493709079809772
83103,0.6506363720401905
83119,0.6211108202878346
83122,0.4030699695866118
83125,0.8269020565225227
83126,0.12406353607192291
83130,0.6000127046142718
83136,0.43389351475592386
83138,0.25781948444994435
83139,0.7526969291779873
83147,0.5091213220343613
83154,0.5483893070943342
83162,0.26459558244383896
83164,0.6188067579047859
83195,0.3267916577126815
83198,0.8894491202914572
83199,0.4163241042151691
83210,0.46653722828117966
83215,0.41425157822246006
83222,0.7635038224975542
83224,0.586480892110897
83226,0.5600333230895242
83236,0.5137266642122877
83240,0.2800272101048308
83244,0.6251128401422859
83248,0.21183038930255216
83253,0.3165567975160715
83260,0.5361853335468617
83276,0.13181389999126247
83283,0.48481952786634847
83284,0.42833123847154353
83285,0.8196084222049147
83304,0.9283099379968978
83311,0.624077017599222
83314,0.34489184442799364
83333,0.8016245741496532
83363,0.7049193223053181
83370,0.4408972296633887
83389,0.46621679881662575
83395,0.5220520178171992
83399,0.1163306100518488
83418,0.42486769856635337
83426,0.5956219133651303
83442,0.7808017575655344
83450,0.2363944649280772
83473,0.5920044618579752
83475,0.48030687947281375
83479,0.8034103020389928
83490,0.7933414537163395
83497,0.3698123784568087
83498,0.2988082415584182
83502,0.7170633325496604
83517,0.533419432009313
83526,0.41543152067920813
83533,0.39742903292765536
83535,0.546432064491691
83542,0.7168347519348314
83547,0.7372615006434888
83548,0.4140084093533064
83554,0.835036319005567
83561,0.7152066334643308
83598,0.6796305089181364
83611,0.7012945124617705
83618,0.2483530986566793
83621,0.8465181193113125
83624,0.6361611145312333
83628,0.365648960441697
83631,0.9466299747570437
83632,0.433817103711264
83636,0.23018655337607175
83637,0.3947205547469171
83638,0.5863438810030672
83643,0.46014719532084974
83658,0.13208612115924498
83659,0.7305681658358129
83663,0.4331651837999534
83665,0.8508207780889205
83674,0.8494874619575867
83677,0.48116454066544573
83685,0.7447773074090676
83688,0.6276277391767592
83692,0.710842888448373
83699,0.5620785902557794
83741,0.22718717454130166
83742,0.6918527071799705
83743,0.758017005051108
83754,0.2816872867149338
83755,0.8441332811650161
83765,0.36376776610580575
83789,0.5261843878823426
83801,0.7394097324881103
83802,0.2802763029881186
83826,0.13698551065809
83830,0.6815328234707232
83838,0.6644921269661767
83839,0.5541174527476287
83844,0.6630011977897874
83851,0.6184573497782586
83854,0.06045058182430286
83857,0.6002447853445079
83863,0.23150023210301504
83864,0.7693589557497356
83866,0.8470901614225347
83868,0.45348672040310845
83869,0.4611770388008306
83871,0.6793301245812221
83881,0.37073761280805384
83893,0.12290449479145368
83902,0.22949186957381335
83907,0.4378682254889022
83919,0.2679899992097808
83921,0.2716088120615941
83928,0.8011236671723184
83939,0.6755667728507049
83942,0.2621062490297335
83943,0.9167160334601366
83946,0.7630885470898932
83949,0.2912798267452594
83963,0.5774806337259549
83964,0.5579262226368096
83976,0.626224710706698
83981,0.342903464273172
83984,0.6248061886845485
83992,0.5744177787100158
84004,0.7402985092050406
84005,0.5035525646580331
84007,0.46948902305440693
84012,0.6103990570335831
84018,0.6808723018519796
84021,0.8932456796409647
84022,0.6006311801156748
84024,0.516055931128531
84026,0.4291307933387021
84027,0.4209765078839902
84042,0.6845035360163344
84044,0.30721561787515234
84048,0.5326102371236284
84058,0.24820880971960882
84078,0.6950546630127189
84083,0.7112120795887987
84092,0.8111499703384005
84104,0.6019192089976013
84105,0.7736347668643474
84110,0.7283919673544585
84116,0.39922657763937347
84141,0.8256858091053468
84143,0.7478539501215801
84144,0.35530394996502945
84146,0.6972503152585788
84151,0.29341752217279715
84152,0.8375906834894731
84156,0.7256193832362434
84165,0.5764404095468622
84168,0.6485820968432159
84169,0.3233551083881581
84181,0.48577547941263566
84188,0.6148272110943985
84191,0.5723499634701465
84204,0.8032595880017543
84211,0.7332639363715286
84214,0.7484424363013823
84218,0.09133716755699836
84225,0.8024409769038541
84226,0.9397725588128115
84227,0.6384858907694276
84241,0.5074405116093245
84251,0.4653790380648735
84253,0.5660708774811681
84254,0.4683838916359994
84259,0.3846251967896084
84265,0.3900091055511414
84282,0.34008633531437316
84292,0.7752511263577646
84301,0.7381098227173656
84302,0.5584138090784848
84310,0.2576219685686364
84323,0.7886130638507928
84325,0.6974876922115963
84330,0.7771313153171963
84331,0.8079784750739457
84334,0.6080649651864205
84343,0.5800668049389598
84347,0.56600516276363
84353,0.5938116365645698
84354,0.3372764710605539
84361,0.672452883887579
84366,0.3834067864034147
84380,0.16896659894472787
84389,0.3264393263304345
84390,0.6401511490929747
84392,0.5072097708032969
84393,0.17170700982859832
84399,0.7182199427202113
84408,0.623501674636572
84419,0.4886748870125216
84424,0.2005665207363597
84437,0.08920533228406183
84438,0.5015934502354377
84439,0.667414020430979
84441,0.15660098979947565
84442,0.34622754952868956
84455,0.4961917651857048
84460,0.5579718022467767
84467,0.39555256143069845
84468,0.46464709141252114
84482,0.34143543599676884
84484,0.5394556631569812
84486,0.5339957429289004
84503,0.22995425414979961
84510,0.7658873791597269
84511,0.8543528814882336
84516,0.8508762391829419
84522,0.6339064205249418
84523,0.6558048981325473
84535,0.9135224405226386
84537,0.7096917229305216
84545,0.4986452182679528
84550,0.7448143635698912
84569,0.8732343816709616
84586,0.24221285335582118
84590,0.4720912585432965
84616,0.18323456500096255
84617,0.4915738409896111
84623,0.5614851185662032
84631,0.3115006911696649
84640,0.6960868601938132
84644,0.6661497015584747
84649,0.07620426457591506
84664,0.11206261747423334
84667,0.586203256017538
84670,0.27967457505613347
84671,0.5237599053565902
84674,0.29298537367539823
84695,0.6945996978710214
84701,0.7644162754308063
84706,0.42423001882000544
84710,0.38014253436657186
84713,0.45311123770339806
84718,0.45742989796873923
84732,0.4291998291277512
84743,0.6718849878545329
84756,0.38212022314830846
84762,0.64992359905751
84765,0.8995431562570213
84766,0.4151908353802745
84767,0.7856319062859752
84771,0.8040398631501577
84776,0.2629739477904456
84785,0.6342493505100477
84790,0.4888605146085462
84795,0.8134405773640166
84806,0.30244923726642237
84811,0.5688128571514525
84816,0.6911224949492438
84834,0.9698059086493099
84840,0.6868952183556314
84845,0.16864654932814654
84871,0.7314146043857344
84873,0.7819690306074277
84895,0.8719483050369536
84897,0.8393811337271255
84899,0.7714481338464374
84900,0.315474428514351
84907,0.6894135688621001
84908,0.6804266997509404
84910,0.519356550189684
84916,0.7269099776678858
84918,0.2348155343803425
84924,0.34010868263330896
84933,0.5068702177423028
84954,0.7345609247823108
84957,0.8241942536558019
84972,0.7378505816418788
84975,0.15316854002871255
84979,0.37718996202615185
84981,0.5919118667150375
84985,0.5288701241952399
85003,0.7079596391599171
85005,0.3581661673335464
85006,0.6211098814631321
85031,0.7715556994526632
85038,0.5576242758058911
85048,0.5494994450924906
85056,0.6304971317076158
85060,0.909239341532931
85074,0.26128773212346995
85076,0.23209774808111958
85079,0.48133940263327013
85090,0.5154025287597428
85093,0.6176759179460019
85106,0.6804917382069506
85116,0.5117762424487875
85118,0.709543539268458
85132,0.7366392155434129
85138,0.21144481059924983
85140,0.8673694207277053
85142,0.4904607145460869
85145,0.37403542866826217
85146,0.8160961325056583
85148,0.790379198866012
85152,0.5133869086719912
85162,0.8122911026306815
85165,0.7146534401413459
85167,0.5392409108336974
85168,0.23690361541914656
85170,0.5158707104732921
85172,0.5047394501996437
85175,0.03197053900883902
85182,0.682141189449134
85184,0.7873865964497114
85197,0.9324421071772943
85216,0.7533062922709433
85225,0.8848020455407081
85230,0.5624978864566336
85251,0.40403904197698715
85268,0.49111001698604084
85282,0.5014153872587896
85287,0.5263432455515146
85290,0.5397444815159832
85295,0.17955846691607952
85300,0.8942123286157418
85301,0.22734107707361753
85310,0.6822201483840374
85311,0.6693766254516751
85314,0.45693190992651916
85320,0.34104345345433157
85322,0.7115806555695169
85328,0.3504283344628633
85329,0.3108639085583998
85355,0.6310042847010138
85366,0.25028458019578786
85374,0.5307371285371221
85383,0.5563320035407631
85389,0.7760971887734072
85393,0.1245700761844769
85397,0.5565869891310905
85399,0.8156760857541266
85403,0.7350099451146256
85419,0.48701125750371516
85435,0.6084040225145266
85436,0.8436078627540275
85474,0.10793395774136916
85478,0.5439547651786962
85481,0.5677129605396892
85483,0.27826107987712123
85484,0.7274209295989342
85489,0.6768493516208427
85503,0.46611129410209556
85504,0.34021643429324
85521,0.42752248513979857
85522,0.6916547148664773
85527,0.4434520236536102
85536,0.6183492033976935
85546,0.6362694297682222
85548,0.4061691931683722
85570,0.907836685210533
85578,0.8783181733018395
85584,0.7043186677150756
85591,0.17343465709225733
85592,0.4065800102124514
85598,0.7456902292654056
85600,0.6681889924998629
85604,0.16755938634290146
85605,0.2731113357423375
85615,0.8946427108607758
85618,0.9636985465679001
85630,0.5085056228685777
85651,0.7302038407396679
85658,0.5642190131602276
85663,0.14143094404177076
85666,0.70543870494749
85672,0.7273261704994415
85691,0.2044798213988762
85694,0.4857217135203258
85709,0.7752764394697595
85712,0.6012090090664354
85715,0.24914290286866914
85716,0.426236505638908
85720,0.4914808571899945
85726,0.3192464568732753
85738,0.5960854190332753
85742,0.12168519629397925
85750,0.6583858188711542
85774,0.6602935830063886
85792,0.6301652178780559
85794,0.6953444836117081
85796,0.5552363290804112
85813,0.4692882111253911
85814,0.16176231871741306
85829,0.6264362759225607
85835,0.47105005395861643
85854,0.3428004862929249
85866,0.16285223618916114
85882,0.8108567160574186
85888,0.6252261386943204
85895,0.6070445864767338
85897,0.24770126058657166
85898,0.7326438483052102
85912,0.8822544176807097
85918,0.6171652819299145
85920,0.3987852676922468
85937,0.33574978047914117
85951,0.6098320709499158
85972,0.7364462504741882
85973,0.8801506330715476
85976,0.30341146876169056
85977,0.7561993593555371
85978,0.6096929349281425
85984,0.5558079156489742
85987,0.5733483866686401
85996,0.15307281184063895
86001,0.7049462514551125
86002,0.1918456848938496
86003,0.30473033372596897
86005,0.7219866230942112
86011,0.5098677689838373
86012,0.8880675788563505
86016,0.6926878730272634
86019,0.5493293709157797
86027,0.5379410463129198
86032,0.6274579681560163
86038,0.692107085238727
86039,0.92059734598671
86042,0.5451517170297033
86050,0.9030454989071645
86052,0.8881535765836155
86055,0.34596245019491956
86073,0.7379651598771176
86081,0.44718910831761893
86113,0.4914721814201779
86116,0.8804878098319756
86117,0.21631412616444345
86118,0.6639081930782631
86120,0.44890271616526106
86129,0.7362297319025607
86137,0.6099101907213006
86139,0.47087643672536356
86150,0.23132174381810483
86155,0.6636304596890085
86164,0.7871996002612405
86180,0.43114721437070963
86193,0.621592129700667
86211,0.23926236870230536
86223,0.48705282418107654
86224,0.48392044559792263
86227,0.5683970217367694
86228,0.5840316029392114
86232,0.8416077402784293
86233,0.5799975729984481
86241,0.3426587753006395
86243,0.21730986812743566
86251,0.6495080271380153
86253,0.4052455363783928
86267,0.19678053838049084
86289,0.40589127789498597
86292,0.1289846465597751
86312,0.563485859862096
86313,0.7231768831833563
86319,0.460177824931249
86337,0.6558228558839717
86340,0.35387487556949526
86343,0.4160317725887092
86344,0.6310014761892541
86350,0.7761435834079242
86353,0.41214819811749664
86357,0.2803392847842662
86367,0.9387857919238162
86378,0.5987032437769682
86402,0.7436649307904193
86417,0.3881563354975238
86426,0.5998228313175851
86440,0.4786296514194332
86442,0.4050620662224981
86446,0.5253106218603549
86449,0.5440607997471875
86456,0.5326246359053879
86463,0.3775849752300328
86471,0.4327365096381508
86481,0.776145913814299
86493,0.3909530037944367
86523,0.39873544549800916
86525,0.2816187459868051
86536,0.3875466864345601
86543,0.8033691241353086
86567,0.21209472330935164
86578,0.6511251957464652
86583,0.6399671131930621
86593,0.5635446917765068
86598,0.68486056221975
86599,0.26429561624258097
86600,0.35841409820237247
86603,0.530193028726226
86604,0.3901130484469227
86614,0.8760543228315346
86616,0.984103060202548
86629,0.5072684974552093
86630,0.6735967789187389
86631,0.638615624943807
86641,0.8203278026474955
86647,0.8565666006857471
86650,0.8706925894439526
86654,0.8499280745448887
86661,0.9081785065122001
86667,0.13930801007982185
86669,0.40564583825641665
86674,0.655730352195427
86678,0.7774543652590014
86682,0.5729310095432459
86684,0.6832052152934575
86691,0.7552144751342285
86710,0.34689219920923636
86713,0.8101202754766235
86716,0.7921229005056243
86724,0.5244289842865962
86725,0.5073484133628
86727,0.555875523621364
86730,0.35362064936112536
86732,0.7504582542060372
86734,0.1349145439099775
86736,0.8291247120173436
86737,0.29772367358974194
86739,0.828303089740348
86742,0.28172153114271353
86759,0.3796242992894748
86760,0.45882150204223304
86768,0.7893526978246636
86775,0.449741371924585
86778,0.7951988504744737
86782,0.6900822660596878
86798,0.631359610420098
86799,0.4798952741056654
86802,0.1357600036016206
86807,0.6410207941276047
86809,0.4014815356355394
86810,0.6551300227628781
86827,0.47106969767950635
86834,0.3031519542681032
86841,0.6004458195126083
86850,0.13014813672774603
86861,0.259668764312479
86862,0.6192304641758392
86870,0.47630020048244365
86871,0.7159561851376504
86876,0.777377245206349
86899,0.6158857065914638
86903,0.6389425446269086
86908,0.3157922257158027
86912,0.6681713879078971
86923,0.43503002857502016
86927,0.7955561865967957
86944,0.6473854198691276
86945,0.23550447335455127
86953,0.3761168179995154
86959,0.7369951905571966
86996,0.5972916352702246
86998,0.2456737320481738
87015,0.5654555642680726
87024,0.47442933854089747
87030,0.4417636619391515
87031,0.8110599039641364
87037,0.5252223873515073
87044,0.11856807536178475
87045,0.3778813038896935
87064,0.7026032130083238
87066,0.8419108709904142
87069,0.5821815584797133
87077,0.3252886618242237
87081,0.44276462510744297
87082,0.38540065447516114
87083,0.7098943554439135
87085,0.7203212377479591
87089,0.6855629705608827
87093,0.8157867722980509
87096,0.07727006377915609
87104,0.6006716855271907
87105,0.19547988151083132
87111,0.6426096188278211
87114,0.330063423843954
87118,0.6636129828138436
87123,0.25330528057995405
87138,0.794996826001167
87140,0.4125474930867262
87145,0.6570509270543213
87149,0.14543801830508898
87157,0.0712854649732524
87159,0.14175240177107387
87162,0.5959327025625974
87165,0.8000023485795744
87175,0.35013542602325687
87183,0.5900051262046244
87185,0.23105845642969408
87189,0.25506920405291444
87198,0.6221479690358086
87199,0.3111051161794728
87203,0.742874887071822
87209,0.6121249582204361
87212,0.6379473907499331
87216,0.3068933391967534
87217,0.8077367775849655
87227,0.7477114857600695
87229,0.18456025818610552
87230,0.3037638106768798
87243,0.32639616381565606
87247,0.2851192484823165
87254,0.6016718306949584
87262,0.11869695655352605
87268,0.36747658304435743
87273,0.2611737824122441
87276,0.7856329273407505
87281,0.8240771565252625
87282,0.7501747183483005
87296,0.6290714158167807
87299,0.9372161632886685
87302,0.325579161804619
87308,0.2525402378189658
87310,0.8098010770697788
87312,0.5553636699824006
87316,0.6491248579522748
87319,0.3311721107057438
87331,0.4311923112230115
87346,0.4767611622017017
87350,0.8590892797737933
87351,0.7665176118315938
87368,0.4365362145978583
87371,0.47698135403744796
87384,0.8038607049572191
87400,0.20165748599870875
87404,0.1381936884874342
87415,0.6935882506076353
87423,0.41828642438888436
87430,0.23800527254886902
87436,0.8105975348395348
87454,0.8618005422375505
87458,0.7252289989883678
87461,0.9372115146622207
87465,0.662700048297693
87466,0.526044047838165
87471,0.3832367840412781
87477,0.24461787243062216
87478,0.8364133114834552
87479,0.5171583312795998
87485,0.2029253280965686
87496,0.44683428134870884
87498,0.8166794235024174
87499,0.3231465975926942
87506,0.8229564590607771
87507,0.1744555687533569
87508,0.26252485078907234
87519,0.2792406722719782
87521,0.4346553846033742
87526,0.21426694984266023
87538,0.3372254233057223
87554,0.3935480802377185
87559,0.4963669092586288
87564,0.7154029363853827
87567,0.7372074970011545
87569,0.6874080683283076
87570,0.5003300677512809
87579,0.7774156666023452
87584,0.6632534716616162
87591,0.31590292144091986
87592,0.5337524192306539
87605,0.830855919485383
87613,0.5186565185427994
87616,0.6369499649827017
87617,0.3756335212921836
87619,0.5640319864538308
87621,0.37319835043868244
87622,0.14157569433130873
87628,0.7973682708036204
87633,0.579272585558972
87635,0.2784136116128813
87636,0.5223405520232072
87654,0.1509001097349079
87655,0.7946301153319666
87660,0.6261570615373714
87663,0.18541543026395574
87672,0.6299837016786244
87673,0.4042464716987514
87680,0.9121338293703982
87689,0.615694131081688
87691,0.36007130104843876
87694,0.8845968632403293
87721,0.29552174050941193
87733,0.7608101968764361
87739,0.21715969190148018
87740,0.3911609326130623
87741,0.08521853969064534
87753,0.5479546436522005
87757,0.8547516615625245
87759,0.8897875328423782
87767,0.659931831291798
87769,0.4108852861936534
87778,0.5390360249193841
87782,0.8111767839807671
87786,0.7092593104969676
87797,0.7831477566384667
87806,0.5033555050264931
87814,0.6928091070623578
87821,0.31080361984249133
87839,0.7477996541521076
87851,0.5437354113458691
87858,0.6800983985485447
87874,0.8577142332490872
87881,0.3342854511042291
87883,0.2339473361390984
87890,0.6317168876612854
87912,0.7846754001041569
87917,0.7190029982843333
87918,0.840378392852537
87925,0.6057466868611011
87927,0.6396666549937882
87928,0.5198669169370591
87941,0.2914628056249242
87942,0.2931750582406475
87943,0.3708999084046301
87944,0.8223155102464661
87947,0.5500754699083359
87948,0.5669612019257584
87954,0.5733641733177446
87960,0.8396282937430767
87966,0.29575941368087794
87968,0.5854915134444804
87973,0.1275659188343038
87988,0.3709559313073848
87990,0.30563690533888144
87994,0.4081633302104274
87998,0.37076603732635427
88000,0.8738122195668298
88002,0.6079443280493297
88003,0.5115406505438961
88008,0.22241015580320458
88009,0.7806356609827814
88017,0.47406628546849877
88029,0.5538574682510238
88030,0.7242201323156725
88031,0.6190634257018479
88040,0.6170290415292988
88044,0.09244495140897749
88052,0.7157309480773185
88053,0.6720637496692655
88059,0.7217898628512563
88067,0.5226023597308929
88072,0.5399315872443172
88084,0.456305592344963
88085,0.36523960315782505
88097,0.7846769084612444
88105,0.7991646334780613
88111,0.8703998211897576
88115,0.5354458140686001
88122,0.3738774679429426
88123,0.496115058317453
88126,0.2776724220148175
88136,0.15412416629778156
88156,0.47570579626949333
88158,0.8280883933214197
88169,0.46543153069287024
88196,0.5655529286204651
88199,0.18084255710399147
88201,0.5920140757241165
88204,0.6612414288117658
88207,0.525667781874056
88210,0.5389167548227971
88216,0.8035618040586613
88226,0.6950560847152558
88229,0.31147281931971266
88248,0.6515579416751416
88251,0.3650756654416662
88256,0.44530556273740446
88260,0.6371493173499041
88268,0.5276413812506431
88272,0.46216869656636683
88273,0.2250091764416777
88275,0.79049891204622
88277,0.45764075090195
88282,0.8511814181133821
88291,0.9673872977417426
88292,0.21144309776548872
88304,0.35056226245893046
88312,0.8307654241344706
88321,0.5466250559509405
88322,0.527585689676442
88331,0.7750908936355935
88351,0.5858572784801311
88368,0.2737497679250334
88370,0.6223906315040264
88384,0.7509758099160246
88389,0.6654980347339375
88394,0.6001528506082164
88397,0.817992039082772
88431,0.7005042673147369
88433,0.5413594716497869
88443,0.6181494930590896
88445,0.6492329377610446
88446,0.30818667720066567
88449,0.6865135416674425
88452,0.4346559317859583
88463,0.2402218601565038
88470,0.48813326805312046
88474,0.37720717605245196
88475,0.600303038110678
88481,0.34223013521029305
88486,0.6212142733312962
88489,0.44113955649714626
88493,0.37570154162875663
88494,0.04591351960177631
88502,0.31396501885071837
88507,0.2643940805231867
88509,0.4475733693215673
88522,0.7262289912824847
88523,0.6180490270382503
88536,0.6656108177764434
88548,0.42272277738280434
88553,0.5109778201663006
88554,0.5728547985801103
88557,0.5812032254502136
88563,0.1555248314557386
88567,0.521277717968997
88568,0.7307408012233001
88593,0.7460188854567658
88599,0.7003350313550071
88608,0.42007217897310983
88610,0.09857522276185388
88621,0.7834101400677497
88624,0.6789653876150873
88626,0.7677812786653956
88644,0.7532027129521797
88652,0.7150903476928674
88655,0.17844807460703038
88656,0.26593491163819105
88664,0.7484043729983756
88670,0.15613411897812782
88689,0.405053085348092
88691,0.7405588426106791
88693,0.26946523983807685
88694,0.2420482247320423
88698,0.5366227924464849
88709,0.8565209302964594
88711,0.7257000202460209
88725,0.15150653844293907
88728,0.464649045030881
88731,0.5485019825833715
88745,0.4760546057801129
88746,0.7609314345913631
88748,0.639188361394689
88758,0.7687471706270305
88761,0.537888126784805
88765,0.6514095603002233
88767,0.34519798967447024
88769,0.28485787904476934
88770,0.5922240543822688
88772,0.833029988389555
88790,0.8941508697256183
88805,0.6181020446663124
88810,0.46985198814159224
88825,0.8223629446901102
88827,0.6151710036103634
88834,0.9195949409735942
88838,0.44203251167463325
88840,0.1881268840057673
88846,0.7343460899971868
88860,0.45567798853515895
88862,0.5889136678729201
88869,0.7504398878593044
88874,0.5807841208949043
88875,0.35626372975515047
88885,0.5698902862278339
88892,0.6048235906453985
88899,0.18585932128863927
88903,0.6308083410969689
88911,0.827624312648565
88913,0.8731008036523462
88923,0.5195453048134924
88926,0.6797166075528955
88929,0.47421682055876124
88938,0.16943765601760624
88949,0.6729590407330488
88953,0.5226087689057688
88958,0.5905456972382473
88966,0.288235301910417
88969,0.45592445330992354
88972,0.18299662402180186
88983,0.4902806532588555
88986,0.10313299183855762
88998,0.5702272547207079
89008,0.7796238046531285
89015,0.7739331909884554
89017,0.48500827959351345
89020,0.5591857320743642
89029,0.4316058605866775
89033,0.4708529590892108
89034,0.8062419655157866
89042,0.6093267510138676
89046,0.3734018919529361
89047,0.5674058335475756
89048,0.45843842893139336
89055,0.33732878906597014
89057,0.23079614809986862
89062,0.6793300197363386
89067,0.6190298488065438
89068,0.04871746574270574
89073,0.5901453614917079
89077,0.5090993855608933
89079,0.3813617732471341
89090,0.6171614775156474
89094,0.5262917808184123
89095,0.5180006059452735
89102,0.5617766581430477
89105,0.18654459613205274
89107,0.013070047728137113
89110,0.503734161312289
89115,0.19838931263587378
89119,0.9326148573114441
89133,0.6422765372586996
89138,0.848812073980208
89139,0.256073941679203
89152,0.5244564155400199
89172,0.3129198612160986
89174,0.6028129038642681
89181,0.8536812862200351
89189,0.5319501480219414
89190,0.4627943950475429
89191,0.7530685809134297
89195,0.5633629314145225
89198,0.7855060294126424
89199,0.6917053577946624
89204,0.6243770753944973
89207,0.7723955399920108
89208,0.6262166148317512
89216,0.2912029174581159
89227,0.6929943698694362
89230,0.34803018732122837
89243,0.8066504850499309
89246,0.21935510430836141
89248,0.6083760264391509
89255,0.8257327495976153
89262,0.7135721277451617
89271,0.3541481073660857
89273,0.8227200581271795
89280,0.8813847139992603
89294,0.7264893099071178
89295,0.42242960689191067
89300,0.38797594280526665
89302,0.1311583266891402
89305,0.9075271346598325
89308,0.5226649883626594
89320,0.6930048975552324
89323,0.1498007008794133
89333,0.24762758718447206
89343,0.46897952976324286
89352,0.16406829064447714
89354,0.14314550301314308
89356,0.9330088604500364
89366,0.07198062164850434
89379,0.6619464668520554
89385,0.33323911884883606
89386,0.39069237159505177
89394,0.4321230713891605
89398,0.3973337639098527
89416,0.6603718724634475
89420,0.7982200431414426
89428,0.7874549193746376
89429,0.3260981292703259
89431,0.7601172676175809
89432,0.44966029479008407
89434,0.49918834174595356
89439,0.6284720068838543
89449,0.8439353775348333
89455,0.626102534623177
89475,0.11191702154559215
89482,0.6534055229415205
89483,0.7935691624938312
89488,0.7691778616476305
89504,0.3599347056011788
89505,0.17176155880984123
89512,0.35276968107886447
89526,0.9443625467889571
89528,0.32459601470267885
89529,0.13096887086864994
89530,0.7901379260232387
89540,0.35955593277322245
89543,0.23297650865114392
89563,0.6150031577168164
89574,0.8643288839046929
89575,0.30518331152551786
89584,0.15750461279433942
89592,0.6902012227703028
89594,0.7582266830810916
89598,0.5450964427265264
89604,0.5848932950647562
89606,0.11968173153035826
89628,0.704930217372803
89638,0.10330565201193916
89639,0.305309628726876
89651,0.5116328073473224
89656,0.08584542775988846
89657,0.2705514869233717
89675,0.8237163173215005
89677,0.750350060602356
89679,0.3383329186768068
89682,0.7463276271470541
89688,0.3371472643733148
89689,0.33488492630741606
89694,0.366017529802614
89695,0.3128749399476556
89701,0.4976028067294621
89708,0.5734121345441265
89710,0.4744128414559696
89713,0.6410890758521719
89741,0.5380731949599348
89748,0.46784876885160837
89749,0.7167803931983446
89759,0.8545840464288477
89763,0.444282317011647
89765,0.3619827549016761
89773,0.47897292132749836
89780,0.21377567288048144
89796,0.47963987134560365
89801,0.25917656937576067
89805,0.8823245264487074
89810,0.45683724560568345
89823,0.5333974019051472
89825,0.15570443944261206
89827,0.6917415944798724
89835,0.5427863548630221
89836,0.7424682427897481
89848,0.36675282660818664
89855,0.4961906855592314
89862,0.5091397580775325
89869,0.05056780795490138
89878,0.09607883964114246
89881,0.6627974865695779
89891,0.7595984710128327
89923,0.36349714086531426
89933,0.4573707143326066
89935,0.5614304500366866
89948,0.6192731965961347
89952,0.7076455686993834
89967,0.44188753366076183
89973,0.3692625821927583
89978,0.3954724330350112
89980,0.8186758973023851
89986,0.32451766845802665
89992,0.2077767345628969
90004,0.4010507687102789
90012,0.1937914881953699
90019,0.6955831180195203
90030,0.46447577271196766
90031,0.4811967369437972
90033,0.564112824505708
90035,0.7440385417534284
90047,0.7023218874037599
90048,0.41872691207912605
90054,0.898328552914754
90055,0.8776567439050074
90058,0.365739162675883
90066,0.6136074335444536
90070,0.33108083008057276
90071,0.32974737004628446
90079,0.5096730958758678
90081,0.29487739262224705
90086,0.2948920126381944
90088,0.45544143955002525
90112,0.9262465869242458
90114,0.7307289788595208
90117,0.6153750160092342
90122,0.5722729059564605
90123,0.46188577842376743
90130,0.7882009798509617
90135,0.6534842689427569
90138,0.325527148941554
90150,0.6142641904598874
90160,0.9509145920780617
90164,0.4881557945970555
90171,0.5980605990057953
90173,0.5393358812264915
90179,0.5587168577624035
90182,0.2238027315599921
90188,0.7460203930588588
90205,0.8143106802922682
90211,0.4569279968583246
90214,0.49704226093718235
90215,0.44480921326056305
90216,0.3453208494515486
90230,0.5946114313430657
90239,0.7623809006280967
90242,0.5278441704887391
90243,0.6387487737880502
90272,0.7053840350199818
90273,0.23186506757208586
90278,0.7532866588915937
90310,0.6506453106749588
90315,0.36978023244856406
90327,0.12538905257964175
90330,0.7644524009294925
90334,0.5469734629072465
90336,0.212556647385272
90350,0.13289445020048868
90384,0.45770283340103085
90388,0.6754156995733502
90390,0.5926722437385786
90407,0.7183129827562665
90414,0.6560562071587374
90429,0.6408498985195143
90430,0.14949970605341661
90447,0.6687828919973989
90450,0.6030983312596163
90454,0.21017657413728244
90460,0.7803013440300393
90475,0.30702453542184727
90477,0.7859945901397625
90479,0.39130979620427125
90493,0.6256215753299696
90497,0.3620814505019809
90508,0.5526236628866947
90510,0.8104766109750409
90523,0.593977662317608
90524,0.5497912545330037
90530,0.5029446910631036
90536,0.13919956130384709
90540,0.2470134729617414
90542,0.48578550382346963
90548,0.8453115798702504
90560,0.37068199721416806
90570,0.6926904109583188
90575,0.43881671449314713
90580,0.36236611700466126
90592,0.5573067261133594
90602,0.7160058090859611
90608,0.73606851909004
90611,0.8230075491477067
90613,0.5208258028861502
90621,0.5962968744831362
90624,0.7881639893159956
90626,0.4502252177382989
90631,0.8036686637781152
90637,0.5958249505933622
90649,0.3318670218890241
90651,0.7381022469349372
90655,0.8137275124774872
90661,0.055117920640525155
90664,0.5642493133026342
90665,0.21834432572342558
90683,0.5978502218235797
90688,0.803505871726828
90690,0.16985668265120338
90692,0.7236202323434788
90705,0.6090961439595484
90713,0.599492300039219
90722,0.4749186373289824
90744,0.3925887237638822
90752,0.4802662172626744
90753,0.358107136781964
90764,0.7526923170209199
90780,0.38801278738775263
90805,0.3913066708337823
90811,0.5915566161385936
90823,0.5781130736274995
90824,0.7503172460341286
90827,0.2696193928655449
90832,0.25880271963729456
90840,0.12624180185241052
90841,0.36066230652715386
90844,0.5220189149162504
90847,0.6399910967493981
90867,0.31217790864452555
90874,0.4483789187305228
90892,0.5290341100022553
90894,0.8367072520543588
90904,0.3369538636272111
90907,0.7037844319451784
90909,0.4562874953209312
90911,0.8182340414209752
90912,0.6075464421921252
90917,0.5364362796729777
90930,0.4394389379948916
90941,0.681615881297044
90969,0.5400810810798168
90993,0.30617606495044764
90998,0.8805033737067423
90999,0.8684395063178797
91003,0.537489086009055
91010,0.21150800579338122
91017,0.5408927682008474
91019,0.377197408356852
91021,0.38541969328899317
91022,0.5012018748849734
91025,0.39437576893863713
91030,0.42340124551155733
91032,0.36602259713978746
91037,0.3342157185903525
91041,0.852890118804474
91044,0.6286165392740604
91059,0.8653729969144999
91067,0.6728652605306323
91075,0.4384233187251401
91084,0.4447757441515656
91085,0.6360019115362641
91095,0.2950724254369345
91099,0.48070565040140323
91102,0.5672856624192409
91108,0.7427870285493945
91113,0.2582099853379974
91118,0.33482765747542304
91122,0.2721581401666677
91128,0.9464423142405988
91131,0.3743211626267312
91133,0.5865507274214958
91146,0.30013977012173365
91158,0.9360269338341458
91162,0.6295506592860121
91200,0.5189553339783957
91203,0.43372613148707584
91206,0.44372315383678906
91210,0.8053830344094154
91213,0.42029077718186303
91228,0.5342699745420628
91229,0.8962628386560355
91233,0.8925018630169435
91248,0.3222714789658503
91272,0.14366888591163607
91290,0.5791245328341795
91297,0.6824780844242654
91307,0.7226708769497546
91309,0.4165872291705479
91319,0.21968071476762613
91321,0.7417060865670305
91326,0.4323179375755365
91328,0.14484488504301027
91344,0.2825155985456141
91365,0.7898839639052652
91370,0.607063431287357
91381,0.6892741186759869
91385,0.5903643929476469
91386,0.5029573313083655
91389,0.3857829891845793
91391,0.5169388354348513
91401,0.5683143522708602
91416,0.6808223076749372
91418,0.3561268990300999
91423,0.6184129903829632
91431,0.5058982844280036
91436,0.5916670554598665
91442,0.6630435573415098
91460,0.5795538639550345
91467,0.6004446218956324
91477,0.5758848677773415
91478,0.5878653539309124
91480,0.4611834298333449
91483,0.7943877687372263
91487,0.4701940142565125
91489,0.49354233582154283
91506,0.21077737819589604
91508,0.44437535854068966
91513,0.6631396596132239
91518,0.12956581959424762
91523,0.7411387781761956
91525,0.4094779588362637
91528,0.605609137290736
91532,0.5201155737644142
91535,0.556758034863485
91557,0.16946194698006306
91559,0.28149124993594316
91560,0.5135226006286601
91565,0.1672604426872771
91566,0.7744559386492814
91568,0.22545538329511555
91586,0.7182045238673147
91587,0.8555750432181484
91607,0.8192788285657799
91608,0.3274595036191903
91614,0.41739476068955095
91620,0.8778682808034632
91621,0.7247981075937829
91635,0.4195133491691207
91641,0.5073484189294597
91645,0.7049638353793245
91657,0.4076326706585398
91658,0.3853734250820167
91659,0.5806891400087008
91666,0.3951283707467369
91679,0.6996668783788509
91682,0.7913512788633857
91686,0.41655292675600386
91691,0.24972815073921686
91693,0.6637393987574964
91697,0.19933603330347216
91708,0.6313541106174086
91711,0.24402051539215916
91713,0.3833936084366136
91721,0.4533721108867434
91722,0.30189834772143403
91733,0.8743936948424235
91740,0.08833960415809682
91744,0.5801180245306855
91754,0.2712331927883751
91761,0.7795755246036408
91764,0.3622541986549947
91774,0.5236126511864797
91784,0.07675563678665208
91794,0.46605141554357615
91795,0.6183761272172944
91800,0.6928153527573977
91807,0.2526850938195012
91819,0.35488983078461606
91822,0.7800421083109623
91826,0.5084884846389311
91843,0.2402757859148642
91845,0.6222278502954683
91849,0.5612461902557471
91871,0.10302261132439344
91874,0.8289424206538248
91881,0.3698849612669221
91896,0.41065487876719375
91898,0.7120790728851957
91902,0.8389920723825005
91906,0.6069130769354719
91907,0.39577380848612753
91914,0.5428250043228099
91917,0.6677524154536231
91924,0.44394916448210525
91933,0.8038009362999226
91939,0.6102775489240754
91942,0.6735925245817145
91943,0.6062916234308753
91944,0.2467250081392879
91957,0.5708686290315433
91959,0.9086733331364186
91964,0.5305053953009758
91968,0.8193157058946161
91980,0.20278119823769716
92001,0.18755329727662756
92005,0.5583631695135299
92006,0.16694012240593223
92015,0.8860590268936941
92019,0.4587361760318334
92030,0.7551531885969472
92031,0.11835033796611837
92032,0.6177611152157183
92033,0.34673850060590183
92036,0.5892521507433651
92040,0.6563037482695727
92047,0.7248794259775797
92055,0.4884547005224297
92060,0.754267744012807
92062,0.9085356005493572
92066,0.713223354968371
92068,0.5450202694018762
92075,0.6166808973868756
92081,0.6578466378565656
92083,0.3326602100467392
92091,0.5406866367158253
92097,0.407981488142428
92102,0.5866664098793696
92104,0.9285266630441359
92107,0.6562145832641558
92112,0.3927515671181659
92118,0.588228730059798
92122,0.22417472600736155
92124,0.6109938450863961
92126,0.8983026974372373
92127,0.7464756013839224
92129,0.16560270624173365
92131,0.6153894430831246
92142,0.44024382115638644
92148,0.7562758750787679
92149,0.5302103107375226
92151,0.8639374282585834
92159,0.5068414438243855
92169,0.6211175859321342
92170,0.43979912092817924
92173,0.7195128909428417
92188,0.6913999363579485
92191,0.3061903816249083
92196,0.623406288820623
92198,0.41451615226448935
92199,0.3221162621520882
92207,0.8925887019840812
92210,0.7534877086797651
92213,0.9663629006761064
92217,0.329210143329677
92218,0.4576452377500673
92220,0.5070717644429237
92225,0.14312374398225433
92233,0.7906158520934238
92251,0.6036587810159638
92261,0.5297011593702817
92262,0.8763327314104142
92279,0.6952105096567442
92294,0.19576554716040187
92316,0.20946775392472303
92322,0.6042439845794288
92334,0.2768257601079268
92339,0.34014081557384496
92353,0.21874146872602304
92360,0.6728487780714536
92362,0.5206345116080239
92363,0.10305277162883736
92368,0.2242494641826717
92383,0.3706994427251117
92385,0.5053741772999931
92390,0.5043196364368333
92401,0.1484936548589196
92404,0.7456664798729008
92410,0.07952298287940972
92415,0.6874462918113909
92416,0.6632240968905627
92422,0.10174847926472351
92433,0.621529606607049
92439,0.491769838731746
92448,0.7511423179820087
92456,0.5339419865630023
92460,0.7645623435045769
92463,0.6718252259161966
92464,0.6033668966740012
92466,0.2302017373021926
92468,0.810314839073575
92472,0.8122120772305711
92476,0.857422440820485
92478,0.5178078075939695
92490,0.5442435205387619
92495,0.16458208095152382
92508,0.44857071039693147
92509,0.07564145468675391
92513,0.12915712300129303
92516,0.668035100862903
92535,0.5756508170970323
92538,0.5862016205181906
92543,0.5388298820544559
92560,0.6292009196537418
92569,0.6378251756247946
92572,0.7529482985253197
92593,0.7928135133565386
92594,0.24977951636553525
92595,0.3638304605984306
92599,0.6891829443661176
92608,0.34171569660767653
92610,0.24297208271380974
92611,0.4113953131956828
92615,0.7323650204840375
92620,0.3595879254815106
92622,0.7625073054674493
92629,0.9261975133178643
92632,0.9460771453280973
92634,0.8057679811133744
92636,0.4494064085494586
92640,0.5450954575514697
92645,0.3713114350901503
92646,0.2937013008706905
92656,0.49502111088958134
92667,0.6373158528786969
92676,0.45207356751499805
92694,0.6336186454845046
92709,0.5219444959631687
92722,0.46535958008907763
92726,0.8384650951072736
92727,0.5452478037336043
92732,0.5809799776026112
92753,0.46404942372733826
92754,0.7712874425611322
92769,0.6576496122302422
92770,0.45562441033006007
92771,0.5156939183728024
92790,0.8706961775529097
92797,0.5065131864108342
92810,0.5643227446967761
92829,0.8560823931491668
92830,0.7313905209443746
92836,0.2153841658688191
92838,0.3555970435275211
92840,0.8607587025965375
92860,0.7543644468151398
92872,0.31877907351295964
92876,0.4308352025139458
92885,0.21306436728724157
92894,0.7039598424343738
92897,0.4551603482649486
92904,0.6713374155101896
92910,0.0493984683491635
92912,0.6658386812307001
92919,0.2934965811955865
92927,0.8235897391997371
92929,0.9341712510355497
92936,0.6340626291498938
92947,0.5934659740332872
92961,0.17713272651923506
92971,0.37600663124133105
92975,0.31911931345443567
92981,0.7755640568514741
92989,0.6663623209754482
93004,0.35089383867280777
93005,0.8887323657378995
93017,0.6022325637933195
93022,0.7168421660354692
93023,0.5201618986896296
93027,0.25878909818316076
93038,0.2969440040243959
93046,0.5861225819009261
93050,0.5769246070644866
93066,0.12598673512294115
93068,0.283145670257373
93069,0.7727617999488785
93073,0.734087848472008
93074,0.7365184849666528
93082,0.6460110635105822
93101,0.27028598147118127
93102,0.5475368376040705
93114,0.36074674741955814
93119,0.8998959336650697
93120,0.36795599840298293
93131,0.6521967539290877
93142,0.46362936205583777
93143,0.13786859145008926
93145,0.8227806660509397
93158,0.6055330711667488
93169,0.5341296413821337
93170,0.5069413074709788
93174,0.7442430070341961
93176,0.36997945359470247
93177,0.43081943219840346
93190,0.24140895893958972
93194,0.8812875934148735
93209,0.17744004207384992
93216,0.6027508158072751
93220,0.7552811437749698
93224,0.19234523768370324
93229,0.7388811337813187
93238,0.837266991102024
93252,0.6285258167131486
93266,0.7588892312916067
93290,0.22121654158029938
93303,0.4988053450277716
93306,0.6929292185961285
93309,0.39124860336151246
93310,0.48900268556594534
93314,0.7489657939484511
93346,0.6309610881330919
93352,0.8454315247919588
93362,0.2845963945349099
93363,0.5525056020459899
93365,0.5023557337611988
93369,0.4731294958423903
93371,0.4266124760268803
93372,0.4361051526378727
93384,0.6046865966975438
93392,0.7276770377217568
93396,0.35137041415075676
93400,0.6553966469844927
93408,0.45301734351215484
93410,0.8798749560036038
93416,0.4664223922833719
93421,0.2602151827665971
93423,0.4548969565094935
93426,0.30824635995769845
93430,0.5280810607163514
93444,0.4491726350924333
93448,0.09748483084913338
93449,0.6825798568368641
93453,0.6733560267296765
93456,0.46725032695731944
93481,0.4416019680480096
93486,0.33408713802898016
93490,0.8058894746820976
93492,0.917905612420226
93494,0.34450704301848106
93499,0.7725101423361744
93510,0.5114629620678728
93516,0.5049673393892464
93517,0.6680645418161212
93520,0.8926233478879806
93535,0.9193489741331102
93540,0.570246777686579
93552,0.6277512598427807
93554,0.3187542817499527
93560,0.5413686542433809
93590,0.7950213602280383
93603,0.15122165501031873
93609,0.3596220129990372
93612,0.577251356894142
93620,0.6022704256857556
93628,0.8152589689713048
93637,0.422830529448294
93639,0.49622820038693477
93644,0.2496921260748864
93655,0.680227764978903
93673,0.4463924581323189
93682,0.9200819890880211
93705,0.35736703381092844
93707,0.6986714613421898
93727,0.4476860804586642
93732,0.6541505917651188
93734,0.2824808656463152
93743,0.3054360422373881
93750,0.808610346364793
93751,0.5397576040406545
93753,0.8176937395130905
93756,0.5277976333201652
93777,0.031044944517901338
93778,0.6961077128587738
93780,0.18777891705815725
93781,0.5373378454707604
93809,0.3508428198388141
93826,0.7582000876527132
93832,0.6950583715174541
93835,0.4074984093508134
93839,0.7422750551227608
93853,0.0787424597422417
93855,0.17725944283862813
93867,0.509146271482196
93872,0.7195671761100689
93873,0.7176751220075885
93874,0.6840714389863473
93876,0.2845131472276321
93878,0.391599399891062
93891,0.41407096275332483
93907,0.6302211280227448
93917,0.3815715521334661
93919,0.13591322132615477
93921,0.2955189184622441
93928,0.42203558610977965
93932,0.09490099387144767
93934,0.5507721243589555
93940,0.19273108326915867
93947,0.1519688135661535
93948,0.3258936402835371
93952,0.9371397695911374
93962,0.8516637551321294
93969,0.9875470191914153
93972,0.10687804998549391
93978,0.5030509191834222
93991,0.5365033386981036
93994,0.5614398616478976
93996,0.6115945223325937
93997,0.8801754080707491
94016,0.6756984304430124
94028,0.2888579903263953
94029,0.5608140426284851
94039,0.38855930906799785
94040,0.44914034222356286
94052,0.3831850763682274
94054,0.833542573411855
94059,0.21324573236436264
94060,0.45567131153625046
94064,0.596040098897692
94071,0.6448732607571437
94072,0.3501157185047557
94077,0.6172454669943241
94078,0.4697259877979499
94086,0.843403208215861
94088,0.7956888175526549
94097,0.3433195181354863
94101,0.35989818412845076
94104,0.5624172015775905
94120,0.534804461979919
94123,0.8673639850643458
94124,0.38279605655593535
94127,0.5248797965618671
94128,0.39111979224989
94138,0.6083604391681514
94158,0.6595345871954318
94172,0.6425427789642678
94176,0.2220640122830792
94179,0.7230418987158513
94181,0.5417917790418514
94189,0.22569512547915832
94198,0.4300556621743078
94202,0.36710216438732457
94213,0.4275025841592051
94223,0.5822856432039487
94231,0.5518138021641679
94232,0.5205848721116436
94245,0.4124000357797306
94260,0.5299345341544273
94261,0.6891055542571279
94263,0.5684706190621877
94265,0.795419196248577
94268,0.4723561689495566
94271,0.4036393519016078
94272,0.7913002482351428
94276,0.2652274808310619
94281,0.5351313892167502
94289,0.7689338019616351
94294,0.8700822628833076
94296,0.4885372848142036
94310,0.1743964153220599
94314,0.17188832933881212
94315,0.13334902455598144
94316,0.31716702539457897
94320,0.3716601797520289
94333,0.7332645855685335
94340,0.7580968753272533
94344,0.7926421202402426
94346,0.5186522571953293
94347,0.7651330108511791
94365,0.3194680755265862
94379,0.2532911534880034
94383,0.5540826216931029
94389,0.6766983555816728
94412,0.4162972689995362
94413,0.5201085453365338
94417,0.39326714299843446
94433,0.31255215677453285
94437,0.19245936193555618
94457,0.36377066459600893
94460,0.7333589829140591
94471,0.06041622932544616
94475,0.6013849500142717
94508,0.1589577910886842
94511,0.3804496302560494
94514,0.627793912652181
94515,0.38041773513871924
94522,0.17539538422349374
94529,0.31553575429825503
94530,0.14291743847939484
94553,0.544425153569397
94559,0.6047195006130894
94563,0.7320630257977588
94565,0.5388715635911979
94566,0.6683666470525593
94568,0.15239376202507396
94573,0.7516961329832018
94576,0.32466190134272244
94580,0.4663731226956833
94581,0.45506425802391337
94582,0.6405073251546557
94588,0.4367850563475663
94593,0.5793455010882563
94598,0.6086113525795022
94602,0.7261876190635581
94604,0.37800220848872035
94611,0.9127698031117427
94615,0.34969435510007935
94616,0.4866263060700863
94619,0.8432053644903988
94622,0.835986191993814
94629,0.7737762224378905
94634,0.5518876665734427
94648,0.5010342368447442
94650,0.5016419984219991
94671,0.23356323425996067
94677,0.42857018409648245
94697,0.43077685932522297
94706,0.4508046559894263
94711,0.5572478002030569
94712,0.7208963173359356
94724,0.7804023836893244
94726,0.19055533314487458
94734,0.5806672880215495
94737,0.3758757263816143
94740,0.4710172282368377
94748,0.3880892044542451
94751,0.4408417439019073
94758,0.66587987493988
94761,0.5953013343125797
94765,0.9095253314683931
94770,0.5360593500417528
94772,0.32456552516522674
94780,0.32443574407709896
94782,0.3559186109399838
94794,0.23345650847686714
94805,0.6389344676672167
94806,0.5355502364029893
94808,0.710901272940438
94822,0.4910804523292592
94823,0.8175664530909015
94831,0.6956770378599221
94836,0.2365981058242398
94839,0.792445549117297
94845,0.32835601433316347
94847,0.734458248427748
94849,0.3346965467390238
94860,0.553715059419921
94881,0.7363833068574518
94885,0.11553851790915386
94905,0.8760824708584811
94907,0.30684118595850146
94917,0.7786172401023632
94919,0.8858697034097628
94931,0.7977042463458182
94939,0.1372160020816481
94940,0.6690216658322821
94942,0.9022627409077241
94947,0.6299848654047941
94958,0.7093477423491601
94960,0.4150259122108311
94981,0.7847981596527349
94985,0.24246433050715682
94989,0.4203999434922087
94997,0.46126877483648016
95006,0.5143962464549999
95017,0.6910314891180033
95018,0.5306263324248903
95022,0.5800781890734237
95024,0.7307901261184632
95046,0.8279015128238133
95061,0.6910805480318107
95064,0.12287047100970441
95066,0.13248515027926783
95078,0.7798558894237569
95082,0.5657677028325774
95094,0.3549763121476779
95102,0.2544310836228178
95103,0.7402344536814708
95109,0.28311141792487304
95115,0.413329293430968
95128,0.7397202956446229
95130,0.5678867783268059
95133,0.25930360733576274
95138,0.6838974664442948
95140,0.42465555618441825
95141,0.41286846973042773
95154,0.5283515622947105
95160,0.6577983788340368
95170,0.5155971741812156
95209,0.5035000858673053
95211,0.8669919809132682
95216,0.2553235043967067
95219,0.6397011590264045
95230,0.7837859506596032
95233,0.8476567228416955
95238,0.4710148908650303
95254,0.652076607625002
95256,0.3502663252415679
95257,0.26128355490578903
95262,0.5362762015796221
95266,0.5461910254823134
95274,0.23451781883121858
95280,0.5067434778950126
95303,0.5223861735259776
95304,0.38076557520629245
95308,0.3678552213189499
95309,0.4303861922329032
95314,0.4455033205343091
95319,0.4465954130624126
95328,0.6909675286726021
95347,0.26244608240538014
95349,0.7032135399873801
95350,0.610637439035664
95355,0.45317781936661555
95358,0.17911062244998538
95360,0.4919521953863625
95362,0.6886082846417158
95366,0.8373909064403575
95369,0.6660755366107813
95376,0.5140896447044704
95381,0.5248396503668087
95387,0.685672959384642
95388,0.7846944869730081
95394,0.5570897360072599
95399,0.6029791963888239
95403,0.06626580679876608
95406,0.8427373335653432
95409,0.5134940372756335
95421,0.5681129878385969
95428,0.715618191753454
95432,0.09886215970069971
95439,0.7945172683766152
95455,0.7248506688945364
95486,0.5777815884524599
95497,0.7342839165357935
95499,0.5279184614348812
95518,0.35545508899814016
95525,0.09734603071241443
95539,0.6869057926581873
95571,0.18689356646482014
95572,0.9233313490322791
95575,0.5735840548226746
95577,0.7606020290421857
95580,0.49197613112930555
95591,0.49855220679765455
95594,0.14179720550553018
95601,0.5178247637244187
95603,0.7569553492665998
95607,0.2569998196226551
95610,0.5890248204199681
95620,0.3981027411350846
95637,0.6421363134824601
95639,0.7748953086061436
95652,0.3634899132818152
95655,0.6165191384803516
95675,0.48406885924389526
95680,0.8492019044543156
95682,0.7820738140772483
95683,0.6694530097478618
95687,0.7148772005499645
95692,0.863196444514242
95695,0.2570873488225913
95699,0.5360605606748692
95702,0.4797201793908259
95703,0.691296459875403
95706,0.3477693800597107
95714,0.6094586817244986
95718,0.8829458640522838
95728,0.34721548479104514
95737,0.522665544959758
95750,0.8273664868158498
95751,0.841805082255872
95760,0.5426908752517411
95765,0.4244179456756341
95770,0.6076459526717617
95774,0.5750373920230758
95783,0.8620541091668763
95799,0.7476624956212078
95802,0.13412600232179495
95803,0.6528145667977479
95804,0.6840909494054703
95815,0.4604985507274234
95816,0.22945319176807058
95817,0.38745953399935146
95821,0.9762683513171951
95832,0.6750588674734597
95840,0.35748404785703913
95841,0.43289458057736707
95842,0.3901394815213515
95855,0.2736201778706395
95856,0.5491943207362665
95884,0.7608041388235438
95886,0.3955314306962707
95896,0.49628102320298617
95905,0.4481239981191393
95906,0.6217775960974735
95914,0.935264159308166
95918,0.3874604721317125
95923,0.38314024040106287
95939,0.5805230610109942
95947,0.42172301256271316
95963,0.36628293418098523
95965,0.5669574972430581
95971,0.44345654574283555
95972,0.223300554167203
95976,0.5851772896132765
95978,0.60977764439843
95980,0.19146587876170584
95984,0.5253154264052401
95987,0.7569604990573807
95995,0.2799795437804115
95997,0.7409150233003533
96006,0.6018588141664436
96007,0.6355808558362198
96023,0.8748355098368685
96043,0.5430577630802048
96046,0.6487303801470087
96061,0.5661616899272933
96064,0.6836657350864168
96089,0.6610746083155211
96092,0.5951794707454925
96093,0.30904957903401387
96105,0.2572864718348738
96108,0.6749994972271687
96114,0.4974994987813951
96116,0.7090286069282271
96129,0.6121576404939739
96144,0.5186233502238236
96154,0.11236254877017718
96155,0.1723857389953798
96157,0.7071792082784046
96159,0.5921133546298317
96161,0.43949955284055525
96177,0.26461934178033175
96186,0.37061725964548886
96187,0.4444400266324122
96206,0.7142888069413987
96216,0.7300241670104743
96217,0.19641683930600914
96223,0.741561629353963
96229,0.45697893043835774
96230,0.6409772129178749
96231,0.38802600865561976
96235,0.338186559020816
96253,0.5282016887167541
96254,0.400678350127169
96255,0.5885850070597348
96279,0.7805613114655476
96284,0.38902000697326106
96287,0.5587939395405253
96294,0.38058847405307966
96307,0.2064345917042949
96316,0.20996710540097002
96336,0.3043210729074472
96346,0.4180615131633883
96357,0.49158178035327993
96367,0.5231917419556407
96375,0.34927431014654237
96376,0.45087473121779625
96380,0.30144772764563926
96401,0.48128668584770046
96418,0.8972782265719782
96442,0.5473288589884442
96443,0.6030848964615111
96444,0.4685521209467455
96449,0.5415953845772269
96450,0.7746369539563777
96460,0.6216321289542052
96466,0.867542891788877
96482,0.2422506245315284
96499,0.43992725799620164
96501,0.40337725884270714
96505,0.6215052822084627
96507,0.8313085935521544
96508,0.5936503277092166
96514,0.6105328008366624
96518,0.45731344979467575
96524,0.7669135925526709
96526,0.6492561495001739
96536,0.5801277199010917
96540,0.37499290572778177
96549,0.6948371988892155
96556,0.7245507079253848
96563,0.2795152195719143
96564,0.4603299898901891
96567,0.3197136983991475
96570,0.4933908402988211
96571,0.8648090306906944
96578,0.239925528270192
96579,0.6342629061935952
96581,0.7791023396975915
96586,0.5734590241100864
96590,0.8967855814337347
96595,0.6333896262656462
96604,0.6786384722949887
96619,0.5354988781080555
96626,0.33079350315253786
96636,0.19126614905991737
96637,0.5003840572466031
96642,0.3075667152767751
96651,0.3382592478690685
96657,0.4794796386127703
96675,0.6010472578572134
96692,0.1889965361946067
96702,0.18864865485265309
96703,0.5202475286524914
96704,0.04820662934737811
96705,0.4268381757430293
96715,0.416555362979697
96728,0.45982405035747187
96744,0.5163588941074774
96753,0.21310323707990614
96761,0.7111862432981191
96764,0.7535541741993256
96766,0.3323248175660543
96776,0.6146896715345109
96782,0.6180651494501748
96803,0.637325633294385
96804,0.8138311786853252
96811,0.3994641449811191
96821,0.58907158706032
96822,0.5732513436679826
96828,0.6858672998762794
96835,0.3993201580524399
96837,0.8339736760910986
96840,0.5834135274791767
96841,0.3525353663103763
96846,0.4605878290738804
96851,0.638446259442024
96852,0.7019270113170225
96853,0.4081333077229732
96858,0.6877079563832191
96861,0.31482094657670484
96863,0.8285972392633303
96866,0.3061464478836157
96887,0.5897949984186326
96891,0.44622716270144036
96893,0.5517545516862016
96901,0.7428942209751953
96902,0.43838492741202745
96910,0.349491989245301
96921,0.6045724884002063
96934,0.5191531945998296
96960,0.2109108655211508
96963,0.7231031972710605
96964,0.8701681674142552
96987,0.3377225597724501
96994,0.6744402028148034
96996,0.5513863928166999
96999,0.5200182388465205
97003,0.33688409992412943
97012,0.5284892133538476
97013,0.2845571256243367
97014,0.17436510867228472
97019,0.34590455028791195
97029,0.5530987614306685
97032,0.52828062344719
97037,0.3476482772967283
97054,0.6074380169905669
97055,0.7791188639524403
97068,0.42213814848964537
97072,0.6217647602363855
97076,0.6890748027295582
97085,0.785567973889328
97088,0.4151692062387334
97100,0.4112842690726764
97118,0.8505466098661226
97137,0.30116881901990683
97138,0.22152733648230613
97143,0.4068426715853406
97144,0.4145958834216065
97145,0.5463509840945184
97152,0.48469037143659977
97153,0.21045095153264504
97154,0.888308314094867
97157,0.34736554745180825
97162,0.6688702555792213
97169,0.6937632183018042
97185,0.4311892689598978
97191,0.8054452506013368
97211,0.4887935998286332
97213,0.45087473158841945
97220,0.9380792374191028
97227,0.3810982723907365
97235,0.24563308992425958
97240,0.4044194331362044
97255,0.7084184768045547
97260,0.6720949235830168
97261,0.4093014721658705
97265,0.5448300963962989
97268,0.45355813965048947
97273,0.14508028934390446
97276,0.7227963719393692
97277,0.7550740662833415
97300,0.7463002782628744
97302,0.6187137472671781
97304,0.4652267386089305
97316,0.3434175377197759
97320,0.7882581330789082
97324,0.48004205197399175
97336,0.364803630734084
97346,0.4089528089742509
97358,0.47005071700375844
97363,0.6410016942762293
97369,0.9429152044655313
97374,0.2061396331840973
97377,0.4057870089504926
97378,0.8620227606432674
97379,0.7301367146411915
97387,0.6089216309036789
97407,0.3415646870762003
97415,0.46982502981268204
97428,0.4791269757603716
97432,0.19447250890771323
97444,0.24481357148889993
97450,0.5348905588858394
97477,0.6714358525422087
97478,0.7069434812150912
97480,0.45146080310624015
97511,0.43398888598087487
97513,0.7478722253127146
97530,0.5491568809768633
97532,0.7062448813301785
97534,0.47782455286325004
97535,0.7164284867142917
97541,0.6744370905808726
97542,0.29251835707087676
97551,0.4875217998986352
97561,0.8554564155367337
97564,0.7417777005007613
97578,0.26933530024667424
97582,0.7199694959866811
97583,0.5200839653530778
97584,0.6907394069040026
97592,0.6338357619675973
97596,0.5242872749461469
97604,0.4957285821407351
97606,0.6472522398732925
97619,0.6107146798004435
97632,0.42384678246105534
97633,0.942663143289157
97643,0.4625475635610505
97659,0.38271062783689946
97663,0.34896551759538075
97664,0.6740215517061184
97680,0.7991161100895535
97689,0.6520379586991765
97694,0.5821505491703431
97699,0.6589636968097995
97701,0.8124080446918467
97707,0.6206086075790334
97709,0.7227499716499859
97715,0.5706011825032926
97716,0.5680686246580463
97717,0.4369605543379819
97719,0.4864951877965729
97743,0.5180012215241934
97758,0.673617961235419
97759,0.7641439401569341
97760,0.516549439010857
97761,0.5915973525213998
97768,0.35909715542599074
97771,0.8132572185740281
97773,0.3525456196071287
97776,0.26569842646059255
97779,0.8331440182196449
97780,0.8081295770337765
97792,0.6442360353986037
97794,0.5399356639436848
97808,0.23132984237513782
97811,0.6807038381723691
97815,0.5198294468535325
97820,0.9383565109550397
97821,0.27964552332462933
97822,0.22932922561100338
97824,0.5397998967267047
97830,0.3912399465678347
97834,0.49242132289658624
97835,0.6155944652611051
97844,0.6549523408051701
97861,0.4578149796950579
97866,0.42244999402558214
97876,0.6343271189997395
97888,0.7856957523248829
97891,0.5982596752089565
97893,0.7054520707893014
97898,0.3630924314956225
97904,0.7729086350815813
97905,0.38705921301938523
97915,0.17900144287339276
97916,0.8224584522741567
97920,0.5557747931145094
97928,0.8746728361838149
97948,0.4319329833915299
97960,0.5645339100655216
97961,0.5613314615228099
97962,0.13641643850361249
97978,0.9219740477858579
98002,0.9199234896383606
98005,0.8709830023573516
98016,0.42135764724841773
98021,0.4036960143501681
98023,0.4276550172362697
98048,0.45127410185650135
98051,0.4206438111735303
98052,0.4069755902707366
98063,0.22476936752053683
98070,0.1543881309990029
98079,0.6826349310800599
98083,0.3261428633937187
98095,0.428861548705775
98098,0.7945672976593695
98100,0.34888734002014793
98102,0.4583054565546133
98108,0.3283399842574941
98112,0.49732917644470975
98113,0.28513643339071804
98114,0.374426027339466
98127,0.3727582576480949
98166,0.2386351280213136
98177,0.7457363520285127
98183,0.26022363430588263
98196,0.07425277241536857
98214,0.25663656862962747
98222,0.6982316019539095
98226,0.6920823636342488
98235,0.7156073246767091
98240,0.3323377638162759
98247,0.4144536362953208
98252,0.5401228822662623
98254,0.5341555400323402
98264,0.36047382177534937
98267,0.9394017670112393
98270,0.7744713094713922
98271,0.08106617294277442
98281,0.5025251120351951
98284,0.7032496818945778
98292,0.7354231782358014
98294,0.34445890091946196
98296,0.7833836777165759
98299,0.5807459103709529
98301,0.9563114132188069
98310,0.3379261492870583
98332,0.7474637419062761
98333,0.5696187743969959
98338,0.49482489250088124
98341,0.42658903006244114
98342,0.3747435643168752
98364,0.6050558468589585
98378,0.86987177985019
98394,0.10809811991134383
98395,0.24758774890154234
98397,0.8520376208975572
98401,0.3766810676281002
98429,0.12203968904604864
98438,0.2855796263667029
98442,0.4246688756272024
98453,0.6129570748873194
98454,0.46364366301779364
98456,0.3226957799527291
98481,0.6714459919584076
98483,0.1228167598550092
98494,0.8048317643217708
98500,0.6504158832269744
98502,0.44578865586297817
98503,0.8026309136618766
98514,0.2553052432215548
98518,0.8327317796320718
98539,0.4052814134328448
98542,0.866261859484274
98552,0.32193357118612353
98555,0.8242564277461222
98563,0.3939384395456001
98564,0.33672066297581876
98570,0.7105771241607207
98575,0.33449912429869444
98596,0.5800553319808607
98602,0.6058114003032721
98608,0.668305304554275
98609,0.7650238886274522
98610,0.3372215215901005
98612,0.9535714570934412
98619,0.14699098555811288
98626,0.6928290850862804
98649,0.5069833304410919
98652,0.4860211994394694
98661,0.27636543826633886
98667,0.3869865594568577
98673,0.4665271498702669
98675,0.6332267195519106
98680,0.8708082724182371
98685,0.7405347486579227
98687,0.5581705740166154
98692,0.8818829913440601
98724,0.6967084309849062
98728,0.8105079388022969
98730,0.7137868447730261
98732,0.4508589273700127
98736,0.7024252570407031
98738,0.37777944967844473
98740,0.8660699156623364
98754,0.5633259523788933
98759,0.5001697818606888
98767,0.6766657117026115
98768,0.5177687238002121
98775,0.5309576411245533
98777,0.5307318753409558
98798,0.9211373593994783
98807,0.34359420375667254
98808,0.19913953610438678
98810,0.5126778487181697
98820,0.761405754659762
98821,0.16012441542370195
98828,0.2066567987349682
98829,0.3742427874024749
98830,0.6057739284073007
98838,0.22733866886887014
98847,0.16426409380135107
98883,0.6925115252800937
98895,0.7963502432198302
98899,0.5118182220651631
98905,0.8725126413980662
98909,0.26991224930764185
98910,0.7545214880551339
98911,0.6311733254129439
98913,0.9051176615327418
98916,0.7727698953270177
98921,0.6291433796590183
98927,0.43630808304029955
98936,0.5312763499548177
98939,0.05767295605974443
98945,0.8269963236627424
98947,0.32582871466907243
98954,0.7133492846001445
98956,0.3688198508668215
98958,0.32504291497985843
98959,0.03508617963824492
98960,0.7702035820962605
98969,0.7299894734308829
98977,0.24456778734386025
98983,0.6116893130491919
98990,0.11397713881986164
98998,0.7655594687090435
99012,0.5358507244909518
99015,0.10186163217313246
99018,0.7455444061591027
99024,0.6540218861437985
99027,0.32962206028401286
99036,0.258046985667872
99043,0.5893457284729544
99044,0.27922288062211065
99049,0.49719476142268576
99069,0.6360089558662702
99073,0.820022222215568
99079,0.7330087801116218
99083,0.30358876677262764
99092,0.4941045078580373
99111,0.22781658908370367
99116,0.7154060009663276
99122,0.5717457830614524
99128,0.37515145344264705
99145,0.5601128611402001
99151,0.5116528526687468
99158,0.3253293418079918
99169,0.29170538491010156
99170,0.77337400820723
99171,0.6105922179766816
99186,0.4950789906370316
99192,0.6604865043489019
99194,0.8069884930411793
99196,0.5467338434225174
99200,0.06791297287151335
99208,0.30701343916109153
99222,0.5158334186449922
99230,0.3260194867593383
99234,0.46577849700151425
99238,0.9162388333113458
99243,0.14885332750042785
99263,0.36891510651102266
99267,0.5704633322512233
99269,0.44856508619466856
99284,0.5763550854496706
99287,0.6367722487565463
99289,0.5963017333545654
99298,0.3404434329127474
99308,0.49321386068033557
99309,0.7328046337307489
99312,0.304916924051481
99318,0.23983314074796686
99326,0.4462738261331917
99330,0.2184269517304265
99351,0.5023384761022084
99354,0.6980422050192543
99359,0.3235279675866667
99378,0.5769914472876533
99381,0.4510058789059991
99387,0.5788133166186706
99388,0.02993847978407226
99391,0.3664288994522335
99395,0.5843838175616473
99401,0.6266090240574175
99402,0.2646478508371366
99424,0.25479429455565283
99431,0.4579911351939815
99446,0.7667435019067838
99452,0.5467862173943422
99460,0.8134454286367921
99466,0.37849490678459696
99467,0.4639522914543882
99472,0.23762230016707628
99474,0.6566524585711746
99475,0.3714583997010439
99488,0.20022690646024308
99493,0.5505504594211346
99498,0.8612659384522783
99503,0.7709363673994427
99507,0.17200853250244674
99508,0.48639728752379463
99518,0.6157484209721765
99526,0.4027367170419252
99531,0.9364665649421121
99534,0.8179546068205097
99536,0.8383033266563896
99538,0.5474744255413245
99542,0.8300197039332198
99558,0.18932924751744112
99570,0.3847243188917606
99591,0.615961392928761
99595,0.7976575414936806
99598,0.3746335684324612
99608,0.3109465385867992
99619,0.5940845680438367
99623,0.8462684365088402
99627,0.6728723178866914
99637,0.7267473388051433
99638,0.5998334788957421
99640,0.37293371634527406
99641,0.43042489454233346
99664,0.20864809876294949
99676,0.5276339211110395
99684,0.834880042973079
99712,0.37122239961838777
99713,0.8444267376161807
99722,0.6658445336577647
99727,0.22765129858783303
99730,0.13556298973616104
99736,0.07862372788630494
99737,0.4474886227688652
99740,0.5090628731753285
99751,0.21789607279654374
99766,0.7162694618326536
99770,0.7781944496847408
99776,0.5359401801161814
99780,0.8532473530949575
99790,0.3001124936732974
99793,0.7493148644200813
99805,0.86882596621609
99811,0.5701606695415047
99815,0.47515347737238334
99820,0.11623726537146334
99829,0.6945004789663487
99830,0.3997123801911878
99833,0.6845006085671109
99834,0.34134732039662147
99838,0.5295290835713452
99852,0.4198240779679142
99857,0.7307687584023685
99885,0.28896369168888436
99894,0.7914314183765104
99899,0.7526810618219117
99901,0.44391704346930133
99903,0.6671290467831293
99919,0.6764909991400246
99921,0.5636557836825755
99924,0.5780768491322785
99927,0.5221024492666677
99932,0.65255174392898
99937,0.8958550719124504
99944,0.4784075690577546
99951,0.8308345114026602
99955,0.6616066555915275
99958,0.03294501258670919
99960,0.32037746739096545
99964,0.4001749134279572
99967,0.3813215656665544
99974,0.4454936099008067
99977,0.6376916392522113
99988,0.46260989673018915
99995,0.644926948214918
99999,0.7608829698991522
100000,0.368261859849163
100003,0.1276123965138292
100007,0.4644541050185024
100014,0.2861908408612304
100016,0.5217544423715738
100019,0.6115463139922224
100024,0.8552304621877781
100029,0.8507247793913713
100032,0.6084228787771641
100035,0.21299190636715581
100052,0.6498677994442817
100054,0.6376283374167346
100071,0.5378442880236711
100082,0.4253766346553055
100087,0.8455183129779819
100088,0.2531644831717043
100099,0.5717239818931517
100101,0.310270020574582
100104,0.4996897377275354
100105,0.8821837568863684
100115,0.25975666721961166
100126,0.8452922338532407
100133,0.7197906581497441
100135,0.5606373225985203
100144,0.3312671924313267
100159,0.7072603548766704
100161,0.7364165818856119
100164,0.29554339326878754
100169,0.17082798510188116
100171,0.5232622203977728
100172,0.7953944831818016
100181,0.850289387715076
100182,0.8516725710072115
100184,0.6410557145464418
100186,0.6495506195831551
100200,0.8351523918452963
100202,0.6345202441984735
100204,0.9428664745458166
100216,0.29395670266688045
100219,0.8858420421459648
100224,0.8884175360529436
100235,0.22329513854115718
100236,0.3116250906617809
100238,0.6260203724142598
100242,0.4638400940406699
100247,0.6698514740719964
100250,0.8086075874866717
100254,0.15075830651931219
100257,0.24873871867398034
100259,0.5823899474576156
100286,0.7501387452492471
100290,0.5643426911019732
100291,0.32041995307636
100305,0.44987709576571056
100308,0.28060330714061815
100312,0.5828179075302974
100326,0.5829023650431882
100330,0.8375689822807837
100332,0.9563413860315575
100333,0.5119790395801618
100338,0.6555683788859328
100351,0.28360539495565545
100356,0.5486379247596698
100357,0.7282823121490289
100358,0.12680740735279342
100369,0.6682983971507207
100376,0.36881707915618733
100381,0.39619819213129137
100388,0.698199357954204
100393,0.22383850932393698
100404,0.5749705506725621
100406,0.38116140719157654
100408,0.6213620142285593
100418,0.5119695132092064
100424,0.7120739576583345
100431,0.7935887512582168
100443,0.5086747881157879
100465,0.6444648542277135
100471,0.3266269262590007
100475,0.34908241314093513
100479,0.47783369176786716
100506,0.7226761796934323
100509,0.6726184461538625
100513,0.1527174338007659
100517,0.793713244133302
100525,0.4261610215487339
100528,0.27511222431382637
100539,0.6132692945210974
100576,0.28811227244377136
100579,0.7288813350038661
100584,0.6447087197156294
100587,0.36256523274164976
100594,0.6267241227556428
100605,0.43745894062757135
100612,0.4462332261809285
100623,0.4951773910494523
100624,0.780918259654424
100636,0.13840461785695915
100652,0.41904186009553196
100657,0.7542364536496521
100666,0.21088176551540241
100668,0.4651871444641508
100676,0.53862262301603
100680,0.46284808279042045
100683,0.5665673317518373
100692,0.3779266572859829
100693,0.4343573910002545
100694,0.2356093119486689
100695,0.7900988112640269
100696,0.40538871623199746
100701,0.6543545820376284
100702,0.20289540917995466
100707,0.4643517745528574
100722,0.28469150865038917
100727,0.7719229859489902
100730,0.18540068397129983
100731,0.754782156203437
100733,0.8296787651896866
100739,0.541597349092308
100745,0.805505243841171
100751,0.6642503865276737
100759,0.48830116184176797
100760,0.5647762648224327
100761,0.4529560779934809
100770,0.17361865378622793
100772,0.279704876322052
100774,0.2581101811249854
100779,0.7134217160305301
100785,0.6388259187800547
100808,0.6170568319180352
100815,0.43793280965836784
100821,0.7280474484921631
100824,0.36210531140439844
100828,0.5772066427868909
100829,0.283961852092673
100831,0.5202562561010575
100833,0.28756641190768406
100840,0.5537087161388631
100854,0.13064736008523523
100863,0.7915796180412094
100866,0.41857579087852514
100872,0.6926515216120452
100880,0.14713453374572494
100883,0.6068525628047461
100885,0.6702777334799219
100886,0.7097050878859325
100892,0.3709627802829793
100908,0.7708171891520046
100914,0.6506445414424828
100919,0.41807245493928047
100921,0.46319505966639046
100933,0.6037531703469883
100935,0.9246626765516912
100936,0.19958636091204995
100938,0.3434844496948016
100940,0.6269086772056615
100943,0.5181869029646787
100957,0.5012138130101517
100981,0.08018309071565961
100982,0.6535476257904961
101000,0.5267940659304421
101003,0.6762590599835634
101006,0.9465894253010176
101021,0.6423841762816301
101026,0.6315519642160149
101043,0.6224383577349883
101052,0.5047483522906907
101054,0.5591148585262251
101055,0.4784566345201119
101057,0.8558054010223236
101063,0.337976175090456
101064,0.5023793596176059
101069,0.5355890166022407
101071,0.8182741752162135
101074,0.4896020332916618
101078,0.6389261268199689
101079,0.36414342033058195
101082,0.9067959024520281
101084,0.7609366905236921
101090,0.6961234563666563
101094,0.38001993128104494
101098,0.7939674426494542
101105,0.5301634325162558
101106,0.5800096375073641
101109,0.5403520604611113
101110,0.9400892050208606
101111,0.45533076039340614
101119,0.6264000440455786
101128,0.5157898480813189
101134,0.6994986150516781
101138,0.1857883787819385
101147,0.1624752483544893
101149,0.42344296920424945
101151,0.39580725963369606
101152,0.643131106430274
101153,0.06775097451456356
101156,0.5999995724745665
101157,0.9081415818883052
101160,0.2270508327708402
101163,0.5012476805054467
101164,0.4823617186375492
101178,0.7089725801207294
101181,0.877358000228498
101185,0.25913330158768055
101197,0.8322327698138768
101200,0.8482640593376406
101204,0.41501235900329186
101207,0.8371529383223711
101209,0.6217406829543694
101210,0.7491126007130974
101211,0.18391658076842562
101212,0.9007065946927552
101226,0.2799305598722912
101227,0.4804227455352577
101233,0.2209855248144387
101250,0.2659714991660774
101256,0.5337246681809833
101273,0.12178992761952219
101274,0.5819002863258971
101282,0.6622976050801512
101296,0.5008029881885948
101301,0.4974283617281474
101304,0.8918849415553912
101308,0.4207710376541544
101312,0.19295125990174436
101317,0.4591460004044304
101330,0.6991969706306709
101339,0.48564519348162555
101350,0.8514733580739303
101357,0.5627302077972979
101358,0.6530679623125596
101364,0.6366643479565814
101368,0.5341690711666818
101369,0.16225537452910613
101374,0.8364105848818892
101382,0.48993247772431514
101383,0.5748222971279555
101387,0.5477607822138683
101389,0.6320927517866555
101402,0.8951354655321587
101408,0.48608260437644546
101409,0.3494527142746498
101412,0.7526513981084362
101418,0.18758116357994817
101423,0.6912654302071268
101430,0.7127809764481554
101455,0.8271110572079003
101461,0.6618004864745516
101464,0.3916138303807447
101465,0.42452749186547817
101466,0.6975461070008888
101478,0.28940083346813017
101479,0.5353049799300218
101487,0.3051154498153006
101491,0.6421715762239169
101495,0.7905429649849994
101503,0.29342840023067734
101505,0.7888151755298907
101512,0.4230331062564687
101520,0.10207708938407785
101534,0.6449213408735821
101555,0.7392856021024575
101562,0.28064743258498287
101565,0.9184850702971178
101569,0.7990505635036427
101570,0.8843677779886623
101574,0.6599076851000544
101584,0.6535343483589177
101589,0.4603205250542333
101593,0.8594984864903358
101599,0.24833907679360498
101605,0.5106916271731323
101626,0.3441682810439293
101629,0.4624338667617028
101639,0.429045643173422
101644,0.5008329989927998
101657,0.5262141929836168
101675,0.6271103848535915
101678,0.24036886035645008
101681,0.6377260933284108
101686,0.7604352973362746
101703,0.6901004957647707
101706,0.6776740147296472
101715,0.5507071301925877
101719,0.36372912385682166
101729,0.7202618632841701
101731,0.814395027207183
101732,0.22284521638892507
101734,0.12148482231301765
101741,0.41916569915150625
101747,0.6905800383241459
101753,0.7744063783508205
101769,0.3114111563475082
101770,0.4117473729855808
101772,0.44699704301053933
101778,0.7052590329440961
101793,0.6744004367235445
101795,0.5728875478342342
101796,0.779402694623095
101797,0.7289354774396873
101800,0.3314616317673259
101817,0.7057894878163302
101829,0.5015983095322886
101834,0.4197239451773738
101837,0.8398870310333311
101840,0.18981127300068681
101848,0.2481529780161715
101849,0.4937657546093252
101860,0.5538259350944564
101861,0.11041663111017153
101863,0.19625474352674846
101874,0.8209036786872783
101880,0.7836750865089653
101897,0.4922016134185418
101906,0.7099214309914103
101917,0.37090285678659274
101931,0.2589659414816774
101933,0.7831146049461065
101965,0.5030424828366408
101973,0.08368814655766448
101977,0.36210875499772943
101982,0.4978909864399676
101984,0.37757587537710097
101986,0.57771189362499
101991,0.4087283159086242
101997,0.4054887182781918
102002,0.6343925771893097
102010,0.47739988514548853
102021,0.6619014440540163
102025,0.7999853288738596
102026,0.7133539298690733
102028,0.4672075089394301
102033,0.11290413588599471
102038,0.7107993607426614
102040,0.451185372074673
102067,0.6102780084162688
102069,0.556574047272529
102074,0.3734608844899409
102084,0.39190015393493954
102090,0.6097462595539447
102091,0.607574768021481
102093,0.5544668763883519
102098,0.5799343106095155
102101,0.570518245650578
102105,0.8529191996453859
102113,0.6658412787895794
102122,0.4215386862688081
102134,0.2046679630972278
102136,0.5528379986666133
102145,0.6639215787622705
102157,0.6978041216891877
102183,0.4609331667074176
102189,0.4944346920144217
102191,0.7085587031172628
102192,0.8078129972914303
102193,0.5342598536003642
102197,0.5486121786501555
102209,0.8175405096130313
102212,0.5805017370529444
102220,0.5402733103678925
102221,0.4950346136724666
102222,0.3655890778831315
102225,0.19211490541628928
102227,0.44747900189503376
102228,0.6995409632990085
102233,0.17119595209501245
102240,0.3833070886336826
102250,0.33635709960845495
102260,0.6048298071534534
102265,0.7888107304145774
102267,0.25692006558548813
102270,0.24748829887656706
102272,0.41047966702582944
102308,0.45443805413611604
102309,0.7313678571252522
102314,0.8682987469573319
102316,0.7570168979447132
102320,0.5663476244779047
102336,0.6956195107151459
102340,0.387356682382633
102347,0.6830318153465387
102351,0.7854116217221991
102360,0.8408492537791109
102369,0.674692736500346
102373,0.7007762807996336
102374,0.4045255485353487
102382,0.39387707975327957
102385,0.24368937884545933
102387,0.4809013500592629
102395,0.3775461678582753
102399,0.18054823621401483
102402,0.42005736981743197
102408,0.16267669194234025
102410,0.17008355225399252
102413,0.351222660031958
102414,0.31161101129160823
102424,0.5686993362786273
102436,0.36003537497849375
102453,0.2542051551966385
102461,0.230403243351584
102483,0.8657437208388852
102487,0.6099960685712454
102504,0.5626621674704212
102505,0.6292166802068495
102508,0.2172523660645484
102509,0.5577438938709893
102516,0.911061207785491
102522,0.6539977486127253
102526,0.3830878857998763
102527,0.6242005069588298
102528,0.4599418296852844
102529,0.5489136242788699
102530,0.21604905839198552
102534,0.7312132253981961
102545,0.3429626952243147
102547,0.1953129980572758
102551,0.32029389450650786
102577,0.7818320826549592
102580,0.15365971307605328
102586,0.41260507060345564
102587,0.8008611110841553
102591,0.4051490417474662
102598,0.5374801967184639
102609,0.5508072027619266
102611,0.873100613283045
102613,0.5444218284052962
102617,0.9124349106987744
102620,0.41740920918901264
102636,0.5487842598548002
102641,0.36606788963181414
102649,0.5866689219642092
102651,0.4272780231928665
102655,0.7266597352303048
102657,0.5285245176104088
102660,0.6509505461177082
102663,0.5393461142463242
102667,0.7950370712362603
102670,0.4227333871387022
102683,0.3022930563779596
102684,0.20761728881514818
102687,0.18801922391652137
102695,0.4905721955627881
102696,0.4547848734992242
102702,0.47031354418416743
102714,0.7060128841262048
102722,0.25500426570476736
102726,0.4421196216941804
102730,0.3288650687710233
102739,0.26264873099262814
102740,0.5243498749084622
102745,0.35305260682794176
102761,0.29308062325805345
102767,0.5361357170579792
102770,0.37845240912221406
102775,0.32088194290257593
102783,0.7596382205582924
102802,0.7409421727075487
102810,0.16278065358035032
102818,0.8559577908084026
102821,0.5744153964615312
102840,0.17680262374041758
102846,0.661429483950249
102864,0.40745981405902687
102867,0.4889589798170562
102871,0.7515601769456504
102874,0.5586736267735459
102879,0.2907397313749925
102883,0.5651936806395685
102888,0.470788016921988
102895,0.4849740112836804
102898,0.433813557871899
102901,0.9201916297199756
102902,0.6212350675378888
102906,0.20858325329875535
102908,0.5263304686788174
102912,0.22736640052724622
102925,0.6185969675274994
102948,0.5872802903055839
102957,0.4664935882301372
102958,0.9474237754843186
102961,0.262035648376715
102970,0.9170999470315907
102973,0.5918187161101368
102976,0.4375928755357227
102981,0.5797048222834831
102989,0.6169163376449981
102997,0.8801490252060266
102999,0.6742105545319229
103011,0.7062222698153788
103019,0.8525015622846378
103029,0.5836415124428908
103031,0.6728012120404078
103035,0.5912231766055909
103041,0.6696682663542505
103042,0.13766306240148568
103046,0.6223069462143354
103053,0.8379975724121808
103064,0.7588632070757976
103065,0.23213310277609395
103066,0.17612569184800145
103070,0.4258361848681144
103074,0.3939556852538127
103077,0.4159781899052989
103080,0.6586636039302508
103090,0.5039252057989487
103095,0.1403854149817262
103102,0.2605409331782095
103103,0.6305476929889128
103104,0.4166657220771117
103115,0.32237079633321064
103122,0.8091210778248829
103126,0.9180596082786292
103136,0.4298855637194364
103154,0.44641502608865846
103158,0.6879212181952189
103159,0.898992052800863
103163,0.7285527217047281
103175,0.5289731078473959
103177,0.6674544316651838
103181,0.5871156497958105
103195,0.7887123097510466
103201,0.08139038638308896
103216,0.7228423835380031
103224,0.5462606009695192
103226,0.6161854564016889
103229,0.5840043901843373
103233,0.4544299735533156
103234,0.7114857159293265
103235,0.3420349654776437
103240,0.38920502532920825
103254,0.23278322778708335
103260,0.672635254545529
103267,0.30741972611317675
103272,0.42309384814764883
103273,0.23710300209290178
103274,0.7635958745793909
103292,0.9024362749426935
103294,0.3723305319095839
103300,0.3712111083208191
103323,0.7230340430966549
103342,0.6115164412764985
103343,0.6653762565554873
103347,0.8041477055538535
103349,0.46132971671547995
103375,0.6471560163320798
103378,0.7253542572051462
103386,0.26446695080259947
103387,0.285169363073605
103393,0.6066936803745505
103394,0.15083091294729792
103418,0.9035365773136771
103420,0.7426579575989936
103424,0.6782666498669945
103427,0.23674329532490765
103449,0.25148970224148276
103450,0.4893431938898625
103451,0.26928530287016295
103454,0.9289026673642646
103470,0.5410609236250239
103481,0.47286737756915603
103482,0.495620767245322
103514,0.8649297317929838
103522,0.5839323490019193
103523,0.34129760958211613
103524,0.5276278660766061
103528,0.6523923537097146
103539,0.700877649888926
103544,0.7612820403368017
103550,0.6043776069475777
103554,0.717291977293162
103569,0.5887946196892508
103591,0.2726246190517199
103606,0.3425847965193375
103609,0.22501314852977863
103613,0.43518399263663604
103619,0.8531712599865603
103623,0.5344614496083033
103624,0.6136826859612381
103631,0.5522375845860205
103632,0.461478957891101
103633,0.3438958309657257
103638,0.7755637836882333
103643,0.8428788318067572
103651,0.5552465253698616
103659,0.5639518525830559
103660,0.8828665880443934
103663,0.38547476177733764
103680,0.4413373001447547
103689,0.14614543351473003
103694,0.935528156907041
103696,0.547994502286525
103707,0.7873057136125712
103712,0.48370610406516795
103718,0.6339499042741726
103732,0.5343233819141683
103734,0.5193841878462283
103739,0.9046328576566182
103748,0.4276200005577776
103749,0.3090240275256831
103762,0.9291545272900696
103772,0.6655616414548516
103777,0.426315479498518
103781,0.727534064329053
103799,0.2918778925994244
103801,0.19942230114745366
103803,0.5660289806839198
103816,0.5746273285030153
103821,0.7948475501130022
103825,0.4083546829323754
103826,0.9276592068233586
103832,0.3125553441189871
103838,0.7903211277223179
103839,0.6396344818329844
103842,0.18610853221282594
103850,0.24727791234309202
103852,0.5176192466593387
103855,0.2077524272413512
103874,0.42648597047182457
103877,0.499299977800402
103894,0.6775094109749412
103910,0.4944731277524697
103921,0.6644885976384111
103928,0.9789958622850734
103933,0.4206307336484027
103936,0.4411985651531332
103938,0.27421353630263356
103949,0.1724801133604019
103973,0.6492360451432585
103975,0.3081105833958796
103977,0.6674324491265744
103982,0.707439225929716
103984,0.30697312782654984
103994,0.808555966819815
104001,0.4996610536125341
104003,0.32046717712027395
104007,0.5428375794405383
104009,0.8120675482467962
104020,0.43797278998827294
104022,0.2106415516339037
104035,0.15213430389420848
104036,0.7526956842740533
104041,0.5784235571796342
104043,0.6667067201140592
104055,0.5468833868853307
104058,0.5703776773057009
104063,0.10649186623479194
104077,0.512730980499404
104081,0.4465072352684593
104092,0.6015464905240773
104096,0.3274313729109126
104103,0.6313033411251335
104108,0.8065331146533398
104109,0.7491993135971771
104118,0.6201861400441256
104120,0.5365150585534518
104123,0.1585270843820209
104139,0.4724518151654471
104143,0.9205585644493144
104151,0.4896233931428953
104152,0.3846680428333018
104160,0.295951001914165
104164,0.4015820897022581
104169,0.30511159804350674
104197,0.28256141194788637
104204,0.6221652843921966
104208,0.5250990396924824
104221,0.27971353446371006
104224,0.44742463733247956
104226,0.5486875067072526
104228,0.5383790448395874
104232,0.5036326533086077
104234,0.9233120495076212
104241,0.42240268708192263
104249,0.381613469319901
104250,0.41879937080878543
104260,0.7892472825628234
104272,0.7372320868327882
104273,0.17646469034695433
104281,0.43329460105681744
104288,0.4786987354330581
104305,0.39507497653585444
104311,0.3451761516833098
104319,0.591281427584167
104322,0.7239977646539478
104328,0.1218567337004362
104345,0.8957667247829534
104347,0.8358421547320259
104380,0.7638594085987253
104384,0.3728950223022913
104394,0.4481312568852898
104401,0.5505262964564802
104409,0.9083562120509135
104420,0.3560185062234131
104423,0.15630694482432927
104427,0.503307716361342
104428,0.39201198575973467
104436,0.6296974581988342
104466,0.3568300235321284
104469,0.28409216282937555
104473,0.7788343337787578
104474,0.8399514268589962
104476,0.4318355297751712
104477,0.7523970125502186
104492,0.5605329391734387
104505,0.5297080783559418
104515,0.6553542883425555
104519,0.5137001654016469
104527,0.7940272558145747
104528,0.23048516830902782
104536,0.6682554247655214
104543,0.3656117106114449
104551,0.7400798027444447
104553,0.857718014964054
104556,0.4053438283761385
104559,0.21091459458263173
104561,0.3405089790938765
104564,0.6890156526153084
104566,0.5593542787990166
104577,0.28936929096679076
104579,0.4577788711424437
104580,0.5972756039619522
104584,0.31549794714985396
104585,0.3994715660050036
104593,0.44320896388973097
104604,0.7994551730590606
104619,0.20497682811589513
104627,0.5871449747900873
104636,0.6910988861622932
104639,0.9233206119041297
104641,0.6948699208841743
104645,0.2561009257358136
104656,0.9115801314324636
104664,0.672930608590299
104667,0.37166362738489406
104688,0.4208859122258031
104698,0.6333298729002634
104706,0.7696931489102746
104718,0.7485356258550249
104722,0.15300458956601332
104724,0.5309105505860527
104730,0.30738413804273373
104739,0.5816394690173986
104741,0.5150937041777034
104752,0.5164075513473029
104757,0.5783768675506018
104765,0.577204469891987
104773,0.132882045344818
104775,0.18087649799192485
104788,0.290776699722235
104789,0.22911363234753765
104798,0.44511262963773485
104802,0.5315398208772288
104827,0.8520313189902808
104828,0.6211613107774746
104831,0.4357826544386912
104832,0.4110008507763658
104837,0.5146733043740598
104854,0.6800534547872982
104856,0.11451663755656732
104857,0.8242501984856693
104861,0.7698846799794111
104874,0.12859395692952516
104880,0.5030821856114494
104895,0.47466351258550227
104898,0.5368589907320412
104900,0.4011382439665527
104919,0.46993612837655163
104921,0.31031746853112646
104938,0.3811904518374744
104941,0.6089321236234759
104951,0.5153596352033577
104952,0.15717005378157303
104953,0.23632859144237403
104954,0.6391790850136724
104960,0.45253214256006996
104968,0.36378470268820673
104969,0.7154891932304577
104979,0.4834701274140007
104991,0.8539905895734048
104993,0.8243898524978798
105007,0.17383848966690105
105017,0.6827273342639497
105020,0.695805132925222
105021,0.5063374906783894
105032,0.6077605974089174
105034,0.554227278855172
105038,0.8921411115971507
105041,0.8618907878536529
105061,0.8440319809134846
105077,0.6636698518217691
105078,0.8040321641986808
105085,0.22008986525688276
105092,0.6508053622716806
105093,0.1523800677240972
105099,0.7313382378783293
105102,0.7710334300026076
105109,0.3719936120534362
105116,0.3655482858886031
105118,0.49367951702730273
105128,0.6917409458549317
105131,0.6001566465367654
105136,0.6567490612093364
105137,0.42000600743248584
105138,0.14050625181993912
105145,0.4808614135975932
105147,0.6702785998300169
105151,0.15978942591582368
105157,0.7540610104538633
105161,0.3522644442678437
105166,0.9215771436935424
105167,0.6303099660258629
105170,0.4923288379904798
105173,0.40100791200315894
105174,0.2435867047113569
105177,0.20650487909729134
105185,0.6307166825484875
105187,0.751505524006689
105196,0.4412546018878197
105197,0.5178861147564328
105198,0.8699925027442352
105210,0.5975465070591784
105211,0.6685180761011837
105218,0.8970471265556168
105225,0.24344567222755803
105231,0.239712845556516
105233,0.4061592788025025
105239,0.2973003690522229
105240,0.7456216716802831
105248,0.6475485718836007
105252,0.5552989415851626
105258,0.39998711846927915
105261,0.7859415896828505
105272,0.524778924947221
105278,0.8645713649477819
105280,0.5094002956959907
105281,0.6537601767051967
105287,0.6761527927633378
105308,0.7076403877033057
105321,0.3614844016064128
105328,0.8300985590059122
105339,0.7614943973958435
105346,0.7258206862270529
105352,0.6699836562217035
105365,0.8699003100245153
105368,0.720073333803154
105371,0.6642073731956645
105377,0.5357119629006117
105383,0.17783185194641726
105384,0.16731297444181653
105390,0.3062556655930757
105400,0.7271969112738663
105404,0.39786123997647044
105421,0.4358699563522307
105423,0.6655542890161138
105431,0.5287802504579442
105441,0.8006882370586874
105446,0.5087025666811752
105447,0.18330405521244536
105450,0.7594271041182806
105452,0.36365036132710243
105453,0.5172155407128517
105454,0.4164643460606105
105458,0.7024816978597594
105476,0.49338355985534216
105478,0.5649539437931789
105487,0.10999100735961084
105496,0.7556753575651128
105507,0.30568473888418274
105516,0.718404633724294
105543,0.7896570639983931
105544,0.600566077194991
105553,0.5711564007207572
105561,0.43243215639100074
105567,0.8181670489785632
105570,0.30451874467246015
105575,0.5653562043978193
105578,0.33208344551990937
105579,0.4714622188220897
105580,0.5461516191621704
105597,0.03937038794855317
105600,0.6071814858473946
105605,0.2628997902155733
105608,0.42843735836474595
105624,0.8447134141883151
105625,0.2477986155013536
105629,0.6696196634570959
105631,0.5085072058330831
105636,0.7463882252917212
105656,0.6353732740407952
105663,0.8961740367578636
105665,0.16515042563239923
105674,0.716928161668676
105681,0.1766293567208335
105693,0.20941872029254344
105694,0.7898185937769936
105700,0.8812184023347195
105701,0.7009169325257675
105703,0.509273349447754
105716,0.6614165176623291
105719,0.6342873624982905
105722,0.6456366491626684
105732,0.7060009378465255
105733,0.5313466107946837
105739,0.540493649592208
105741,0.8306722365495962
105753,0.29495127411548355
105755,0.59929380297131
105762,0.6988532386967199
105782,0.8199827440330814
105787,0.3948991542023729
105792,0.7724147608443304
105793,0.8208238077934612
105797,0.44393419441140725
105798,0.30400669847901085
105806,0.4461200666973843
105811,0.7612688415430857
105831,0.5598658784421401
105849,0.9086205028522633
105851,0.32611608844617773
105854,0.4435122289980761
105877,0.09881586070310389
105888,0.5632509016845776
105893,0.7727874496962952
105898,0.7661001527869513
105899,0.6829529833495224
105900,0.2645706018506417
105903,0.6438489420880044
105904,0.6167745046920426
105909,0.5758205707725333
105912,0.3814523059871811
105935,0.8261388567258972
105942,0.5301530058614438
105951,0.10926044383186692
105953,0.5995350401887466
105958,0.36843562699907184
105962,0.28254462670118147
105965,0.0381669285084711
105968,0.27778424890348397
105981,0.4516711121184698
105984,0.3043722491919301
105986,0.5885429705351226
105992,0.4125355442667268
105995,0.606789945116684
105996,0.6215746479530083
105998,0.6620737220640177
106001,0.5736104755737625
106009,0.6184122255394913
106012,0.5046007932842992
106015,0.2606892641242602
106016,0.7285938203762297
106018,0.5659743954990775
106028,0.5356514221755145
106038,0.33924366602557443
106063,0.26693951081506767
106065,0.32592950854080527
106074,0.8541049275605312
106079,0.5413991411450254
106092,0.8586415842739529
106098,0.6132100972067568
106101,0.42006528330355664
106109,0.5297900301877102
106121,0.7388896524454739
106129,0.3578988066937935
106135,0.5920825590432722
106137,0.5100065325297282
106155,0.4966185203554571
106161,0.5023881876535377
106175,0.8450196445205571
106191,0.5342313229882407
106205,0.7986805998321612
106210,0.6797741074173502
106211,0.4777547251041381
106212,0.5578119580696687
106217,0.411734638254857
106224,0.6116213705378086
106229,0.6175409042803934
106240,0.6239179897990325
106243,0.5453474070385876
106247,0.5325877986124806
106255,0.8242534985489477
106265,0.41737492020395606
106275,0.49371763809792046
106280,0.7949735059978009
106283,0.5719926061137971
106293,0.31412719143877765
106300,0.26300584361924184
106304,0.34301079710054677
106305,0.15287291485220245
106307,0.10909689985450689
106309,0.7252311840022055
106317,0.2907555885529131
106320,0.6915032332290898
106321,0.692948462534723
106334,0.4558480783675669
106342,0.6748143233938187
106348,0.5971094509223904
106350,0.7770647942881646
106351,0.7506058686352122
106352,0.536960573654706
106360,0.8314933017334635
106374,0.7076301729564601
106380,0.16552877300145294
106395,0.479649693633739
106399,0.8604317642874014
106404,0.38378503912775497
106415,0.824044752325796
106423,0.5805665411275689
106440,0.5799973801847264
106442,0.7818484599865795
106448,0.43704112293726965
106451,0.6441663862692061
106464,0.8445689429633716
106471,0.6452302087605579
106483,0.4394977917070146
106491,0.5448879821099982
106494,0.2932840913676836
106496,0.7479352065541749
106501,0.201038871115136
106508,0.9528723983104236
106516,0.6151944598056575
106522,0.2914519923551045
106539,0.25746063548319986
106545,0.3852380343276257
106548,0.4344944475626214
106549,0.736922398510948
106550,0.610652516716342
106551,0.7467716209929152
106559,0.612827212456387
106560,0.5148639555545312
106583,0.7400488031284516
106586,0.5771781470308691
106603,0.23879515992870118
106604,0.7524549556436435
106608,0.380200086118341
106613,0.6412688564298498
106620,0.7470817384140517
106622,0.6638863082795152
106633,0.11403282386840155
106644,0.3020807526047555
106649,0.22117305018906025
106652,0.5389258404450006
106654,0.6441207145530593
106678,0.5317834636001296
106680,0.6219086886078656
106683,0.696799584460162
106712,0.8337123805238515
106719,0.4928840991086388
106721,0.6543155562549711
106735,0.8197192061577673
106739,0.5271015714266252
106741,0.9430074516691399
106750,0.5808995021295164
106755,0.511269952377714
106757,0.8114223028277995
106758,0.2585379876417784
106759,0.6862266524931966
106761,0.17393199017557642
106773,0.5027159420061388
106779,0.46391114452749693
106781,0.45274197639894065
106784,0.6032286703495454
106785,0.49225574752647305
106789,0.6133224350424948
106791,0.45531295671944966
106793,0.54720103274165
106794,0.4738813923733633
106798,0.7659116031104045
106811,0.8202044365589466
106828,0.4439465386729783
106846,0.680847468374054
106872,0.17733742758189827
106873,0.5297078954207497
106874,0.8439009714035192
106878,0.6355770394605921
106882,0.4204279811949886
106886,0.4861578767410659
106887,0.8535524127755977
106890,0.7983292881273062
106897,0.5400598848871359
106915,0.3745980559035503
106920,0.321809620464834
106921,0.5399639450296029
106927,0.32484115035635086
106934,0.25270610381872194
106938,0.2645703477856802
106943,0.4763482022070673
106957,0.6162431611839209
106965,0.6391864554876368
106971,0.5679037752777805
106974,0.6820976363210621
106977,0.7348657753224972
106985,0.39269766518963295
106991,0.5485709667735392
107024,0.39161923432935264
107031,0.44141354724649334
107035,0.6456928268823092
107036,0.2882358147131904
107041,0.3849154726911606
107051,0.3601677497688871
107056,0.3847574648681921
107067,0.41337522021648365
107068,0.7839231442614428
107078,0.8316991685135752
107087,0.32060814094849394
107089,0.8719655041810573
107090,0.3095338982598374
107096,0.8049552436271917
107100,0.6495233538982532
107102,0.3855076503876223
107103,0.857278781631158
107107,0.7148565539654193
107111,0.9824395295046263
107117,0.7633760026273408
107120,0.6041298964940532
107121,0.15664897113671314
107133,0.2783170485298976
107148,0.36967866015513695
107150,0.584898182343684
107151,0.8289070499670773
107152,0.7723359533869011
107155,0.4040565718030054
107162,0.2551057888646162
107166,0.9297262767867839
107170,0.412763523948202
107172,0.6295792705413794
107174,0.8227427768327449
107184,0.5551146234470499
107185,0.2729523467321575
107189,0.6773533138737908
107199,0.5469344889926528
107224,0.19169381559207788
107228,0.33706871827524804
107233,0.13064064225271196
107234,0.7966735237385301
107236,0.6859176625489873
107238,0.6150551845554678
107240,0.49688119718039364
107251,0.31414414038785354
107256,0.5190005303472834
107260,0.35254573475906786
107266,0.8427209467145237
107267,0.6187883356579426
107271,0.7489232578677217
107276,0.3756036611262006
107278,0.6976924492992823
107283,0.44120650731384425
107310,0.2259459451888503
107316,0.6904911651925072
107322,0.8737699695520262
107324,0.40861807757939156
107328,0.5203987235179791
107329,0.974318240373668
107348,0.8927786340821713
107362,0.37111899725905234
107376,0.44211174567708855
107383,0.2595572619373578
107389,0.5685226785621025
107412,0.7036849233507408
107425,0.907680564259004
107426,0.4236111934832595
107427,0.2850297299862067
107434,0.6848437536041455
107443,0.792779327610071
107449,0.11810009322876934
107452,0.5939172858287034
107459,0.29476600505779366
107461,0.8669420595371262
107462,0.6611136901798464
107473,0.5281540538518413
107480,0.6565245577017299
107481,0.5435657869504578
107485,0.3094865733473588
107488,0.6811476628630633
107501,0.24470629938628982
107514,0.45357185655010174
107539,0.46017931152458
107561,0.4090678720740562
107569,0.35247837055391823
107611,0.40979273170961916
107615,0.5253664944915789
107617,0.45120294361635366
107622,0.9641102785171887
107626,0.5013273420823209
107641,0.27171549771587994
107645,0.8372673558225109
107653,0.1726228785854598
107655,0.24393137622850447
107666,0.4051158626211829
107670,0.14285962488895573
107678,0.4926330025343005
107680,0.20264285062970458
107682,0.32622425437812896
107692,0.5256590263150556
107697,0.6688416344551328
107699,0.8780913444977594
107705,0.38880577651753884
107707,0.10440858594664756
107713,0.5731867278624613
107717,0.42657401720068405
107725,0.7526454000022696
107729,0.9795431785799538
107732,0.5648403603180947
107741,0.7823518133364751
107742,0.34770025905383284
107746,0.4436953798549042
107779,0.3821611257915655
107781,0.6829335737334526
107798,0.5515497441252423
107805,0.7908779812519532
107806,0.7460029312753811
107819,0.7882136005397721
107823,0.7473254289779739
107829,0.5489553058282399
107843,0.5102325378920027
107850,0.32455999208185526
107860,0.23145069197907087
107861,0.6240857261837828
107868,0.3826397872124968
107871,0.38890510671279693
107873,0.43999525716903615
107877,0.45145670867605137
107888,0.6829197044391496
107895,0.5379582620001995
107899,0.7156007039701637
107904,0.39521576106316325
107908,0.5613437737308357
107912,0.8498600780230672
107917,0.5590986728249105
107926,0.6543695370067487
107939,0.6677151137723681
107940,0.36376916684859467
107942,0.318498924789163
107948,0.6566759098602629
107954,0.8249820962769084
107972,0.18819422052519932
107990,0.34903442587460626
107995,0.5182057319369612
108006,0.5238017694029595
108024,0.2101947160600136
108033,0.546193882127995
108035,0.5211744789793137
108037,0.8642288036276
108038,0.4294452925842257
108042,0.3353409879408041
108048,0.8443491905261086
108054,0.7148715456590963
108055,0.7372155379590862
108063,0.4915229184585179
108070,0.5428430896488565
108071,0.23991430253310098
108072,0.7230490598817
108075,0.19992464064246515
108084,0.5156694422718859
108086,0.6929435905394131
108091,0.50365359273539
108093,0.3459745208691445
108106,0.1994890928318869
108115,0.764255793750968
108118,0.4348569652738272
108127,0.7971069992489069
108129,0.5651091174569431
108135,0.3348042834516913
108136,0.904546099254892
108139,0.16302332305527745
108142,0.629044733322249
108156,0.9024367868993796
108162,0.556399640213155
108167,0.4202353584919886
108179,0.6594640219440651
108182,0.4103498128045965
108186,0.45187116558623486
108197,0.6215377644362445
108203,0.5430927621199488
108219,0.5561349286479361
108261,0.7464063533315579
108279,0.5601824005992412
108281,0.8511230878323565
108285,0.7028643724051113
108286,0.25701402638439363
108287,0.8703689329943376
108292,0.7379798353650229
108293,0.3274438916721516
108298,0.7887916874873769
108307,0.2693319372450145
108309,0.037457774380527636
108310,0.9128369175457026
108313,0.6207553507072036
108328,0.4568318648966768
108352,0.42219805295691737
108354,0.5829122691419122
108367,0.6506087245964443
108368,0.3616977128043575
108379,0.49403416558947977
108383,0.5072137351783166
108384,0.5932693131900986
108387,0.08707534477026536
108390,0.7971578414527671
108395,0.764614527511053
108403,0.5293070210539131
108407,0.5464990996093181
108412,0.6178654234656112
108416,0.8051463746712375
108420,0.27961627741023265
108432,0.5296791109729662
108435,0.44492989427283025
108459,0.10231990183469168
108460,0.8559995033770402
108462,0.2662271340509902
108468,0.3732784679481563
108475,0.5990070855579337
108504,0.5898770032155028
108505,0.9450415176742905
108531,0.6082007137588884
108535,0.5072893774317571
108538,0.8289796542101794
108543,0.7153485158043323
108560,0.6240530251187413
108562,0.725505038148684
108566,0.5365168698441563
108569,0.6475343018796333
108571,0.3107392947848977
108574,0.5239461876982687
108579,0.2746979121563768
108580,0.31199553516342876
108596,0.6939365530108651
108606,0.5509671855342968
108609,0.25147618184261195
108615,0.7156168816804779
108619,0.14972250607361803
108626,0.8322925486134843
108637,0.6569285248382689
108642,0.1323466122625946
108647,0.7585401038327084
108652,0.571394988551278
108657,0.5577772438735151
108665,0.34303533651897855
108677,0.8492268494293472
108679,0.8026003232487978
108681,0.050893649940298616
108685,0.5230859511517092
108727,0.7162987147724027
108736,0.33044580225875064
108747,0.6702889470898258
108759,0.44175127004977144
108761,0.40415610672580277
108766,0.34214173993881475
108767,0.11266475743779773
108768,0.8741435272277934
108774,0.8807631479477523
108775,0.3477588765870548
108776,0.7320050008279454
108785,0.9170686379720075
108797,0.3474659254153214
108800,0.43907004223336776
108814,0.4765826349578177
108817,0.7460400009992363
108843,0.5702714105873323
108844,0.6875449084732765
108847,0.8017968039895323
108848,0.44684500966071944
108855,0.8125283199006245
108858,0.5773430971244713
108862,0.5128899109925101
108863,0.45457404741942165
108870,0.3421126759401042
108881,0.08716105646836843
108891,0.8390184597097524
108894,0.48846161353134804
108897,0.34184253733836917
108898,0.59671573623536
108907,0.6584035384440822
108916,0.2283884915112442
108937,0.6749205041026336
108945,0.5533659531504744
108948,0.5883942019239253
108950,0.6956585451715982
108957,0.51041525976426
108959,0.3181403801494552
108967,0.5218779073778183
108971,0.6249995441843068
108984,0.36698773040211136
108987,0.466339647360737
108989,0.21218001562304506
109000,0.6583171631248472
109015,0.8656563894359259
109016,0.4730767677109188
109019,0.4166130525628683
109028,0.45535794499946586
109037,0.4836299585907309
109046,0.2257565824815645
109048,0.7554156574349706
109055,0.14067681464554896
109056,0.3677775999124822
109062,0.7889519645176106
109064,0.685729952068995
109069,0.810249434139097
109071,0.29881411313082473
109074,0.7786575221024488
109082,0.5243818673777817
109085,0.5717734045760808
109086,0.9411011595755475
109089,0.659633899410311
109090,0.38917016996642706
109110,0.43110441923302867
109121,0.5004157147492774
109126,0.4162912514334387
109127,0.33381155329150664
109128,0.8359387875914418
109129,0.39800616611935463
109137,0.16772985075011998
109139,0.2558908346879423
109140,0.6505855677678283
109147,0.6685969895642753
109156,0.6748303380416729
109166,0.7817883851488714
109172,0.6565827120021837
109179,0.2216270446109533
109183,0.6119574973958825
109187,0.7865528942714484
109191,0.628756389116659
109197,0.41482179164405597
109204,0.8643247736136325
109229,0.619816583506658
109234,0.5576012378820618
109236,0.24062260116418963
109243,0.5728091599259277
109248,0.8312476633741076
109259,0.5203725135577918
109264,0.525569983038685
109279,0.6672989367723257
109292,0.7986392565060993
109297,0.3134375122553982
109306,0.6821700100795005
109308,0.6429708841974553
109310,0.6414683450778826
109316,0.7752404426370882
109331,0.18146154853624802
109335,0.6895322961001705
109348,0.9219337107728961
109351,0.6047840684231828
109356,0.22481117942482773
109367,0.06391339714836455
109372,0.5079644204520151
109392,0.4336199690275148
109393,0.5234388049756945
109397,0.779344866336536
109400,0.8208976555186519
109401,0.6322934870081274
109408,0.2246813673469705
109413,0.8314685431677064
109436,0.24193773416646658
109438,0.9185608022553542
109439,0.8808680268355333
109445,0.16007920989759944
109452,0.5561032966198852
109461,0.6042707062798702
109479,0.5660537257062075
109484,0.490355988161543
109486,0.7091138737271029
109490,0.27233062932053953
109491,0.6168820257019333
109495,0.39222920784406107
109509,0.14606363721296972
109510,0.6929408854410523
109512,0.4642628672384274
109530,0.31201601702686943
109532,0.8542964600058852
109534,0.3479084328388065
109539,0.17076296853349995
109566,0.5003357232451174
109572,0.4283096194667902
109575,0.2899479016621226
109577,0.44962581032413074
109583,0.6936791837739225
109584,0.6358768704352579
109594,0.4389250089165942
109597,0.536362514128707
109601,0.783753318497643
109614,0.31834117764000547
109624,0.5506083984099844
109629,0.7262758297429079
109637,0.29667987275770175
109641,0.018076602278102948
109666,0.5012012583642937
109669,0.30242374117443266
109687,0.8342191480937919
109689,0.29200486204100046
109692,0.2596587679559506
109694,0.7188424733171657
109709,0.5665642313854781
109715,0.8798658005171879
109724,0.4109731577184738
109730,0.6418664900618165
109738,0.7297038055821953
109739,0.2111228599014615
109759,0.30306110020120247
109762,0.8173653827076818
109769,0.7809952793286825
109771,0.5329098047709333
109775,0.4841269548462963
109782,0.6676084130466559
109794,0.2806177240975266
109799,0.19084481587821778
109805,0.21489327514964537
109818,0.617408864083943
109819,0.7014422028025541
109825,0.4317892057243487
109830,0.22380936969261633
109834,0.7091298410487156
109845,0.5953469196135864
109853,0.38279786725140513
109854,0.6249227343445813
109855,0.22870624127654848
109858,0.3514722281062935
109859,0.4488413780124411
109862,0.836215761223936
109868,0.7373263284772192
109874,0.4958722044543946
109899,0.16885799622177614
109911,0.7133238945331847
109924,0.7755501769344951
109927,0.49791700764513275
109930,0.26088831289654274
109936,0.2454593199766237
109943,0.875128540827223
109949,0.31666653867956057
109956,0.7186914959962362
109960,0.6350904646518942
109961,0.8609864034268353
109964,0.6572757795664304
109966,0.6559345517751305
109968,0.7445229262625732
109971,0.7609137470302251
109972,0.5143535133441448
109978,0.7039190196827056
109987,0.4149250516316121
109988,0.27372838847532044
109989,0.9006362012144904
109995,0.540833180182339
110013,0.7012685252140439
110014,0.1175922730043538
110024,0.23907491235491762
110025,0.44506554800558384
110029,0.2955944417591778
110031,0.6316777971639667
110053,0.2958253640163107
110062,0.9764549709026801
110068,0.4621776914385897
110076,0.8182715395718477
110078,0.3014397615607321
110079,0.3945271215724756
110081,0.7719713987770714
110091,0.5160167367857347
110101,0.7757944393743328
110102,0.42085830343594427
110106,0.07212943369752295
110107,0.33728567729053127
110121,0.483317889523598
110129,0.12683536179344845
110147,0.440189266917173
110170,0.33651245917919875
110171,0.7093186009140452
110173,0.12374203236370691
110181,0.49898935954820484
110182,0.15049630933040947
110183,0.4303041081349616
110185,0.22449267643462334
110187,0.67613762654373
110188,0.3149343320176949
110190,0.11104047981558304
110205,0.5027584264559768
110240,0.1889313509686549
110271,0.31659236544389635
110275,0.741794474478872
110290,0.712562449769863
110297,0.1491887404732672
110305,0.4621628202534158
110311,0.556509107623157
110315,0.8239939369585475
110316,0.3103826589837756
110317,0.5820115522293702
110322,0.20096550074027308
110323,0.33047001880691873
110324,0.7242142197154227
110329,0.4030654636205515
110334,0.5053333512674788
110338,0.07941623379540022
110339,0.533165583327394
110340,0.6710373925305124
110352,0.41452731573737805
110358,0.7690113896663713
110361,0.4872954161453824
110373,0.5671082255447235
110383,0.5048475017080193
110384,0.5542625299881978
110397,0.28163302978028976
110398,0.6342152052719481
110399,0.7943934375321728
110400,0.6318584834536624
110408,0.7047119724015567
110413,0.7681075563366203
110414,0.13849060646805114
110416,0.3754322743606464
110421,0.44128058568801376
110437,0.5005230153227493
110446,0.47727367162484047
110452,0.29038128687531767
110453,0.8796358534332844
110458,0.7010165443941504
110463,0.4960539354539125
110486,0.5941774844268347
110494,0.445714958334142
110497,0.7550729670250512
110502,0.6068751177454997
110508,0.6662415365236821
110512,0.18586438107316744
110523,0.7945784542030507
110524,0.3036667642021482
110530,0.2267493635412731
110541,0.6634189743954935
110547,0.30044625524306895
110550,0.8046997681006818
110551,0.203356407867077
110558,0.6465812515621682
110560,0.5298332642979838
110570,0.4056444662471146
110573,0.4673028452515088
110582,0.19798161955017704
110583,0.5722940352315159
110593,0.4921882560827735
110613,0.3715552195796037
110616,0.6812461149739584
110621,0.5170725051569935
110624,0.7464686773918847
110636,0.6728530908418665
110637,0.6809919911587524
110639,0.6148484483707106
110651,0.5124495639449657
110656,0.7576034923447741
110658,0.47881666483256036
110674,0.9000592914150638
110676,0.8690293421965485
110678,0.260469617510805
110679,0.35634335539373674
110695,0.5799125680886388
110702,0.16294699536658933
110703,0.5513557969589477
110715,0.6394539349931677
110718,0.7129795113810088
110720,0.7601432759954109
110721,0.05127291545639353
110722,0.5715860825839785
110723,0.5359654919355019
110728,0.42551382847883523
110731,0.5849121553827853
110732,0.5893770637062323
110746,0.7019305326648859
110748,0.7498826447821418
110749,0.32796179540818604
110795,0.9408385944332961
110797,0.6638049376764341
110798,0.7099032029285657
110799,0.32301420778670525
110807,0.8543724769789871
110809,0.3507476788347402
110812,0.20297044113466164
110827,0.36152008315457096
110834,0.6610612356128358
110840,0.09561003430857888
110847,0.7679278840693105
110850,0.4138122218804351
110857,0.6861743200149882
110864,0.20455763371200264
110881,0.46644036758946317
110884,0.94407653665166
110896,0.38504070483627695
110902,0.2731408339327937
110907,0.3389479659733558
110908,0.8105516733976396
110909,0.4323985249098054
110913,0.2995954659061966
110925,0.9220726926701498
110926,0.4399965543559255
110929,0.7070770168148993
110933,0.7747608694343161
110944,0.7696349957903745
110971,0.38211653500179243
110976,0.31586059795816024
110978,0.5684545895429055
110979,0.7036861196668232
110980,0.2163663178106031
110981,0.2668445659325447
110982,0.7182874109807064
110988,0.25759828583137123
110989,0.6771755322943893
110991,0.6866503017159119
110993,0.4116920991310983
110996,0.8756735071574174
111008,0.33688015100811747
111011,0.6379405104615061
111023,0.9097389594518174
111028,0.7782554127910759
111032,0.800870277109882
111045,0.30561756646173527
111051,0.31792095256118647
111065,0.09854797292195759
111080,0.42195216001027813
111094,0.9290350351243912
111140,0.8216791315966072
111143,0.6670330571354925
111144,0.40340315141878585
111147,0.7688597695792929
111163,0.16851705302740333
111166,0.6996301801892421
111171,0.6612108768590893
111175,0.15977776373418429
111179,0.32052563723323085
111194,0.7660090404180735
111199,0.727079765512241
111207,0.5035652576948252
111211,0.2732586122758602
111218,0.8164386887899651
111224,0.6064304520503248
111242,0.7504100113418917
111243,0.7137956943977999
111245,0.4407046122911869
111247,0.9461555216784914
111249,0.7157011890111438
111255,0.7189418561896497
111257,0.5050508690911941
111258,0.8291698212688527
111260,0.7285849569831235
111265,0.1534366219225502
111270,0.6018357566483722
111274,0.7059415296766847
111276,0.5786183982022465
111282,0.09785470338283257
111288,0.2684465300150164
111297,0.6580229407974788
111305,0.14861484891845933
111309,0.6953937456545359
111320,0.6922651537467804
111321,0.8862309252749014
111322,0.5356900152457607
111324,0.19524812703916095
111325,0.3514727396758692
111326,0.9460915984190227
111333,0.5052679945858864
111334,0.7445771438500204
111345,0.48947718125406364
111353,0.5672749566684865
111364,0.41293091771711643
111369,0.06746324293591142
111370,0.822179639957024
111388,0.36472901641910793
111390,0.7158968628337716
111400,0.9671324526620972
111409,0.4933411085419201
111410,0.7527869306588226
111412,0.6514918544929222
111422,0.3525676521824572
111430,0.7174430582656133
111434,0.44218893043752766
111437,0.41166121421687146
111474,0.589808547735206
111475,0.7075718028961665
111477,0.320122348148493
111479,0.9588299871214616
111481,0.6349160011773846
111485,0.31677354395695695
111492,0.4151551766200739
111493,0.9532941198496518
111496,0.6943908354219311
111502,0.7549009196816256
111510,0.896862486004275
111515,0.642144566727378
111525,0.3427988194186601
111529,0.8516383472159509
111530,0.7782198633915078
111540,0.10406767891182453
111565,0.6215682100500513
111574,0.3171223060374219
111576,0.807443981250803
111581,0.6669128107177554
111590,0.46826830692273763
111608,0.625447023869791
111610,0.5861117475419838
111624,0.25210098028336264
111628,0.6680283199458638
111630,0.35063616854724033
111637,0.4002295521052702
111638,0.3098631673776568
111651,0.5242317673123187
111663,0.1534405755387879
111668,0.25796763960859004
111675,0.9028561745533572
111679,0.7258383451349638
111686,0.3383719089096748
111703,0.6830840007898757
111705,0.5856919822869298
111709,0.4090387266350582
111711,0.36631178240453643
111725,0.3834373461468611
111738,0.3476508797483585
111759,0.6756002792819364
111763,0.4639240069070726
111764,0.5000741719455073
111766,0.415809663014492
111767,0.5530077294065384
111780,0.7927909944804941
111782,0.4178900399180778
111783,0.40371254116921207
111797,0.48987314085901745
111798,0.8083176791970897
111800,0.4371663672392481
111810,0.5823301967291837
111847,0.3069272934783877
111857,0.5998379978005264
111858,0.47289453531846093
111861,0.5723479243672787
111863,0.20165525925053052
111864,0.6165963837609447
111868,0.3890092486120665
111875,0.6918197422548363
111878,0.48847317397302814
111904,0.2532960931524305
111908,0.8663412842585093
111918,0.8011635508927035
111928,0.7915732747747387
111929,0.5870426266980866
111930,0.416947620016321
111933,0.6134458237791532
111934,0.2589300602906899
111947,0.8622562278031044
111948,0.6931830962060257
111950,0.5269311415258402
111956,0.38943393887495187
111997,0.5794767697873885
112012,0.200482467778871
112013,0.7026821803587044
112021,0.5905549711576202
112026,0.6822220835162495
112029,0.23915789361179224
112034,0.5820738411212193
112060,0.8856824689599307
112061,0.6229158098209368
112068,0.5793011883739224
112075,0.7621078240072775
112080,0.5831371809377182
112087,0.5900068454440155
112092,0.5023928704391009
112098,0.7108540176290813
112118,0.40058222776719243
112119,0.19342727623852202
112125,0.4908915974902528
112128,0.058213646469403
112141,0.3072904681553209
112151,0.6715482115313388
112155,0.10244303862490593
112177,0.21347515609784823
112189,0.7765764299398888
112205,0.5610295267529115
112208,0.18159010803781678
112220,0.6962598531110457
112222,0.32539332315262887
112223,0.5521948712482279
112227,0.8692276351795846
112229,0.7222084384891962
112232,0.6571639124783311
112239,0.49953182668710777
112240,0.35412084735295446
112242,0.4638885638622078
112246,0.3218071078220864
112250,0.8063426308449898
112269,0.6404267883446357
112282,0.5272558090614105
112288,0.5555179185116398
112301,0.7340446649540762
112303,0.2452220772107811
112320,0.24400948851181242
112327,0.3496065945885599
112335,0.2661313897030339
112342,0.3387114947003421
112369,0.3308363524703085
112373,0.5671917275624191
112379,0.37544992775270997
112380,0.5159579876668644
112387,0.3763696285419035
112392,0.8042046351379515
112393,0.30716250235571746
112394,0.6401868716472019
112398,0.5453228385387286
112406,0.6869017505225264
112408,0.5566420819591227
112429,0.8148518464637198
112437,0.7214215690831861
112446,0.6756003694397558
112454,0.65564524785625
112459,0.6855547058185971
112465,0.17332868802676873
112484,0.564886136128115
112485,0.26589547505902195
112490,0.8326259286225531
112494,0.7811038484459049
112496,0.056404185614205946
112497,0.7601579270870824
112498,0.6818331930582102
112509,0.3740775991343606
112517,0.5169000285227254
112529,0.180384773789715
112533,0.37059940553815934
112535,0.6265766317036651
112536,0.8292141292672945
112537,0.5394319845601736
112543,0.26225711723031403
112544,0.3986441120811569
112549,0.3751619246163492
112554,0.3791622316495513
112557,0.0613626384701266
112561,0.5212066189896918
112563,0.36162724544079405
112564,0.6929969854648474
112570,0.3351320751276405
112590,0.38996978438286467
112594,0.18972638755714347
112598,0.33771912840445256
112599,0.544031592887664
112601,0.3563551328480467
112612,0.2843489799126499
112624,0.5510103636945511
112629,0.32475757773336894
112632,0.37882075013241034
112634,0.9555667818419092
112642,0.4956588851591527
112647,0.3178841422486867
112651,0.6019766591808808
112665,0.825955880513438
112677,0.6836902547476545
112680,0.3099704001656182
112684,0.40849318363546755
112686,0.07266452394439885
112687,0.6005429790460701
112692,0.5749593526034921
112704,0.7864075393901282
112707,0.5788246923448596
112716,0.7398433689462355
112723,0.19129248408458058
112729,0.4806461100641061
112733,0.09739581288850072
112738,0.6072768719381595
112744,0.5761853813525818
112745,0.22100971271647848
112751,0.9198859101565788
112759,0.7783154922435753
112762,0.8514562897219079
112771,0.20061832926481846
112780,0.4394816858295901
112781,0.16646491397787644
112788,0.5725629783119712
112795,0.7578787910915469
112796,0.4598927086098149
112809,0.5464002888783405
112811,0.7873047056630008
112815,0.6008537204490101
112831,0.554508317650279
112834,0.6911411723084927
112836,0.8697560080955816
112839,0.6791464674574991
112842,0.3894169013577582
112846,0.21642875874840403
112852,0.4351492966122194
112860,0.8483770171393752
112874,0.765933695267106
112876,0.3233755565719441
112883,0.46367126195991243
112886,0.222881573068615
112890,0.8077216956452066
112896,0.7026970078698497
112904,0.44029521299932445
112909,0.39360904191215956
112912,0.3860423300225042
112914,0.37322388770665493
112915,0.5650726869335652
112916,0.6035372866721254
112924,0.44825948638630975
112928,0.6777440846034304
112931,0.6869273928219081
112942,0.4958543256445789
112958,0.8250773089278695
112959,0.5018720724365527
112973,0.7862917513278423
112980,0.1453551786341191
112986,0.6462177491563947
112995,0.41634678246409296
113002,0.21859646313117975
113003,0.6093446463814316
113004,0.6378656114409771
113006,0.0942097139058378
113008,0.7179443538426005
113015,0.19483827543168203
113019,0.6241848057448623
113020,0.7838898304244343
113023,0.6085741798183997
113032,0.5407899623126946
113033,0.25075829284808254
113038,0.27519722361816695
113051,0.5245695610100777
113056,0.9137940948174592
113058,0.2551316374631538
113064,0.4177452204140181
113081,0.9451503966358298
113095,0.5469000390947648
113099,0.4478475815603947
113100,0.33575947102425613
113102,0.47630210226536374
113105,0.8684761683561388
113111,0.9874160203164392
113114,0.40290257017680314
113120,0.714037189528375
113124,0.8644115231153101
113128,0.4782463770120033
113141,0.8469407351106392
113153,0.46660046656457976
113156,0.8467752989432111
113164,0.568624740515547
113176,0.7261490605949646
113185,0.568353423070391
113187,0.24288884265477667
113199,0.3087741062775711
113203,0.08452477898642854
113208,0.4629404305520002
113212,0.6419291327418732
113230,0.4048809962790935
113238,0.5403645416054411
113239,0.16300691999537573
113257,0.3385694299932811
113258,0.48302234806314887
113260,0.8003447159578793
113265,0.6360829090384291
113266,0.22549746056193465
113269,0.5630656389712339
113284,0.5746930381390133
113298,0.4256164280326815
113305,0.6918347244450254
113313,0.5326584312755971
113316,0.4495700687377273
113331,0.41781390068443175
113338,0.4148301702520064
113346,0.3295337836147891
113358,0.22127842188567856
113362,0.219702447655936
113363,0.7713831413688695
113366,0.6769466365344315
113367,0.6934057877720395
113387,0.7085221075909505
113390,0.9343542132253958
113396,0.21858420546089682
113406,0.9480661225700494
113412,0.21817392827594276
113418,0.8916961796586781
113425,0.5393618037010652
113429,0.6829683719045162
113433,0.8173050256642049
113434,0.8358720293155035
113436,0.2728896168339561
113443,0.4768077839000208
113444,0.7150375775307511
113445,0.34444236707976683
113446,0.8662322489433958
113453,0.3995194559179594
113457,0.5566769283688983
113462,0.3782815056920795
113466,0.850095410066215
113472,0.6751704519926514
113475,0.8275766383582165
113482,0.7912042005650851
113487,0.5172701367337464
113495,0.6365129416160291
113496,0.3375063756005568
113501,0.6097880536901295
113503,0.3550574547965736
113509,0.6165125583365778
113516,0.3642700894741982
113520,0.8529981510619667
113531,0.27893496996143186
113537,0.2722133564141604
113540,0.4393391608387728
113553,0.8435861610677027
113555,0.4499320358358004
113567,0.8646068313391237
113573,0.061084419314704895
113577,0.5002296744224941
113584,0.8141315745112524
113598,0.7936752239125489
113625,0.48034984614949594
113631,0.13167228607801665
113632,0.5186656147223918
113637,0.262831636116638
113655,0.18176364264793177
113668,0.7700414162647874
113672,0.1890703451396945
113673,0.10954409286110611
113676,0.9465799987234241
113679,0.09948423676312508
113681,0.9548874913594191
113688,0.6296480747468743
113691,0.46372349328171614
113693,0.8163978206321327
113700,0.4967322538411357
113702,0.14936826326447267
113704,0.449931900330203
113722,0.5617066458468704
113727,0.42816635457999813
113730,0.7147199349818029
113733,0.2659600130491786
113739,0.3073517298595577
113740,0.9066244610181081
113746,0.5191048176515222
113749,0.23878990402088454
113762,0.19327744366205996
113766,0.19491312243444464
113776,0.8632858712917677
113779,0.41910358961530464
113781,0.6990789543304358
113784,0.8561253805200861
113794,0.8190691273685502
113796,0.8139099362936235
113798,0.10667383633618308
113799,0.4234215593376364
113820,0.49279089347562577
113829,0.7388214260130689
113831,0.599828892817754
113841,0.46061258739541866
113863,0.5772863316344534
113874,0.42082851301745394
113877,0.192672098478997
113878,0.29823999576821003
113883,0.4608302489855451
113896,0.3153926569546737
113898,0.2277057928762036
113909,0.9224354266990228
113915,0.5141523363443371
113917,0.5142203496296024
113923,0.4224226414532722
113928,0.5211114364156205
113931,0.6971530228283492
113939,0.8594016606205228
113945,0.3216388449009886
113955,0.5783125801748984
113957,0.3618038671693733
113979,0.31170424779233885
113981,0.6502952461711388
113988,0.7292053867856786
113994,0.32620231670595967
113998,0.40658659822269694
113999,0.6886055716703586
114001,0.567736367285264
114003,0.6703319270331464
114012,0.5572046584936752
114019,0.5030626837913531
114024,0.448996185165463
114031,0.30797839249701003
114069,0.31395153896334216
114072,0.8501332060988324
114082,0.6837739816444642
114087,0.5198593929641193
114092,0.36337732255190164
114096,0.47189477768501875
114103,0.5170542292224761
114110,0.7656264323539411
114111,0.7011790424411756
114113,0.9383179992655423
114119,0.26619285377357327
114123,0.327179561207936
114139,0.5076958508380509
114141,0.7236187745737189
114144,0.5980420072739425
114145,0.7361002571739353
114149,0.3484442130440978
114151,0.2861737037743821
114155,0.5452500522912003
114165,0.8111506569802784
114168,0.6658155241079583
114171,0.46340639085967245
114183,0.14481701582522186
114188,0.6299462085104137
114192,0.8414194515620322
114195,0.5109683688002814
114202,0.47741921178993135
114209,0.3835654283103445
114211,0.8077395683546954
114217,0.7562773833026878
114232,0.3885027377540236
114236,0.4989681943299009
114238,0.6664275293185149
114242,0.5779814186981812
114247,0.2869155817042737
114285,0.25621160647146546
114286,0.4100515097309658
114314,0.5337297243813258
114327,0.48044600087431133
114330,0.4097855216045044
114337,0.33596101315037846
114348,0.17252466724878615
114349,0.5957882288748426
114361,0.3201568025671016
114369,0.7187457528204165
114377,0.629764554680809
114378,0.233833145387211
114393,0.6290446358232524
114398,0.4251021509424678
